Locations,1,2,3,4,5,6,7,8,9,10,11,12,13,14,15,16,17,18,19,20,21,22,23,24,25,26,27,28,29,30,31,32,33,34,35,36,37,38,39,40,41,42,43,44,45,46,47,48,49,50,51,52,53,54,55,56,57,58,59,60,61,62,63,64,65,66,67,68,69,70,71,72,73,74,75,76,77,78,79,80,81,82,83,84,85,86,87,88,89,90,91,92,93,94,95,96,97,98,99,100,101,102,103,104,105,106,107,108,109,110,111,112,113,114,115,116,117,118,119,120,121,122,123,124,125,126,127,128,129,130,131
1,0,4,8,4,10,7,3,11,5,6,20,1,4,5,4,8,12,21,4,2,9,6,1,2,17,4,1,2,16,6,4,41,9,3,4,12,8,8,18,9,1,9,12,4,20,10,17,8,6,8,20,4,4,22,7,4,6,1,4,4,1,13,4,8,18,6,8,9,4,16,10,5,4,12,4,7,42,6,2,8,11,10,9,1,9,4,7,8,5,3,6,8,17,9,6,40,6,4,1,16,11,20,10,8,6,5,34,25,8,13,20,8,20,8,6,9,8,10,19,4,8,27,4,19,9,11,10,3,6,2,5
2,4,0,12,8,6,9,6,8,2,7,25,3,1,2,4,6,10,24,1,6,11,9,4,6,14,1,3,6,14,10,1,42,6,1,2,9,11,6,14,6,3,12,8,1,23,7,14,11,2,12,23,1,8,20,11,1,3,4,1,1,4,11,1,11,14,10,10,12,1,13,7,2,1,9,7,11,43,3,4,12,14,7,6,3,10,4,10,10,6,1,2,11,14,7,2,40,2,1,4,14,8,22,7,10,10,2,32,29,11,10,24,10,24,6,6,6,11,7,17,1,11,24,1,22,6,14,8,6,3,2,8
3,8,12,0,5,18,4,7,8,14,5,14,9,12,14,8,12,10,14,12,6,2,3,8,7,26,12,9,7,12,6,13,45,16,11,12,8,5,7,26,14,9,2,12,13,11,14,26,15,13,4,24,13,5,18,5,12,15,8,12,12,9,23,13,7,26,6,4,5,12,13,13,14,12,8,6,5,31,15,10,2,6,18,15,9,5,8,10,5,6,12,13,2,25,6,14,38,14,12,9,12,8,14,12,5,3,14,29,18,4,12,13,4,14,11,6,17,15,18,15,12,4,23,12,11,17,3,14,7,11,11,8
4,4,8,5,0,14,2,2,9,9,5,16,5,8,9,4,7,11,16,8,4,4,4,4,4,20,8,5,2,15,4,8,41,13,7,9,11,7,7,22,10,5,4,10,8,16,9,22,11,10,6,22,8,1,20,3,8,10,4,8,7,4,18,8,5,21,4,6,5,8,15,9,9,8,10,1,4,37,11,6,5,8,14,11,5,8,4,8,7,4,7,10,4,21,9,10,40,10,8,4,14,9,16,8,4,2,10,33,20,6,11,17,4,16,7,5,12,11,14,18,8,4,26,8,15,14,7,9,3,7,6,5
5,10,6,18,14,0,16,12,12,5,14,29,9,6,5,11,8,8,29,6,12,18,14,10,12,8,7,9,12,11,16,6,45,1,7,6,11,17,12,8,4,9,17,6,6,30,5,8,13,5,16,26,6,14,26,17,6,4,10,6,6,9,4,6,17,8,16,15,18,6,11,5,5,6,10,12,16,48,4,8,18,20,1,4,10,16,10,16,16,12,7,4,17,8,12,4,38,4,6,10,18,10,30,6,18,15,5,28,33,18,8,31,16,31,8,12,1,14,1,15,6,18,21,6,28,1,20,6,12,7,8,14
6,7,9,4,2,16,0,5,11,11,7,18,7,9,11,5,10,12,17,10,4,5,6,6,4,22,10,7,5,16,3,10,41,15,10,10,12,8,8,24,12,7,5,11,10,14,12,23,12,12,8,21,10,3,21,1,9,12,6,10,9,6,19,11,4,22,3,8,2,10,15,12,11,10,12,3,1,33,12,8,5,10,16,12,7,10,6,6,8,5,9,12,3,23,10,11,42,12,10,6,16,11,18,10,1,2,12,36,19,8,13,14,2,18,9,6,15,13,15,19,10,2,26,10,13,15,5,11,5,9,8,4
7,3,6,7,2,12,5,0,8,7,4,19,3,6,7,2,6,10,18,6,5,6,4,2,5,20,6,3,2,13,5,6,44,10,5,7,9,6,6,19,8,3,6,9,6,18,8,20,10,7,6,23,6,2,19,5,6,8,4,6,5,3,16,6,6,19,6,5,7,6,14,7,7,6,10,2,6,38,8,4,6,9,12,9,3,7,2,9,6,2,5,8,6,18,8,8,40,8,6,2,13,9,18,8,5,4,7,33,22,6,10,18,5,18,6,4,11,11,12,16,6,6,24,6,16,10,9,8,1,5,4,7
8,11,8,8,9,12,11,8,0,8,5,18,10,9,7,8,5,5,19,8,13,7,6,10,13,20,8,11,10,6,14,7,50,10,9,8,1,6,3,20,8,10,7,6,8,18,7,20,18,7,6,31,8,9,16,12,8,8,12,8,8,11,15,8,14,19,13,4,12,8,6,7,8,8,2,9,12,37,8,12,7,9,12,8,10,5,8,17,5,6,9,10,8,20,2,8,31,10,8,10,6,2,19,5,12,9,8,23,23,6,6,20,11,19,4,5,10,20,11,9,8,10,17,9,17,11,11,7,8,5,10,14
9,5,2,14,9,5,11,7,8,0,9,24,4,2,1,6,6,10,24,2,8,13,10,6,7,12,2,5,7,12,12,1,45,4,2,1,8,12,7,13,6,4,14,8,1,24,7,13,11,1,12,24,1,9,22,12,2,2,6,2,2,5,8,1,12,12,12,11,14,2,12,6,1,2,9,8,12,45,2,5,14,16,5,6,5,12,6,12,11,7,3,3,13,12,7,1,38,3,2,6,14,7,25,7,12,10,1,30,29,13,10,25,13,25,5,8,4,11,5,16,2,13,22,2,24,4,16,7,7,3,4,9
10,6,7,5,5,14,7,4,5,9,0,17,6,7,8,3,6,6,16,7,8,5,2,6,8,22,7,7,6,10,10,7,46,12,6,8,6,4,2,20,9,6,5,7,7,16,8,21,14,9,4,29,8,5,15,8,7,10,7,7,6,7,18,8,10,20,9,3,7,7,10,9,9,7,6,5,8,36,10,8,5,7,13,10,6,4,3,12,4,2,6,9,4,20,4,9,36,9,8,6,10,5,16,7,8,4,9,27,22,5,7,17,8,18,6,1,12,14,12,14,7,6,20,7,16,12,8,8,4,6,5,11
11,20,25,14,16,29,18,19,18,24,17,0,22,24,26,20,23,23,1,23,19,13,15,19,19,38,23,20,19,19,20,24,55,30,23,25,19,13,19,37,25,20,13,24,25,16,25,38,26,26,13,40,25,17,4,18,23,27,19,25,24,20,34,25,21,38,20,15,18,25,24,24,26,24,21,17,19,24,27,22,13,10,29,27,21,15,20,23,14,18,22,26,16,37,19,24,46,26,24,20,14,21,1,24,19,16,25,30,11,13,24,25,18,1,23,17,29,26,29,26,24,17,26,23,20,28,17,25,18,23,22,22
12,1,3,9,5,9,7,3,10,4,6,22,0,3,4,3,8,12,20,3,3,9,6,2,3,16,3,1,3,15,7,4,39,8,2,4,11,8,8,16,8,1,10,11,4,20,10,17,8,5,9,22,4,5,21,8,3,6,2,3,3,1,14,4,8,16,7,8,10,3,15,10,5,3,12,4,8,40,6,2,9,12,10,9,1,8,4,8,8,4,2,5,8,16,10,5,41,5,4,1,16,10,20,10,8,7,5,33,25,8,12,22,8,21,8,6,8,8,9,20,3,8,26,3,19,9,12,10,3,6,2,5
13,4,1,12,8,6,9,6,9,2,7,24,3,0,2,4,6,10,23,1,6,12,10,4,6,14,1,3,6,14,10,1,41,6,1,2,9,11,6,14,6,3,12,9,1,24,7,14,10,2,12,24,1,8,21,10,1,3,5,1,1,4,11,1,11,14,10,10,12,1,13,8,2,1,10,7,10,43,3,4,12,14,7,7,3,10,4,10,10,6,1,2,11,14,7,2,40,2,1,4,14,8,23,7,11,9,2,33,28,11,10,23,11,25,6,7,6,10,6,17,1,11,25,1,23,6,15,8,5,4,2,8
14,5,2,14,9,5,11,7,7,1,8,26,4,2,0,6,5,10,24,2,7,13,10,5,7,12,2,4,6,12,11,1,43,4,2,1,8,12,7,12,6,4,13,8,1,24,7,12,12,1,13,25,1,8,21,12,2,2,6,2,2,5,10,1,12,12,11,11,14,2,13,6,1,2,9,8,12,45,2,5,13,15,6,6,4,11,5,11,12,7,2,2,12,12,7,1,40,2,1,5,14,8,24,7,12,10,1,30,31,12,10,25,12,26,5,8,4,11,5,16,2,12,22,2,24,5,15,8,6,3,3,9
15,4,4,8,4,11,5,2,8,6,3,20,3,4,6,0,5,9,19,4,6,8,5,3,6,18,4,3,3,13,6,5,42,10,4,5,8,6,5,19,7,3,8,8,6,19,6,18,11,6,7,24,6,3,19,6,4,8,4,5,4,4,14,5,7,19,6,5,8,5,13,6,6,5,9,3,6,39,8,5,8,10,11,8,3,6,1,10,6,2,4,7,6,19,6,6,37,6,5,3,13,8,20,7,6,5,6,30,24,7,9,20,6,20,5,3,10,12,10,16,4,7,24,5,18,10,10,7,1,4,3,8
16,8,6,12,7,8,10,6,5,6,6,23,8,6,5,5,0,4,23,6,11,11,8,8,10,14,6,8,8,8,11,6,50,6,7,6,4,10,5,16,4,8,11,3,5,23,3,14,16,6,10,30,6,7,20,10,6,5,9,6,6,9,12,6,11,15,11,8,11,6,8,3,5,6,4,7,10,42,5,10,11,13,8,4,8,9,5,15,10,5,7,8,10,14,5,5,33,8,6,8,10,3,22,2,10,8,5,27,29,10,4,23,10,24,1,6,6,17,7,12,5,10,18,6,22,6,14,3,6,3,7,12
17,12,10,10,11,8,12,10,5,10,6,23,12,10,10,9,4,0,22,10,15,11,8,12,14,15,9,13,12,4,14,9,50,8,11,10,4,10,5,15,4,12,11,2,10,22,3,16,20,9,10,32,9,10,20,14,10,9,13,10,10,12,11,10,16,14,15,8,13,10,4,3,9,10,3,10,14,43,9,14,10,12,8,5,12,9,9,19,9,8,10,12,10,14,5,9,29,12,10,12,9,3,23,3,14,10,10,21,27,10,2,24,13,23,5,7,8,21,8,7,10,12,15,10,22,8,14,3,10,7,12,16
18,21,24,14,16,29,17,18,19,24,16,1,20,23,24,19,23,22,0,23,19,13,14,20,19,38,23,21,18,18,20,24,58,29,22,25,20,12,18,36,26,20,14,24,23,16,25,38,26,26,12,39,24,16,4,18,22,27,19,24,23,21,33,24,21,38,21,14,19,23,24,26,26,23,18,16,18,24,25,21,12,10,30,27,21,13,20,24,14,19,22,24,16,37,17,24,48,26,24,20,13,19,1,22,18,16,24,29,10,12,23,23,19,1,23,17,27,26,29,26,22,18,28,24,20,28,18,26,19,23,21,22
19,4,1,12,8,6,10,6,8,2,7,23,3,1,2,4,6,10,23,0,6,12,9,4,6,14,1,3,6,13,10,1,44,6,2,1,8,11,6,14,6,3,12,8,1,24,7,14,11,2,11,25,1,8,21,10,1,3,4,1,1,4,11,1,11,14,10,9,12,1,13,7,2,1,9,7,10,45,3,5,12,14,6,6,3,10,4,10,10,6,2,2,11,14,7,2,40,2,1,4,13,8,23,7,10,9,2,30,27,11,10,24,11,24,5,6,6,11,7,16,1,11,24,1,22,6,14,7,6,3,2,8
20,2,6,6,4,12,4,5,13,8,8,19,3,6,7,6,11,15,19,6,0,7,8,3,1,19,6,3,3,18,4,6,37,11,5,6,13,10,10,20,11,3,7,13,6,18,12,20,9,8,9,20,6,4,23,5,6,9,2,6,6,2,16,6,6,20,4,10,7,6,18,12,8,6,14,4,5,37,9,4,7,11,12,11,3,11,6,5,10,7,5,8,6,20,11,7,42,8,6,3,18,13,19,12,5,4,7,37,22,10,14,19,5,19,10,8,11,9,12,21,6,6,29,6,17,11,9,12,5,8,4,2
21,9,11,2,4,18,5,6,7,13,5,13,9,12,13,8,11,11,13,12,7,0,3,8,7,26,12,10,7,11,8,12,47,17,11,12,8,4,6,24,15,9,1,12,13,11,14,24,14,14,3,25,12,5,16,6,12,14,8,12,12,8,22,13,8,27,8,3,6,12,12,13,14,12,8,6,6,32,15,10,1,5,18,16,9,4,8,12,4,6,12,14,3,24,6,14,37,13,12,8,12,8,13,12,6,3,14,29,17,3,12,12,6,12,11,6,17,15,17,15,12,4,22,12,10,18,4,14,7,11,10,9
22,6,9,3,4,14,6,4,6,10,2,15,6,10,10,5,8,8,14,9,8,3,0,5,8,24,9,6,5,11,8,10,46,14,8,10,6,3,4,24,11,6,3,9,10,14,11,22,14,11,2,26,10,4,16,7,9,12,6,9,9,6,18,10,9,22,8,2,7,10,11,11,11,9,6,4,7,33,12,7,3,5,16,12,6,4,5,12,3,4,8,12,4,22,4,11,38,12,10,6,10,5,14,9,6,4,10,30,21,2,10,16,6,16,8,3,14,13,14,14,9,5,21,9,13,14,6,11,4,8,7,10
23,1,4,8,4,10,6,2,10,6,6,19,2,4,5,3,8,12,20,4,3,8,5,0,3,17,4,1,2,15,6,5,42,9,3,5,11,8,8,17,8,1,8,11,5,20,9,18,9,6,8,22,5,4,20,7,4,7,2,4,4,1,14,4,7,18,6,7,8,4,15,10,6,4,11,3,7,40,7,2,8,10,10,9,1,8,3,7,8,4,4,6,7,18,9,6,42,6,4,1,16,10,20,10,7,6,6,32,26,8,12,21,7,21,8,6,10,9,10,18,4,7,26,4,18,9,11,10,2,6,2,4
24,2,6,7,4,12,4,5,13,7,8,19,3,6,7,6,10,14,19,6,1,7,8,3,0,20,6,3,3,18,4,6,36,10,5,7,14,10,10,19,11,3,7,13,6,18,12,19,8,8,10,19,7,4,23,5,5,8,2,6,6,2,16,6,6,19,4,10,7,6,18,12,8,6,14,4,5,38,8,4,7,12,12,11,3,11,6,5,10,7,5,8,6,20,12,7,44,8,6,3,17,12,20,12,5,4,7,35,23,10,15,18,6,19,10,8,12,8,11,21,6,6,29,6,18,11,9,12,5,8,4,3
25,17,14,26,20,8,22,20,20,12,22,38,16,14,12,18,14,15,38,14,19,26,24,17,20,0,14,16,19,18,24,14,50,9,15,13,18,25,20,1,12,16,26,14,14,36,12,1,16,13,24,29,13,20,35,24,14,11,18,13,14,17,4,14,25,1,23,24,24,14,14,12,12,14,18,20,25,55,11,15,24,27,8,10,16,24,17,22,24,18,15,12,24,1,19,12,35,12,14,18,25,18,38,14,25,23,13,27,41,25,13,39,24,36,15,20,8,16,8,12,15,23,18,13,34,8,28,12,19,15,15,22
26,4,1,12,8,7,10,6,8,2,7,23,3,1,2,4,6,9,23,1,6,12,9,4,6,14,0,3,5,14,9,1,45,6,2,2,8,11,6,15,6,3,12,8,1,22,7,14,11,2,11,25,1,8,21,10,1,3,4,1,1,4,10,1,10,14,9,10,12,1,12,7,2,1,9,7,10,43,3,5,11,13,7,6,3,10,4,10,10,6,2,2,11,14,7,2,39,2,1,4,13,8,22,7,10,10,2,32,27,11,9,24,11,24,5,6,6,11,7,16,1,11,24,1,22,6,14,8,5,3,2,8
27,1,3,9,5,9,7,3,11,5,7,20,1,3,4,3,8,13,21,3,3,10,6,1,3,16,3,0,3,16,7,4,42,8,2,4,12,8,8,18,9,1,9,11,4,21,9,18,9,5,8,21,4,5,20,8,3,6,2,3,3,1,14,4,8,16,7,7,10,3,15,9,4,4,11,4,8,40,6,2,9,12,10,8,1,9,4,7,8,5,2,5,8,16,10,5,42,5,4,1,17,10,20,10,8,7,5,35,25,8,12,22,8,21,8,6,8,9,10,19,4,8,26,3,19,8,11,10,3,6,2,5
28,2,6,7,2,12,5,2,10,7,6,19,3,6,6,3,8,12,18,6,3,7,5,2,3,19,5,3,0,14,4,6,42,10,5,6,11,7,7,19,8,3,7,11,6,17,9,20,9,7,7,23,6,2,20,6,5,8,2,6,6,2,15,6,6,19,5,7,7,6,15,9,7,6,11,2,6,36,8,4,6,9,12,9,3,8,3,8,8,4,5,8,6,19,9,7,41,7,6,2,15,10,19,9,5,4,7,33,24,7,11,19,6,20,8,6,11,9,12,19,6,6,26,6,18,11,9,10,2,5,4,5
29,16,14,12,15,11,16,13,6,12,10,19,15,14,12,13,8,4,18,13,18,11,11,15,18,18,14,16,14,0,19,12,54,12,13,13,4,8,8,18,8,15,11,5,13,19,7,19,24,12,8,38,13,14,16,16,13,12,17,14,13,15,15,13,18,19,18,9,17,13,5,6,13,13,4,14,17,39,13,16,12,9,11,8,16,7,13,22,8,11,14,15,14,19,6,12,28,14,13,15,6,6,18,6,16,14,12,19,24,8,5,22,16,20,8,10,11,25,11,8,12,16,11,13,18,11,15,6,13,10,14,20
30,6,10,6,4,16,3,5,14,12,10,20,7,10,11,6,11,14,20,10,4,8,8,6,4,24,9,7,4,19,0,10,39,15,10,10,14,11,10,23,12,7,8,14,11,14,12,22,12,11,10,19,11,4,24,2,10,13,6,10,10,6,21,10,2,24,1,10,3,10,18,13,11,10,15,5,2,32,12,8,8,12,16,14,7,12,7,4,10,8,9,12,5,23,13,12,42,12,10,6,19,14,20,12,2,5,12,38,20,10,15,15,2,20,11,9,15,12,16,22,10,3,29,10,13,16,5,13,6,9,8,2
31,4,1,13,8,6,10,6,7,1,7,24,4,1,1,5,6,9,24,1,6,12,10,5,6,14,1,4,6,12,10,0,44,5,2,1,9,12,6,14,6,4,13,8,1,24,7,14,12,1,11,24,1,8,20,11,1,2,5,1,1,4,10,1,12,13,10,10,13,1,13,6,1,1,9,8,12,42,2,5,12,15,6,6,4,11,5,11,11,6,2,3,12,14,7,2,38,3,1,5,13,7,24,6,12,10,1,30,29,11,9,26,12,26,5,8,5,11,6,16,1,12,24,1,23,5,15,7,6,3,3,9
32,41,42,45,41,45,41,44,50,45,46,55,39,41,43,42,50,50,58,44,37,47,46,42,36,50,45,42,42,54,39,44,0,46,44,41,53,47,50,50,49,40,46,52,44,41,50,48,31,45,49,20,44,40,62,38,43,43,40,42,44,42,47,44,37,47,38,48,39,44,56,52,42,41,54,42,40,34,44,38,45,48,43,47,40,47,44,35,50,46,42,40,41,46,50,42,84,43,42,42,57,50,60,51,38,44,46,76,46,48,53,33,38,57,47,47,43,32,46,57,43,40,66,43,39,46,43,52,43,44,39,38
33,9,6,16,13,1,15,10,10,4,12,30,8,6,4,10,6,8,29,6,11,17,14,9,10,9,6,8,10,12,15,5,46,0,6,4,10,16,10,8,4,8,17,6,5,27,5,9,13,4,16,26,5,12,26,16,6,3,10,5,6,9,5,5,16,9,14,14,17,6,11,5,4,6,9,12,16,50,3,8,17,19,2,4,8,16,9,15,16,11,6,4,16,9,11,4,38,4,5,9,16,9,29,6,15,15,4,30,34,17,8,28,15,30,6,12,1,13,1,14,6,16,23,5,27,1,20,6,11,6,7,13
34,3,1,11,7,7,10,5,9,2,6,23,2,1,2,4,7,11,22,2,5,11,8,3,5,15,2,2,5,13,10,2,44,6,0,2,10,10,6,14,7,2,11,10,2,21,8,15,10,3,11,23,2,7,19,10,1,4,4,1,1,3,11,2,11,14,10,9,12,2,14,8,3,1,10,6,10,44,4,4,12,14,7,7,2,10,4,9,10,5,1,3,10,14,8,3,41,3,2,4,14,8,22,8,10,8,3,34,28,11,11,22,10,24,6,6,6,10,7,17,2,10,24,1,21,6,14,9,4,4,1,8
35,4,2,12,9,6,10,7,8,1,8,25,4,2,1,5,6,10,25,1,6,12,10,5,7,13,2,4,6,13,10,1,41,4,2,0,9,12,7,13,6,4,13,8,1,25,8,13,10,1,12,24,1,8,21,12,2,2,5,1,2,5,10,1,12,14,11,11,12,2,13,8,1,1,9,8,12,45,2,4,13,15,6,7,4,11,6,11,11,7,2,2,12,12,7,1,40,2,1,5,14,8,24,8,12,11,1,32,30,12,10,24,12,26,6,8,4,12,5,16,2,12,24,1,24,5,15,8,6,3,3,9
36,12,9,8,11,11,12,9,1,8,6,19,11,9,8,8,4,4,20,8,13,8,6,11,14,18,8,12,11,4,14,9,53,10,10,9,0,7,4,19,7,12,8,5,9,20,6,19,19,8,7,33,9,10,16,13,9,8,13,10,9,12,14,9,16,19,14,5,12,9,5,6,8,9,1,10,12,39,9,13,8,9,10,8,12,6,8,18,6,7,10,11,10,18,2,8,30,11,10,11,6,1,19,4,12,10,8,23,24,7,5,21,12,19,4,6,10,20,10,8,8,11,16,10,17,10,11,6,9,6,10,15
37,8,11,5,7,17,8,6,6,12,4,13,8,11,12,6,10,10,12,11,10,4,3,8,10,25,11,8,7,8,11,12,47,16,10,12,7,0,6,26,13,8,4,11,12,13,12,25,16,12,1,30,12,6,14,10,10,13,9,11,11,8,20,12,11,25,11,2,9,10,11,12,13,11,7,6,9,33,14,9,4,3,16,14,8,1,7,14,1,5,10,13,6,24,6,13,35,12,11,8,8,7,12,10,9,6,12,25,18,1,11,14,9,14,10,4,16,16,17,15,11,8,18,11,12,17,8,13,6,10,9,12
38,8,6,7,7,12,8,6,3,7,2,19,8,6,7,5,5,5,18,6,10,6,4,8,10,20,6,8,7,8,10,6,50,10,6,7,4,6,0,19,8,8,7,6,6,18,8,19,16,7,6,30,6,7,16,9,6,9,9,6,5,8,16,6,12,19,11,4,9,6,8,8,7,6,4,6,10,40,9,9,7,9,12,9,8,5,4,15,5,4,6,8,6,20,2,7,33,8,6,8,9,3,18,6,9,6,7,26,23,6,6,19,9,19,4,2,11,16,11,12,6,8,19,6,18,11,10,7,6,5,7,12
39,18,14,26,22,8,24,19,20,13,20,37,16,14,12,19,16,15,36,14,20,24,24,17,19,1,15,18,19,18,23,14,50,8,14,13,19,26,19,0,12,18,25,13,13,36,12,1,16,13,24,29,13,22,35,23,14,11,19,14,14,17,4,14,26,1,24,23,27,14,14,12,12,14,18,20,24,59,11,16,26,28,8,11,16,23,18,24,24,19,15,12,25,1,20,12,35,12,14,18,24,18,36,14,23,23,13,27,42,24,13,37,24,36,15,21,9,16,8,12,14,26,19,14,36,9,29,12,19,14,15,22
40,9,6,14,10,4,12,8,8,6,9,25,8,6,6,7,4,4,26,6,11,15,11,8,11,12,6,9,8,8,12,6,49,4,7,6,7,13,8,12,0,8,14,3,6,25,1,12,18,6,14,29,6,10,22,13,6,6,10,6,6,9,8,6,14,12,12,12,14,6,8,1,5,6,6,9,13,46,5,10,15,16,4,2,9,13,6,16,12,8,7,8,14,12,8,5,34,8,6,9,12,6,26,3,13,11,5,26,32,14,4,27,13,26,4,9,4,17,4,11,6,14,18,6,24,4,16,2,8,3,8,13
41,1,3,9,5,9,7,3,10,4,6,20,1,3,4,3,8,12,20,3,3,9,6,1,3,16,3,1,3,15,7,4,40,8,2,4,12,8,8,18,8,0,9,10,4,20,10,17,9,5,9,22,4,4,20,8,3,6,2,3,3,1,13,4,8,18,7,7,9,3,14,9,5,3,11,4,8,42,6,2,9,11,9,8,1,8,3,7,8,4,2,5,8,17,9,5,39,5,3,1,15,10,21,9,8,6,5,35,27,8,12,21,8,21,7,6,8,9,9,18,3,8,25,3,18,8,12,10,3,5,2,5
42,9,12,2,4,17,5,6,7,14,5,13,10,12,13,8,11,11,14,12,7,1,3,8,7,26,12,9,7,11,8,13,46,17,11,13,8,4,7,25,14,9,0,12,12,11,14,25,15,14,3,25,13,5,17,6,12,14,8,12,11,8,23,12,8,25,7,3,6,12,12,13,14,12,8,5,6,32,14,10,1,5,18,15,9,4,8,11,4,6,11,13,3,26,6,13,37,14,13,9,12,8,13,12,6,4,13,30,16,3,12,13,6,12,10,6,17,14,18,14,12,4,22,12,10,18,5,14,7,11,10,9
43,12,8,12,10,6,11,9,6,8,7,24,11,9,8,8,3,2,24,8,13,12,9,11,13,14,8,11,11,5,14,8,52,6,10,8,5,11,6,13,3,10,12,0,8,24,2,14,19,8,11,33,8,10,21,12,8,8,12,9,9,11,11,9,15,14,14,10,12,8,5,2,8,8,4,10,12,42,8,12,12,14,6,4,11,10,8,17,10,7,10,10,10,14,6,8,30,10,9,11,11,4,23,2,12,9,8,24,30,12,2,24,12,25,4,7,6,19,6,9,8,11,16,9,23,7,15,2,8,6,10,15
44,4,1,13,8,6,10,6,8,1,7,25,4,1,1,6,5,10,23,1,6,13,10,5,6,14,1,4,6,13,11,1,44,5,2,1,9,12,6,13,6,4,12,8,0,23,7,14,12,1,12,26,1,8,21,11,1,2,5,1,1,4,10,1,12,14,10,10,12,1,13,7,1,1,9,8,11,43,2,5,12,14,6,6,4,11,5,10,11,6,2,3,12,14,7,2,37,3,1,5,13,8,23,7,11,10,1,30,30,12,10,24,12,24,5,7,5,11,6,17,1,12,24,1,23,5,15,7,6,3,2,9
45,20,23,11,16,30,14,18,18,24,16,16,20,24,24,19,23,22,16,24,18,11,14,20,18,36,22,21,17,19,14,24,41,27,21,25,20,13,18,36,25,20,11,24,23,0,25,35,26,24,12,22,24,16,22,13,23,26,18,23,22,20,34,24,12,36,13,14,11,24,24,24,25,24,19,17,13,22,25,20,11,9,29,26,21,14,19,13,14,17,23,25,13,35,17,24,49,26,23,20,16,19,17,24,12,14,26,33,7,12,23,7,13,17,22,16,28,26,30,25,24,12,25,23,3,28,8,24,18,23,22,16
46,10,7,14,9,5,12,8,7,7,8,25,10,7,7,6,3,3,25,7,12,14,11,9,12,12,7,9,9,7,12,7,50,5,8,8,6,12,8,12,1,10,14,2,7,25,0,12,18,6,12,30,6,9,22,12,7,6,10,8,7,10,8,7,13,12,13,11,14,7,7,1,7,7,6,9,12,44,6,11,13,15,5,2,9,12,6,16,12,7,8,9,12,12,7,6,32,8,8,9,12,6,25,2,13,11,6,24,29,13,3,25,13,26,3,8,5,18,5,10,6,13,16,8,25,6,17,1,7,4,8,13
47,17,14,26,22,8,23,20,20,13,21,38,17,14,12,18,14,16,38,14,20,24,22,18,19,1,14,18,20,19,22,14,48,9,15,13,19,25,19,1,12,17,25,14,14,35,12,0,17,13,26,30,13,21,34,25,15,12,19,14,14,17,4,13,24,1,25,23,26,14,14,13,13,14,18,21,24,55,12,16,26,28,8,11,16,25,18,23,24,19,15,13,26,1,19,13,34,12,13,18,25,18,37,14,25,23,13,26,41,26,14,37,24,38,16,21,9,17,8,12,14,24,19,14,36,9,28,13,19,16,16,22
48,8,11,15,11,13,12,10,18,11,14,26,8,10,12,11,16,20,26,11,9,14,14,9,8,16,11,9,9,24,12,12,31,13,10,10,19,16,16,16,18,9,15,19,12,26,18,17,0,12,16,14,11,10,29,13,11,11,7,11,11,8,15,11,14,16,12,15,14,11,24,18,11,11,20,10,14,44,12,7,15,17,13,17,9,16,12,12,16,13,10,9,14,16,17,11,49,9,11,9,24,20,26,18,14,12,11,41,30,16,20,28,14,28,17,14,12,1,13,26,12,14,36,10,25,13,18,18,12,14,9,10
49,6,2,13,10,5,12,7,7,1,9,26,5,2,1,6,6,9,26,2,8,14,11,6,8,13,2,5,7,12,11,1,45,4,3,1,8,12,7,13,6,5,14,8,1,24,6,13,12,0,13,25,1,9,22,12,2,2,6,2,2,6,9,2,12,12,11,11,13,2,13,6,1,2,8,9,12,44,2,5,14,15,5,6,5,12,6,12,11,7,3,3,13,12,8,1,38,3,2,6,12,7,25,7,12,10,1,31,29,12,9,25,12,26,5,8,4,12,5,16,2,12,24,2,25,4,16,7,7,2,4,9
50,8,12,4,6,16,8,6,6,12,4,13,9,12,13,7,10,10,12,11,9,3,2,8,10,24,11,8,7,8,10,11,49,16,11,12,7,1,6,24,14,9,3,11,12,12,12,26,16,13,0,27,12,6,14,9,11,14,8,11,11,8,20,12,11,25,10,2,8,12,12,12,13,12,8,6,8,31,14,9,3,3,17,15,8,2,7,14,2,6,10,13,6,24,6,13,36,14,12,8,9,8,12,11,8,6,12,27,18,1,12,13,8,14,10,5,17,16,16,15,11,7,19,12,11,17,7,12,6,10,10,11
51,20,23,24,22,26,21,23,31,24,29,40,22,24,25,24,30,32,39,25,20,25,26,22,19,29,25,21,23,38,19,24,20,26,23,24,33,30,30,29,29,22,25,33,26,22,30,30,14,25,27,0,25,23,41,21,24,25,21,22,25,22,28,24,18,30,19,28,20,23,37,32,25,23,34,22,21,36,25,21,26,30,25,29,22,29,24,16,30,26,24,23,23,29,32,24,64,23,24,23,37,32,39,30,21,23,24,56,27,29,33,17,20,37,30,28,25,13,28,40,26,21,46,24,18,25,22,30,24,28,22,18
52,4,1,13,8,6,10,6,8,1,8,25,4,1,1,6,6,9,24,1,6,12,10,5,7,13,1,4,6,13,11,1,44,5,2,1,9,12,6,13,6,4,13,8,1,24,6,13,11,1,12,25,0,8,20,11,1,2,5,1,1,4,10,1,11,14,10,10,13,1,12,7,1,1,8,8,11,43,2,5,12,14,6,6,4,11,5,10,11,6,2,3,12,14,6,2,38,3,1,5,14,8,25,7,12,10,1,30,28,12,10,24,12,26,5,7,5,12,6,17,1,12,24,1,22,5,16,7,6,2,3,8
53,4,8,5,1,14,3,2,9,9,5,17,5,8,8,3,7,10,16,8,4,5,4,4,4,20,8,5,2,14,4,8,40,12,7,8,10,6,7,22,10,4,5,10,8,16,9,21,10,9,6,23,8,0,20,4,7,11,4,8,8,4,18,8,5,22,4,6,5,7,14,9,9,8,10,1,4,37,10,6,5,8,13,10,4,8,4,8,7,3,6,9,4,21,8,9,42,10,8,4,15,9,16,8,4,2,9,32,22,6,11,16,4,17,6,5,12,10,14,18,8,4,26,7,15,12,8,9,2,7,6,6
54,22,20,18,20,26,21,19,16,22,15,4,21,21,21,19,20,20,4,21,23,16,16,20,23,35,21,20,20,16,24,20,62,26,19,21,16,14,16,35,22,20,17,21,21,22,22,34,29,22,14,41,20,20,0,23,20,23,22,21,20,22,29,21,25,34,24,14,23,21,22,23,21,21,17,20,22,28,22,22,17,12,26,23,21,12,18,27,13,17,20,22,20,34,14,22,44,22,21,21,10,17,4,20,23,20,22,29,14,14,21,26,22,4,20,15,26,28,27,23,21,20,24,21,24,25,21,22,19,20,20,24
55,7,11,5,3,17,1,5,12,12,8,18,8,10,12,6,10,14,18,10,5,6,7,7,5,24,10,8,6,16,2,11,38,16,10,12,13,10,9,23,13,8,6,12,11,13,12,25,13,12,9,21,11,4,23,0,10,13,6,10,11,7,21,12,2,24,2,8,2,10,16,12,12,11,13,4,1,33,14,8,6,10,17,14,8,10,7,6,9,6,10,12,4,24,11,12,45,12,11,7,17,12,19,11,1,3,12,37,18,9,13,14,1,18,9,8,15,13,17,21,11,2,28,11,12,15,4,12,5,10,9,3
56,4,1,12,8,6,9,6,8,2,7,23,3,1,2,4,6,10,22,1,6,12,9,4,5,14,1,3,5,13,10,1,43,6,1,2,9,10,6,14,6,3,12,8,1,23,7,15,11,2,11,24,1,7,20,10,0,3,4,1,1,4,10,1,11,14,10,9,12,1,13,7,2,1,10,7,10,44,3,4,12,14,7,7,3,10,4,10,10,6,1,3,11,14,7,2,39,3,1,4,14,8,24,7,11,9,2,30,27,11,10,24,10,23,5,6,6,10,6,16,1,10,25,1,21,6,14,7,5,3,2,8
57,6,3,15,10,4,12,8,8,2,10,27,6,3,2,8,5,9,27,3,9,14,12,7,8,11,3,6,8,12,13,2,43,3,4,2,8,13,9,11,6,6,14,8,2,26,6,12,11,2,14,25,2,11,23,13,3,0,7,3,3,6,8,2,13,11,13,12,15,3,12,6,2,3,8,10,13,48,1,5,14,16,4,6,6,13,7,12,13,8,4,3,14,12,8,2,37,3,3,7,14,7,27,7,14,12,2,31,31,14,9,27,14,28,5,10,3,12,4,16,3,14,22,3,24,3,18,7,8,4,5,11
58,1,4,8,4,10,6,4,12,6,7,19,2,5,6,4,9,13,19,4,2,8,6,2,2,18,4,2,2,17,6,5,40,10,4,5,13,9,9,19,10,2,8,12,5,18,10,19,7,6,8,21,5,4,22,6,4,7,0,5,4,1,14,5,7,18,6,9,8,5,17,10,6,5,12,3,7,39,7,3,8,10,11,10,2,10,4,6,9,6,4,6,6,17,11,6,41,7,5,2,17,11,19,11,6,5,6,34,25,8,13,20,6,20,9,7,10,8,10,21,4,7,28,5,17,10,10,11,4,7,3,4
59,4,1,12,8,6,10,6,8,2,7,25,3,1,2,5,6,10,24,1,6,12,9,4,6,13,1,3,6,14,10,1,42,5,1,1,10,11,6,14,6,3,12,9,1,23,8,14,11,2,11,22,1,8,21,10,1,3,5,0,1,4,10,1,11,14,10,10,12,1,13,7,2,1,10,7,11,44,3,4,12,13,6,7,3,10,4,10,10,6,1,2,11,14,8,2,38,2,1,4,14,8,22,8,11,9,2,31,29,11,10,24,11,25,6,7,5,11,6,18,2,11,24,1,22,6,14,8,6,4,2,8
60,4,1,12,7,6,9,5,8,2,6,24,3,1,2,4,6,10,23,1,6,12,9,4,6,14,1,3,6,13,10,1,44,6,1,2,9,11,5,14,6,3,11,9,1,22,7,14,11,2,11,25,1,8,20,11,1,3,4,1,0,4,11,1,10,15,9,9,12,1,14,7,2,1,9,7,10,45,3,4,12,14,6,6,3,10,4,10,10,6,1,2,11,14,7,2,38,3,1,4,13,8,23,8,10,9,2,32,29,10,10,24,11,24,5,6,6,10,7,16,1,11,24,1,23,6,14,8,5,3,2,8
61,1,4,9,4,9,6,3,11,5,7,20,1,4,5,4,9,12,21,4,2,8,6,1,2,17,4,1,2,15,6,4,42,9,3,5,12,8,8,17,9,1,8,11,4,20,10,17,8,6,8,22,4,4,22,7,4,6,1,4,4,0,14,4,7,17,6,8,9,4,16,9,5,4,12,4,7,39,6,2,8,11,10,9,1,9,4,6,8,5,3,6,7,17,10,5,41,6,4,1,16,11,20,10,7,6,6,34,25,8,12,21,7,20,8,6,9,8,10,19,4,8,27,4,19,9,11,10,3,6,2,5
62,13,11,23,18,4,19,16,15,8,18,34,14,11,10,14,12,11,33,11,16,22,18,14,16,4,10,14,15,15,21,10,47,5,11,10,14,20,16,4,8,13,23,11,10,34,8,4,15,9,20,28,10,18,29,21,10,8,14,10,11,14,0,10,21,4,19,19,22,11,10,9,9,10,14,17,20,52,8,12,23,25,4,7,13,20,14,20,19,16,11,8,20,4,16,9,34,8,10,14,22,14,34,11,21,19,8,29,39,20,10,33,20,34,12,18,5,15,4,12,10,21,20,10,32,5,24,9,16,11,12,18
63,4,1,13,8,6,11,6,8,1,8,25,4,1,1,5,6,10,24,1,6,13,10,4,6,14,1,4,6,13,10,1,44,5,2,1,9,12,6,14,6,4,12,9,1,24,7,13,11,2,12,24,1,8,21,12,1,2,5,1,1,4,10,0,12,13,11,10,12,1,14,7,1,1,9,8,11,45,2,4,12,14,6,7,4,11,5,11,11,6,2,2,11,13,7,2,38,2,1,4,14,8,23,8,12,10,1,31,28,12,10,24,11,24,6,7,5,12,6,17,1,12,23,1,23,5,16,8,6,3,3,8
64,8,11,7,5,17,4,6,14,12,10,21,8,11,12,7,11,16,21,11,6,8,9,7,6,25,10,8,6,18,2,12,37,16,11,12,16,11,12,26,14,8,8,15,12,12,13,24,14,12,11,18,11,5,25,2,11,13,7,11,10,7,21,12,0,24,2,11,3,12,20,14,12,11,15,5,3,34,13,9,9,13,17,14,8,12,7,4,11,8,10,14,6,25,13,12,44,12,12,8,20,14,20,13,3,6,13,36,18,11,16,14,3,21,11,9,17,14,18,24,11,4,31,11,11,16,4,13,6,10,9,4
65,18,14,26,21,8,22,19,19,12,20,38,16,14,12,19,15,14,38,14,20,27,22,18,19,1,14,16,19,19,24,13,47,9,14,14,19,25,19,1,12,18,25,14,14,36,12,1,16,12,25,30,14,22,34,24,14,11,18,14,15,17,4,13,24,0,23,24,25,14,13,12,13,14,18,21,24,56,12,16,24,27,8,10,17,23,19,24,24,20,14,12,24,1,20,12,33,12,14,17,23,18,37,14,25,22,13,27,43,24,14,39,25,36,15,20,9,16,8,12,14,25,19,14,36,9,27,12,20,16,16,22
66,6,10,6,4,16,3,6,13,12,9,20,7,10,11,6,11,15,21,10,4,8,8,6,4,23,9,7,5,18,1,10,38,14,10,11,14,11,11,24,12,7,7,14,10,13,13,25,12,11,10,19,10,4,24,2,10,13,6,10,9,6,19,11,2,23,0,10,3,10,18,12,12,10,15,4,2,33,13,8,7,12,16,14,7,12,7,4,11,7,9,12,5,24,12,12,43,12,10,6,18,13,20,12,2,5,11,36,18,10,15,15,2,20,11,9,16,13,16,22,9,3,28,10,12,16,5,13,6,10,8,2
67,8,10,4,6,15,8,5,4,11,3,15,8,10,11,5,8,8,14,9,10,3,2,7,10,24,10,7,7,9,10,10,48,14,9,11,5,2,4,23,12,7,3,10,10,14,11,23,15,11,2,28,10,6,14,8,9,12,9,10,9,8,19,10,11,24,10,0,8,10,10,11,10,10,6,6,8,34,12,9,3,5,15,13,7,2,6,14,1,4,9,11,6,22,4,11,36,12,10,7,9,6,15,10,8,6,11,27,18,2,10,16,8,14,8,3,15,15,16,12,9,7,20,10,12,14,7,10,5,9,8,12
68,9,12,5,5,18,2,7,12,14,7,18,10,12,14,8,11,13,19,12,7,6,7,8,7,24,12,10,7,17,3,13,39,17,12,12,12,9,9,27,14,9,6,12,12,11,14,26,14,13,8,20,13,5,23,2,12,15,8,12,12,9,22,12,3,25,3,8,0,12,16,14,14,13,13,6,2,30,15,10,6,10,19,15,10,10,8,6,9,6,11,14,3,25,10,13,41,14,13,9,18,11,19,11,2,3,14,35,17,9,13,13,2,19,11,7,17,15,18,21,12,2,27,12,10,18,3,14,7,11,10,4
69,4,1,12,8,6,10,6,8,2,7,25,3,1,2,5,6,10,23,1,6,12,10,4,6,14,1,3,6,13,10,1,44,6,2,2,9,10,6,14,6,3,12,8,1,24,7,14,11,2,12,23,1,7,21,10,1,3,5,1,1,4,11,1,12,14,10,10,12,0,12,7,2,1,9,7,11,45,3,4,12,14,7,6,3,10,4,10,10,6,2,2,10,14,7,2,40,2,1,4,13,8,24,7,11,10,2,32,29,11,9,25,11,23,5,6,6,11,6,16,1,11,24,1,23,6,15,7,5,3,2,8
70,16,13,13,15,11,15,14,6,12,10,24,15,13,13,13,8,4,24,13,18,12,11,15,18,14,12,15,15,5,18,13,56,11,14,13,5,11,8,14,8,14,12,5,13,24,7,14,24,13,12,37,12,14,22,16,13,12,17,13,14,16,10,14,20,13,18,10,16,12,0,7,13,14,5,14,17,42,12,16,13,14,11,7,16,10,12,23,11,12,14,15,13,14,6,13,25,14,13,16,11,5,23,6,17,13,12,19,30,11,4,26,16,25,8,10,11,23,11,4,13,16,11,13,23,12,16,6,13,10,14,20
71,10,7,13,9,5,12,7,7,6,9,24,10,8,6,6,3,3,26,7,12,13,11,10,12,12,7,9,9,6,13,6,52,5,8,8,6,12,8,12,1,9,13,2,7,24,1,13,18,6,12,32,7,9,23,12,7,6,10,7,7,9,9,7,14,12,12,11,14,7,7,0,6,7,6,8,12,46,6,11,14,15,5,2,9,12,6,17,12,8,8,9,13,12,8,6,33,9,7,9,12,6,25,2,12,11,6,25,31,12,3,25,13,26,3,8,5,18,5,10,6,12,17,7,23,5,17,1,7,4,9,13
72,5,2,14,9,5,11,7,8,1,9,26,5,2,1,6,5,9,26,2,8,14,11,6,8,12,2,4,7,13,11,1,42,4,3,1,8,13,7,12,5,5,14,8,1,25,7,13,11,1,13,25,1,9,21,12,2,2,6,2,2,5,9,1,12,13,12,10,14,2,13,6,0,2,8,8,13,46,2,5,14,16,5,6,5,12,6,11,12,8,2,3,12,12,7,1,39,3,2,6,13,7,24,7,12,11,1,31,32,12,10,25,12,25,5,8,4,12,5,16,2,13,24,2,22,4,16,7,7,3,4,10
73,4,1,12,8,6,10,6,8,2,7,24,3,1,2,5,6,10,23,1,6,12,9,4,6,14,1,4,6,13,10,1,41,6,1,1,9,11,6,14,6,3,12,8,1,24,7,14,11,2,12,23,1,8,21,11,1,3,5,1,1,4,10,1,11,14,10,10,13,1,14,7,2,0,10,7,11,44,3,4,12,14,6,6,3,10,4,10,10,6,1,2,11,14,7,2,39,2,1,4,14,8,24,8,10,10,2,32,29,12,10,25,12,25,6,7,5,11,6,16,1,12,24,1,23,6,15,8,6,3,2,8
74,12,9,8,10,10,12,10,2,9,6,21,12,10,9,9,4,3,18,9,14,8,6,11,14,18,9,11,11,4,15,9,54,9,10,9,1,7,4,18,6,11,8,4,9,19,6,18,20,8,8,34,8,10,17,13,10,8,12,10,9,12,14,9,15,18,15,6,13,9,5,6,8,10,0,10,13,40,8,13,8,10,11,7,12,6,8,18,6,8,10,11,10,18,3,8,30,10,10,12,7,2,20,4,12,10,8,23,25,7,4,21,12,20,4,6,9,20,10,8,8,11,15,10,18,9,12,6,9,6,11,16
75,4,7,6,1,12,3,2,9,8,5,17,4,7,8,3,7,10,16,7,4,6,4,3,4,20,7,4,2,14,5,8,42,12,6,8,10,6,6,20,9,4,5,10,8,17,9,21,10,9,6,22,8,1,20,4,7,10,3,7,7,4,17,8,5,21,4,6,6,7,14,8,8,7,10,0,4,36,10,5,5,7,14,11,4,7,3,8,6,3,6,9,4,21,8,9,40,9,7,4,14,9,16,8,4,2,8,32,23,6,11,18,4,17,6,4,12,10,13,18,7,4,24,7,16,12,8,8,2,6,6,6
76,7,11,5,4,16,1,6,12,12,8,19,8,10,12,6,10,14,18,10,5,6,7,7,5,25,10,8,6,17,2,12,40,16,10,12,12,9,10,24,13,8,6,12,11,13,12,24,14,12,8,21,11,4,22,1,10,13,7,11,10,7,20,11,3,24,2,8,2,11,17,12,13,11,13,4,0,34,14,9,6,10,17,14,8,10,7,6,9,6,10,13,3,24,10,12,44,13,10,7,16,12,18,10,1,3,12,36,19,8,14,14,1,18,10,7,16,13,17,21,11,2,28,11,12,16,4,12,6,10,9,3
77,42,43,31,37,48,33,38,37,45,36,24,40,43,45,39,42,43,24,45,37,32,33,40,38,55,43,40,36,39,32,42,34,50,44,45,39,33,40,59,46,42,32,42,43,22,44,55,44,44,31,36,43,37,28,33,44,48,39,44,45,39,52,45,34,56,33,34,30,45,42,46,46,44,40,36,34,0,48,41,33,29,50,45,40,34,39,34,33,38,42,45,34,54,39,47,66,44,42,38,33,40,25,41,34,35,44,50,15,33,45,20,32,25,43,38,47,47,50,48,45,33,46,44,22,48,28,43,38,42,40,36
78,6,3,15,11,4,12,8,8,2,10,27,6,3,2,8,5,9,25,3,9,15,12,7,8,11,3,6,8,13,12,2,44,3,4,2,9,14,9,11,5,6,14,8,2,25,6,12,12,2,14,25,2,10,22,14,3,1,7,3,3,6,8,2,13,12,13,12,15,3,12,6,2,3,8,10,14,48,0,5,14,17,4,6,6,13,7,13,12,9,4,3,14,12,8,2,39,3,3,7,14,8,25,7,13,12,2,30,30,13,9,26,13,27,5,10,3,12,4,16,3,14,24,3,25,3,18,7,8,4,5,11
79,2,4,10,6,8,8,4,12,5,8,22,2,4,5,5,10,14,21,5,4,10,7,2,4,15,5,2,4,16,8,5,38,8,4,4,13,9,9,16,10,2,10,12,5,20,11,16,7,5,9,21,5,6,22,8,4,5,3,4,4,2,12,4,9,16,8,9,10,4,16,11,5,4,13,5,9,41,5,0,10,12,9,10,2,11,5,8,10,6,3,4,9,16,12,5,44,4,4,2,18,12,22,11,9,8,5,36,27,9,14,22,9,22,10,7,8,7,8,20,5,9,29,4,20,8,13,12,4,7,3,6
80,8,12,2,5,18,5,6,7,14,5,13,9,12,13,8,11,10,12,12,7,1,3,8,7,24,11,9,6,12,8,12,45,17,12,13,8,4,7,26,15,9,1,12,12,11,13,26,15,14,3,26,12,5,17,6,12,14,8,12,12,8,23,12,9,24,7,3,6,12,13,14,14,12,8,5,6,33,14,10,0,4,18,16,9,4,8,12,4,7,12,15,3,24,7,13,35,13,13,8,12,8,13,12,6,3,14,30,16,3,13,13,6,12,10,6,17,14,18,15,12,4,21,12,11,17,5,13,7,12,10,9
81,11,14,6,8,20,10,9,9,16,7,10,12,14,15,10,13,12,10,14,11,5,5,10,12,27,13,12,9,9,12,15,48,19,14,15,9,3,9,28,16,11,5,14,14,9,15,28,17,15,3,30,14,8,12,10,14,16,10,13,14,11,25,14,13,27,12,5,10,14,14,15,16,14,10,7,10,29,17,12,4,0,21,17,11,4,10,16,4,8,14,15,8,27,8,16,39,16,14,10,8,10,10,14,10,8,15,24,15,3,14,16,10,11,13,8,20,17,20,18,14,9,17,14,12,19,9,15,9,12,12,13
82,10,7,18,14,1,16,12,12,5,13,29,10,7,6,11,8,8,30,6,12,18,16,10,12,8,7,10,12,11,16,6,43,2,7,6,10,16,12,8,4,9,18,6,6,29,5,8,13,5,17,25,6,13,26,17,7,4,11,6,6,10,4,6,17,8,16,15,19,7,11,5,5,6,11,14,17,50,4,9,18,21,0,4,10,16,10,16,16,12,8,5,17,8,12,5,35,5,6,10,17,10,30,7,17,15,5,30,36,17,8,30,18,32,8,14,1,13,1,16,7,18,23,6,29,1,21,6,12,8,8,14
83,9,6,15,11,4,12,9,8,6,10,27,9,7,6,8,4,5,27,6,11,16,12,9,11,10,6,8,9,8,14,6,47,4,7,7,8,14,9,11,2,8,15,4,6,26,2,11,17,6,15,29,6,10,23,14,7,6,10,7,6,9,7,7,14,10,14,13,15,6,7,2,6,6,7,11,14,45,6,10,16,17,4,0,8,13,8,15,14,9,8,8,14,10,9,6,32,8,7,8,14,7,25,4,14,13,6,24,31,15,4,27,14,26,5,10,4,18,4,10,6,15,17,6,25,4,17,2,8,4,8,12
84,1,3,9,5,10,7,3,10,5,6,21,1,3,4,3,8,12,21,3,3,9,6,1,3,16,3,1,3,16,7,4,40,8,2,4,12,8,8,16,9,1,9,11,4,21,9,16,9,5,8,22,4,4,21,8,3,6,2,3,3,1,13,4,8,17,7,7,10,3,16,9,5,3,12,4,8,40,6,2,9,11,10,8,0,8,4,7,7,4,2,5,8,17,9,5,41,5,4,1,15,10,21,10,8,6,5,34,26,8,12,22,8,21,8,6,9,9,9,20,3,8,26,3,19,8,12,9,3,6,2,5
85,9,10,5,8,16,10,7,5,12,4,15,8,10,11,6,9,9,13,10,11,4,4,8,11,24,10,9,8,7,12,11,47,16,10,11,6,1,5,23,13,8,4,10,11,14,12,25,16,12,2,29,11,8,12,10,10,13,10,10,10,9,20,11,12,23,12,2,10,10,10,12,12,10,6,7,10,34,13,11,4,4,16,13,8,0,6,14,1,4,9,12,7,24,5,12,35,12,10,8,8,6,14,10,10,7,12,25,18,2,10,15,10,15,9,4,15,17,16,13,10,9,18,10,12,15,8,11,6,10,9,13
86,4,4,8,4,10,6,2,8,6,3,20,4,4,5,1,5,9,20,4,6,8,5,3,6,17,4,4,3,13,7,5,44,9,4,6,8,7,4,18,6,3,8,8,5,19,6,18,12,6,7,24,5,4,18,7,4,7,4,4,4,4,14,5,7,19,7,6,8,4,12,6,6,4,8,3,7,39,7,5,8,10,10,8,4,6,0,10,6,2,4,6,7,18,6,6,37,6,5,3,13,7,19,6,7,6,6,31,25,7,9,20,7,21,5,3,10,12,10,16,4,7,22,5,18,10,10,7,2,4,3,8
87,7,10,10,8,16,6,9,17,12,12,23,8,10,11,10,15,19,24,10,5,12,12,7,5,22,10,7,8,22,4,11,35,15,9,11,18,14,15,24,16,7,11,17,10,13,16,23,12,12,14,16,10,8,27,6,10,12,6,10,10,6,20,11,4,24,4,14,6,10,23,17,11,10,18,8,6,34,13,8,12,16,16,15,7,14,10,0,15,11,10,12,8,23,16,12,47,12,10,7,22,17,23,16,6,8,11,40,19,14,20,15,6,23,14,12,16,13,16,24,10,7,33,10,12,14,8,16,10,12,9,3
88,8,10,5,7,16,8,6,5,11,4,14,8,10,12,6,10,9,14,10,10,4,3,8,10,24,10,8,8,8,10,11,50,16,10,11,6,1,5,24,12,8,4,10,11,14,12,24,16,11,2,30,11,7,13,9,10,13,9,10,10,8,19,11,11,24,11,1,9,10,11,12,12,10,6,6,9,33,12,10,4,4,16,14,7,1,6,15,0,5,9,12,6,23,5,12,35,12,11,8,8,7,14,10,9,6,11,26,19,1,10,14,8,14,9,4,16,16,16,13,10,7,19,10,12,15,7,11,6,10,9,12
89,5,6,6,4,12,5,2,6,7,2,18,4,6,7,2,5,8,19,6,7,6,4,4,7,18,6,5,4,11,8,6,46,11,5,7,7,5,4,19,8,4,6,7,6,17,7,19,13,7,6,26,6,3,17,6,6,8,6,6,6,5,16,6,8,20,7,4,6,6,12,8,8,6,8,3,6,38,9,6,7,8,12,9,4,4,2,11,5,0,5,8,5,20,5,8,39,8,6,4,12,6,18,5,6,4,8,29,24,6,8,19,6,19,5,2,12,13,12,14,6,5,23,6,17,11,9,7,2,5,4,8
90,3,1,12,7,7,9,5,9,3,6,22,2,1,2,4,7,10,22,2,5,12,8,4,5,15,2,2,5,14,9,2,42,6,1,2,10,10,6,15,7,2,11,10,2,23,8,15,10,3,10,24,2,6,20,10,1,4,4,1,1,3,11,2,10,14,9,9,11,2,14,8,2,1,10,6,10,42,4,3,12,14,8,8,2,9,4,10,9,5,0,3,10,14,8,3,41,3,2,3,15,9,24,8,10,8,3,33,28,11,11,23,10,22,6,6,7,10,7,18,2,10,25,1,22,7,13,9,4,4,1,7
91,6,2,13,10,4,12,8,10,3,9,26,5,2,2,7,8,12,24,2,8,14,12,6,8,12,2,5,8,15,12,3,40,4,3,2,11,13,8,12,8,5,13,10,3,25,9,13,9,3,13,23,3,9,22,12,3,3,6,2,2,6,8,2,14,12,12,11,14,2,15,9,3,2,11,9,13,45,3,4,15,15,5,8,5,12,6,12,12,8,3,0,12,12,9,3,42,1,2,6,16,10,24,9,13,12,3,35,30,13,12,27,12,26,7,9,4,9,4,19,3,13,25,2,25,4,17,9,8,5,4,10
92,8,11,2,4,17,3,6,8,13,4,16,8,11,12,6,10,10,16,11,6,3,4,7,6,24,11,8,6,14,5,12,41,16,10,12,10,6,6,25,14,8,3,10,12,13,12,26,14,13,6,23,12,4,20,4,11,14,6,11,11,7,20,11,6,24,5,6,3,10,13,13,12,11,10,4,3,34,14,9,3,8,17,14,8,7,7,8,6,5,10,12,0,25,8,13,39,13,11,8,14,8,16,10,4,2,12,32,18,6,12,13,3,16,10,5,16,14,18,17,11,2,24,11,12,16,4,12,6,10,9,6
93,17,14,25,21,8,23,18,20,12,20,37,16,14,12,19,14,14,37,14,20,24,22,18,20,1,14,16,19,19,23,14,46,9,14,12,18,24,20,1,12,17,26,14,14,35,12,1,16,12,24,29,14,21,34,24,14,12,17,14,14,17,4,13,25,1,24,22,25,14,14,12,12,14,18,21,24,54,12,16,24,27,8,10,17,24,18,23,23,20,14,12,25,0,18,12,35,12,14,18,24,17,36,14,24,24,12,27,40,25,14,39,23,38,16,20,8,16,8,11,14,24,20,14,36,8,29,12,19,14,16,21
94,9,7,6,9,12,10,8,2,7,4,19,10,7,7,6,5,5,17,7,11,6,4,9,12,19,7,10,9,6,13,7,50,11,8,7,2,6,2,20,8,9,6,6,7,17,7,19,17,8,6,32,6,8,14,11,7,8,11,8,7,10,16,7,13,20,12,4,10,7,6,8,7,7,3,8,10,39,8,12,7,8,12,9,9,5,6,16,5,5,8,9,8,18,0,8,33,8,7,10,7,2,18,6,11,8,7,24,23,6,6,18,10,18,5,4,11,17,11,10,7,10,17,8,16,10,9,7,7,5,9,13
95,6,2,14,10,4,11,8,8,1,9,24,5,2,1,6,5,9,24,2,7,14,11,6,7,12,2,5,7,12,12,2,42,4,3,1,8,13,7,12,5,5,13,8,2,24,6,13,11,1,13,24,2,9,22,12,2,2,6,2,2,5,9,2,12,12,12,11,13,2,13,6,1,2,8,9,12,47,2,5,13,16,5,6,5,12,6,12,12,8,3,3,13,12,8,0,37,3,2,6,14,7,25,7,13,11,1,32,30,13,10,26,13,25,5,8,4,12,5,15,2,12,24,2,25,4,16,7,7,3,4,10
96,40,40,38,40,38,42,40,31,38,36,46,41,40,40,37,33,29,48,40,42,37,38,42,44,35,39,42,41,28,42,38,84,38,41,40,30,35,33,35,34,39,37,30,37,49,32,34,49,38,36,64,38,42,44,45,39,37,41,38,38,41,34,38,44,33,43,36,41,40,25,33,39,39,30,40,44,66,39,44,35,39,35,32,41,35,37,47,35,39,41,42,39,35,33,37,0,43,39,39,34,30,47,32,43,41,39,17,53,36,29,49,44,47,33,34,36,48,36,22,38,39,21,37,48,36,43,33,40,37,41,44
97,6,2,14,10,4,12,8,10,3,9,26,5,2,2,6,8,12,26,2,8,13,12,6,8,12,2,5,7,14,12,3,43,4,3,2,11,12,8,12,8,5,14,10,3,26,8,12,9,3,14,23,3,10,22,12,3,3,7,2,3,6,8,2,12,12,12,12,14,2,14,9,3,2,10,9,13,44,3,4,13,16,5,8,5,12,6,12,12,8,3,1,13,12,8,3,43,0,2,6,15,10,25,9,12,11,3,34,31,13,12,26,13,25,7,9,4,9,4,18,3,13,26,2,24,4,16,9,8,5,4,10
98,4,1,12,8,6,10,6,8,2,8,24,4,1,1,5,6,10,24,1,6,12,10,4,6,14,1,4,6,13,10,1,42,5,2,1,10,11,6,14,6,3,13,9,1,23,8,13,11,2,12,24,1,8,21,11,1,3,5,1,1,4,10,1,12,14,10,10,13,1,13,7,2,1,10,7,10,42,3,4,13,14,6,7,4,10,5,10,11,6,2,2,11,14,7,2,39,2,0,4,14,8,23,8,12,10,2,31,28,12,10,25,11,24,6,7,6,11,6,16,1,11,25,1,22,5,16,8,6,4,2,9
99,1,4,9,4,10,6,2,10,6,6,20,1,4,5,3,8,12,20,4,3,8,6,1,3,18,4,1,2,15,6,5,42,9,4,5,11,8,8,18,9,1,9,11,5,20,9,18,9,6,8,23,5,4,21,7,4,7,2,4,4,1,14,4,8,17,6,7,9,4,16,9,6,4,12,4,7,38,7,2,8,10,10,8,1,8,3,7,8,4,3,6,8,18,10,6,39,6,4,0,16,10,20,9,7,6,6,35,24,7,12,20,7,20,7,6,10,9,10,19,4,8,26,4,19,9,10,10,3,6,2,5
100,16,14,12,14,18,16,13,6,14,10,14,16,14,14,13,10,9,13,13,18,12,10,16,17,25,13,17,15,6,19,13,57,16,14,14,6,8,9,24,12,15,12,11,13,16,12,25,24,12,9,37,14,15,10,17,14,14,17,14,13,16,22,14,20,23,18,9,18,13,11,12,13,14,7,14,16,33,14,18,12,8,17,14,15,8,13,22,8,12,15,16,14,24,7,14,34,15,14,16,0,7,13,11,18,14,12,18,18,9,11,23,16,14,9,11,16,24,16,14,13,16,14,14,19,16,16,12,14,10,15,20
101,11,8,8,9,10,11,9,2,7,5,21,10,8,8,8,3,3,19,8,13,8,5,10,12,18,8,10,10,6,14,7,50,9,8,8,1,7,3,18,6,10,8,4,8,19,6,18,20,7,8,32,8,9,17,12,8,7,11,8,8,11,14,8,14,18,13,6,11,8,5,6,7,8,2,9,12,40,8,12,8,10,10,7,10,6,7,17,7,6,9,10,8,17,2,7,30,10,8,10,7,0,20,4,12,9,8,23,24,7,4,20,12,21,3,5,9,19,10,9,8,10,16,8,18,9,11,5,8,5,10,14
102,20,22,14,16,30,18,18,19,25,16,1,20,23,24,20,22,23,1,23,19,13,14,20,20,38,22,20,19,18,20,24,60,29,22,24,19,12,18,36,26,21,13,23,23,17,25,37,26,25,12,39,25,16,4,19,24,27,19,22,23,20,34,23,20,37,20,15,19,24,23,25,24,24,20,16,18,25,25,22,13,10,30,25,21,14,19,23,14,18,24,24,16,36,18,25,47,25,23,20,13,20,0,23,19,16,24,30,10,12,23,24,18,1,23,16,29,26,29,28,22,17,26,22,20,27,18,24,19,24,22,21
103,10,7,12,8,6,10,8,5,7,7,24,10,7,7,7,2,3,22,7,12,12,9,10,12,14,7,10,9,6,12,6,51,6,8,8,4,10,6,14,3,9,12,2,7,24,2,14,18,7,11,30,7,8,20,11,7,7,11,8,8,10,11,8,13,14,12,10,11,7,6,2,7,8,4,8,10,41,7,11,12,14,7,4,10,10,6,16,10,5,8,9,10,14,6,7,32,9,8,9,11,4,23,0,11,10,6,25,29,11,3,23,11,23,2,7,6,18,7,10,7,11,17,8,21,6,14,2,7,4,9,14
104,8,10,5,4,18,1,5,12,12,8,19,8,11,12,6,10,14,18,10,5,6,6,7,5,25,10,8,5,16,2,12,38,15,10,12,12,9,9,23,13,8,6,12,11,12,13,25,14,12,8,21,12,4,23,1,11,14,6,11,10,7,21,12,3,25,2,8,2,11,17,12,12,10,12,4,1,34,13,9,6,10,17,14,8,10,7,6,9,6,10,13,4,24,11,13,43,12,12,7,18,12,19,11,0,3,12,36,19,8,14,13,1,19,10,7,16,14,16,21,10,2,28,11,11,16,4,12,6,10,10,3
105,6,10,3,2,15,2,4,9,10,4,16,7,9,10,5,8,10,16,9,4,3,4,6,4,23,10,7,4,14,5,10,44,15,8,11,10,6,6,23,11,6,4,9,10,14,11,23,12,10,6,23,10,2,20,3,9,12,5,9,9,6,19,10,6,22,5,6,3,10,13,11,11,10,10,2,3,35,12,8,3,8,15,13,6,7,6,8,6,4,8,12,2,24,8,11,41,11,10,6,14,9,16,10,3,0,11,33,20,6,10,16,3,15,8,4,14,12,15,17,9,2,24,10,13,14,6,11,4,9,8,6
106,5,2,14,10,5,12,7,8,1,9,25,5,2,1,6,5,10,24,2,7,14,10,6,7,13,2,5,7,12,12,1,46,4,3,1,8,12,7,13,5,5,13,8,1,26,6,13,11,1,12,24,1,9,22,12,2,2,6,2,2,6,8,1,13,13,11,11,14,2,12,6,1,2,8,8,12,44,2,5,14,15,5,6,5,12,6,11,11,8,3,3,12,12,7,1,39,3,2,6,12,8,24,6,12,11,0,30,30,13,9,25,13,26,5,8,4,12,5,15,2,12,24,2,23,4,16,7,7,3,4,10
107,34,32,29,33,28,36,33,23,30,27,30,33,33,30,30,27,21,29,30,37,29,30,32,35,27,32,35,33,19,38,30,76,30,34,32,23,25,26,27,26,35,30,24,30,33,24,26,41,31,27,56,30,32,29,37,30,31,34,31,32,34,29,31,36,27,36,27,35,32,19,25,31,32,23,32,36,50,30,36,30,24,30,24,34,25,31,40,26,29,33,35,32,27,24,32,17,34,31,35,18,23,30,25,36,33,30,0,36,27,21,42,35,32,25,29,30,41,29,15,30,32,8,33,36,28,35,25,31,29,32,39
108,25,29,18,20,33,19,22,23,29,22,11,25,28,31,24,29,27,10,27,22,17,21,26,23,41,27,25,24,24,20,29,46,34,28,30,24,18,23,42,32,27,16,30,30,7,29,41,30,29,18,27,28,22,14,18,27,31,25,29,29,25,39,28,18,43,18,18,17,29,30,31,32,29,25,23,19,15,30,27,16,15,36,31,26,18,25,19,19,24,28,30,18,40,23,30,53,31,28,24,18,24,10,29,19,20,30,36,0,18,28,13,18,10,28,23,33,31,34,32,28,18,33,29,10,34,14,30,24,27,27,21
109,8,11,4,6,18,8,6,6,13,5,13,8,11,12,7,10,10,12,11,10,3,2,8,10,25,11,8,7,8,10,11,48,17,11,12,7,1,6,24,14,8,3,12,12,12,13,26,16,12,1,29,12,6,14,9,11,14,8,11,10,8,20,12,11,24,10,2,9,11,11,12,12,12,7,6,8,33,13,9,3,3,17,15,8,2,7,14,1,6,11,13,6,25,6,13,36,13,12,7,9,7,12,11,8,6,13,27,18,0,12,14,8,13,10,5,16,16,17,14,11,8,20,11,11,16,7,12,6,10,10,11
110,13,10,12,11,8,13,10,6,10,7,24,12,10,10,9,4,2,23,10,14,12,10,12,15,13,9,12,11,5,15,9,53,8,11,10,5,11,6,13,4,12,12,2,10,23,3,14,20,9,12,33,10,11,21,13,10,9,13,10,10,12,10,10,16,14,15,10,13,9,4,3,10,10,4,11,14,45,9,14,13,14,8,4,12,10,9,20,10,8,11,12,12,14,6,10,29,12,10,12,11,4,23,3,14,10,9,21,28,12,0,23,14,25,5,7,8,20,8,7,10,12,15,10,22,8,15,3,10,7,12,16
111,20,24,13,17,31,14,18,20,25,17,25,22,23,25,20,23,24,23,24,19,12,16,21,18,39,24,22,19,22,15,26,33,28,22,24,21,14,19,37,27,21,13,24,24,7,25,37,28,25,13,17,24,16,26,14,24,27,20,24,24,21,33,24,14,39,15,16,13,25,26,25,25,25,21,18,14,20,26,22,13,16,30,27,22,15,20,15,14,19,23,27,13,39,18,26,49,26,25,20,23,20,24,23,13,16,25,42,13,14,23,0,14,22,24,17,28,28,30,26,25,13,32,25,4,28,10,25,19,24,22,17
112,8,10,4,4,16,2,5,11,13,8,18,8,11,12,6,10,13,19,11,5,6,6,7,6,24,11,8,6,16,2,12,38,15,10,12,12,9,9,24,13,8,6,12,12,13,13,24,14,12,8,20,12,4,22,1,10,14,6,11,11,7,20,11,3,25,2,8,2,11,16,13,12,12,12,4,1,32,13,9,6,10,18,14,8,10,7,6,8,6,10,12,3,23,10,13,44,13,11,7,16,12,18,11,1,3,13,35,18,8,14,14,0,18,10,7,16,14,16,20,11,2,27,12,12,16,4,12,6,10,9,4
113,20,24,14,16,31,18,18,19,25,18,1,21,25,26,20,24,23,1,24,19,12,16,21,19,36,24,21,20,20,20,26,57,30,24,26,19,14,19,36,26,21,12,25,24,17,26,38,28,26,14,37,26,17,4,18,23,28,20,25,24,20,34,24,21,36,20,14,19,23,25,26,25,25,20,17,18,25,27,22,12,11,32,26,21,15,21,23,14,19,22,26,16,38,18,25,47,25,24,20,14,21,1,23,19,15,26,32,10,13,25,22,18,0,24,18,29,26,31,27,24,18,26,24,21,29,16,26,18,24,22,20
114,8,6,11,7,8,9,6,4,5,6,23,8,6,5,5,1,5,23,5,10,11,8,8,10,15,5,8,8,8,11,5,47,6,6,6,4,10,4,15,4,7,10,4,5,22,3,16,17,5,10,30,5,6,20,9,5,5,9,6,5,8,12,6,11,15,11,8,11,5,8,3,5,6,4,6,10,43,5,10,10,13,8,5,8,9,5,14,9,5,6,7,10,16,5,5,33,7,6,7,9,3,23,2,10,8,5,25,28,10,5,24,10,24,0,6,7,16,8,11,5,10,18,6,22,7,14,3,6,3,7,12
115,6,6,6,5,12,6,4,5,8,1,17,6,7,8,3,6,7,17,6,8,6,3,6,8,20,6,6,6,10,9,8,47,12,6,8,6,4,2,21,9,6,6,7,7,16,8,21,14,8,5,28,7,5,15,8,6,10,7,7,6,6,18,7,9,20,9,3,7,6,10,8,8,7,6,4,7,38,10,7,6,8,14,10,6,4,3,12,4,2,6,9,5,20,4,8,34,9,7,6,11,5,16,7,7,4,8,29,23,5,7,17,7,18,6,0,12,14,13,13,7,6,20,7,16,12,8,8,3,6,5,10
116,9,6,17,12,1,15,11,10,4,12,29,8,6,4,10,6,8,27,6,11,17,14,10,12,8,6,8,11,11,15,5,43,1,6,4,10,16,11,9,4,8,17,6,5,28,5,9,12,4,17,25,5,12,26,15,6,3,10,5,6,9,5,5,17,9,16,15,17,6,11,5,4,5,9,12,16,47,3,8,17,20,1,4,9,15,10,16,16,12,7,4,16,8,11,4,36,4,6,10,16,9,29,6,16,14,4,30,33,16,8,28,16,29,7,12,0,14,1,14,6,16,22,6,28,1,20,6,10,6,7,13
117,8,11,15,11,14,13,11,20,11,14,26,8,10,11,12,17,21,26,11,9,15,13,9,8,16,11,9,9,25,12,11,32,13,10,12,20,16,16,16,17,9,14,19,11,26,18,17,1,12,16,13,12,10,28,13,10,12,8,11,10,8,15,12,14,16,13,15,15,11,23,18,12,11,20,10,13,47,12,7,14,17,13,18,9,17,12,13,16,13,10,9,14,16,17,12,48,9,11,9,24,19,26,18,14,12,12,41,31,16,20,28,14,26,16,14,14,0,13,27,12,14,35,11,24,13,18,18,11,14,10,11
118,10,7,18,14,1,15,12,11,5,12,29,9,6,5,10,7,8,29,7,12,17,14,10,11,8,7,10,12,11,16,6,46,1,7,5,10,17,11,8,4,9,18,6,6,30,5,8,13,5,16,28,6,14,27,17,6,4,10,6,7,10,4,6,18,8,16,16,18,6,11,5,5,6,10,13,17,50,4,8,18,20,1,4,9,16,10,16,16,12,7,4,18,8,11,5,36,4,6,10,16,10,29,7,16,15,5,29,34,17,8,30,16,31,8,13,1,13,0,14,7,18,21,6,27,1,20,5,12,7,8,14
119,19,17,15,18,15,19,16,9,16,14,26,20,17,16,16,12,7,26,16,21,15,14,18,21,12,16,19,19,8,22,16,57,14,17,16,8,15,12,12,11,18,14,9,17,25,10,12,26,16,15,40,17,18,23,21,16,16,21,18,16,19,12,17,24,12,22,12,21,16,4,10,16,16,8,18,21,48,16,20,15,18,16,10,20,13,16,24,13,14,18,19,17,11,10,15,22,18,16,19,14,9,28,10,21,17,15,15,32,14,7,26,20,27,11,13,14,27,14,0,16,19,7,18,26,16,19,9,16,14,19,23
120,4,1,12,8,6,10,6,8,2,7,24,3,1,2,4,5,10,22,1,6,12,9,4,6,15,1,4,6,12,10,1,43,6,2,2,8,11,6,14,6,3,12,8,1,24,6,14,12,2,11,26,1,8,21,11,1,3,4,2,1,4,10,1,11,14,9,9,12,1,13,6,2,1,8,7,11,45,3,5,12,14,7,6,3,10,4,10,10,6,2,3,11,14,7,2,38,3,1,4,13,8,22,7,10,9,2,30,28,11,10,25,11,24,5,7,6,12,7,16,0,10,23,2,21,6,14,7,5,2,3,8
121,8,11,4,4,18,2,6,10,13,6,17,8,11,12,7,10,12,18,11,6,4,5,7,6,23,11,8,6,16,3,12,40,16,10,12,11,8,8,26,14,8,4,11,12,12,13,24,14,12,7,21,12,4,20,2,10,14,7,11,11,8,21,12,4,25,3,7,2,11,16,12,13,12,11,4,2,33,14,9,4,9,18,15,8,9,7,7,7,5,10,13,2,24,10,12,39,13,11,8,16,10,17,11,2,2,12,32,18,8,12,13,2,18,10,6,16,14,18,19,10,0,27,12,12,16,4,12,6,10,10,5
122,27,24,23,26,21,26,24,17,22,20,26,26,25,22,24,18,15,28,24,29,22,21,26,29,18,24,26,26,11,29,24,66,23,24,24,16,18,19,19,18,25,22,16,24,25,16,19,36,24,19,46,24,26,24,28,25,22,28,24,24,27,20,23,31,19,28,20,27,24,11,17,24,24,15,24,28,46,24,29,21,17,23,17,26,18,22,33,19,23,25,25,24,20,17,24,21,26,25,26,14,16,26,17,28,24,24,8,33,20,15,32,27,26,18,20,22,35,21,7,23,27,0,24,28,22,26,16,23,21,25,31
123,4,1,12,8,6,10,6,9,2,7,23,3,1,2,5,6,10,24,1,6,12,9,4,6,13,1,3,6,13,10,1,43,5,1,1,10,11,6,14,6,3,12,9,1,23,8,14,10,2,12,24,1,7,21,11,1,3,5,1,1,4,10,1,11,14,10,10,12,1,13,7,2,1,10,7,11,44,3,4,12,14,6,6,3,10,5,10,10,6,1,2,11,14,8,2,37,2,1,4,14,8,22,8,11,10,2,33,29,11,10,25,12,24,6,7,6,11,6,18,2,12,24,0,22,6,14,8,6,4,2,8
124,19,22,11,15,28,13,16,17,24,16,20,19,23,24,18,22,22,20,22,17,10,13,18,18,34,22,19,18,18,13,23,39,27,21,24,17,12,18,36,24,18,10,23,23,3,25,36,25,25,11,18,22,15,24,12,21,24,17,22,23,19,32,23,11,36,12,12,10,23,23,23,22,23,18,16,12,22,25,20,11,12,29,25,19,12,18,12,12,17,22,25,12,36,16,25,48,24,22,19,19,18,20,21,11,13,23,36,10,11,22,4,12,21,22,16,28,24,27,26,21,12,28,22,0,26,8,22,17,21,20,15
125,9,6,17,14,1,15,10,11,4,12,28,9,6,5,10,6,8,28,6,11,18,14,9,11,8,6,8,11,11,16,5,46,1,6,5,10,17,11,9,4,8,18,7,5,28,6,9,13,4,17,25,5,12,25,15,6,3,10,6,6,9,5,5,16,9,16,14,18,6,12,5,4,6,9,12,16,48,3,8,17,19,1,4,8,15,10,14,15,11,7,4,16,8,10,4,36,4,5,9,16,9,27,6,16,14,4,28,34,16,8,28,16,29,7,12,1,13,1,16,6,16,22,6,26,0,19,6,10,6,8,14
126,11,14,3,7,20,5,9,11,16,8,17,12,15,15,10,14,14,18,14,9,4,6,11,9,28,14,11,9,15,5,15,43,20,14,15,11,8,10,29,16,12,5,15,15,8,17,28,18,16,7,22,16,8,21,4,14,18,10,14,14,11,24,16,4,27,5,7,3,15,16,17,16,15,12,8,4,28,18,13,5,9,21,17,12,8,10,8,7,9,13,17,4,29,9,16,43,16,16,10,16,11,18,14,4,6,16,35,14,7,15,10,4,16,14,8,20,18,20,19,14,4,26,14,8,19,0,15,10,14,13,7
127,10,8,14,9,6,11,8,7,7,8,25,10,8,8,7,3,3,26,7,12,14,11,10,12,12,8,10,10,6,13,7,52,6,9,8,6,13,7,12,2,10,14,2,7,24,1,13,18,7,12,30,7,9,22,12,7,7,11,8,8,10,9,8,13,12,13,10,14,7,6,1,7,8,6,8,12,43,7,12,13,15,6,2,9,11,7,16,11,7,9,9,12,12,7,7,33,9,8,10,12,5,24,2,12,11,7,25,30,12,3,25,12,26,3,8,6,18,5,9,7,12,16,8,22,6,15,0,8,5,9,14
128,3,6,7,3,12,5,1,8,7,4,18,3,5,6,1,6,10,19,6,5,7,4,2,5,19,5,3,2,13,6,6,43,11,4,6,9,6,6,19,8,3,7,8,6,18,7,19,12,7,6,24,6,2,19,5,5,8,4,6,5,3,16,6,6,20,6,5,7,5,13,7,7,6,9,2,6,38,8,4,7,9,12,8,3,6,2,10,6,2,4,8,6,19,7,7,40,8,6,3,14,8,19,7,6,4,7,31,24,6,10,19,6,18,6,3,10,11,12,16,5,6,23,6,17,10,10,8,0,5,4,7
129,6,3,11,7,7,9,5,5,3,6,23,6,4,3,4,3,7,23,3,8,11,8,6,8,15,3,6,5,10,9,3,44,6,4,3,6,10,5,14,3,5,11,6,3,23,4,16,14,2,10,28,2,7,20,10,3,4,7,4,3,6,11,3,10,16,10,9,11,3,10,4,3,3,6,6,10,42,4,7,12,12,8,4,6,10,4,12,10,5,4,5,10,14,5,3,37,5,4,6,10,5,24,4,10,9,3,29,27,10,7,24,10,24,3,6,6,14,7,14,2,10,21,4,21,6,14,5,5,0,5,9
130,2,2,11,6,8,8,4,10,4,5,22,2,2,3,3,7,12,21,2,4,10,7,2,4,15,2,2,4,14,8,3,39,7,1,3,10,9,7,15,8,2,10,10,2,22,8,16,9,4,10,22,3,6,20,9,2,5,3,2,2,2,12,3,9,16,8,8,10,2,14,9,4,2,11,6,9,40,5,3,10,12,8,8,2,9,3,9,9,4,1,4,9,16,9,4,41,4,2,2,15,10,22,9,10,8,4,32,27,10,12,22,9,22,7,5,7,10,8,19,3,10,25,2,20,8,13,9,4,5,0,6
131,5,8,8,5,14,4,7,14,9,11,22,5,8,9,8,12,16,22,8,2,9,10,4,3,22,8,5,5,20,2,9,38,13,8,9,15,12,12,22,13,5,9,15,9,16,13,22,10,9,11,18,8,6,24,3,8,11,4,8,8,5,18,8,4,22,2,12,4,8,20,13,10,8,16,6,3,36,11,6,9,13,14,12,5,13,8,3,12,8,7,10,6,21,13,10,44,10,9,5,20,14,21,14,3,6,10,39,21,11,16,17,4,20,12,10,13,11,14,23,8,5,31,8,15,14,7,14,7,9,6,0
