Locations,1,2,3,4,5,6,7,8,9,10,11,12,13,14,15,16,17,18,19,20,21,22,23,24,25,26,27,28,29,30,31,32,33,34,35,36,37,38,39,40,41,42,43,44,45,46,47,48,49,50,51,52,53,54,55,56,57,58,59,60,61,62,63,64,65,66,67,68,69,70,71,72,73,74,75,76,77,78,79,80,81,82,83,84,85,86,87,88,89,90,91,92,93,94,95,96,97,98,99,100,101,102,103,104,105,106,107,108,109,110,111,112,113,114,115,116,117,118,119,120,121,122,123,124,125,126,127,128,129,130,131,132,133,134,135,136,137,138
1,0,63,15,30,30,26,9,20,14,13,15,7,21,15,24,26,17,15,28,21,22,11,1,15,25,24,14,1,28,1,36,24,16,8,23,37,22,19,1,15,15,27,35,24,42,26,17,32,27,22,22,22,37,2,21,23,4,13,15,60,15,25,17,15,25,19,23,14,37,27,6,26,1,9,32,2,20,17,14,16,18,24,15,14,36,36,50,1,35,71,64,40,30,34,24,53,20,2,25,33,28,26,16,24,18,24,34,28,32,41,33,29,28,14,43,25,38,25,33,24,16,40,1,56,19,42,12,2,25,10,22,32,35,45,11,12,64,27
2,63,0,58,54,53,46,54,56,55,51,61,57,56,58,55,49,44,48,39,54,54,54,63,46,47,46,62,58,49,61,59,58,50,51,55,46,56,63,60,58,60,56,61,55,64,55,59,57,40,57,55,59,64,63,56,72,57,50,63,8,60,47,49,60,56,57,53,62,52,49,68,56,63,53,58,61,53,50,49,49,50,56,63,61,53,62,46,60,55,8,5,52,51,63,50,43,46,65,53,61,53,55,52,38,52,36,61,58,53,62,63,58,64,65,55,48,51,51,62,58,50,40,58,45,44,62,52,64,58,57,53,55,48,60,54,50,6,46
3,15,58,0,32,32,16,24,7,28,26,1,7,8,1,11,12,21,19,24,7,7,26,15,21,16,14,1,13,16,15,20,11,22,22,8,23,8,4,14,1,1,12,20,31,30,12,3,18,22,8,8,8,24,15,8,10,18,26,1,60,1,14,26,1,10,5,8,1,25,14,8,11,16,24,16,15,6,26,22,22,27,11,2,1,22,22,39,14,20,66,66,25,32,20,12,39,22,14,10,34,28,12,25,24,24,25,20,12,32,30,21,14,14,8,29,13,25,13,20,29,25,26,15,40,16,28,24,13,12,24,8,16,20,29,25,12,67,17
4,30,54,32,0,2,41,23,36,19,20,30,28,35,32,39,42,16,16,42,37,34,24,32,18,40,40,32,31,44,32,49,40,16,26,37,52,36,33,32,30,30,42,48,8,56,42,32,49,42,35,34,37,52,32,36,40,31,18,30,62,30,40,14,31,40,35,38,30,53,41,36,41,32,24,43,32,36,15,19,16,16,41,32,32,51,54,68,32,49,60,58,50,3,48,37,68,13,34,39,4,4,40,16,36,14,36,50,40,1,58,50,43,41,41,59,38,55,39,47,9,16,54,31,72,36,55,20,31,42,27,36,46,52,56,24,27,57,41
5,30,53,32,2,0,38,22,33,18,20,30,28,33,30,36,40,16,16,40,33,34,24,31,16,37,40,31,29,43,32,49,36,15,24,35,49,35,31,30,31,30,37,48,8,57,38,32,44,40,35,33,35,51,32,36,39,29,18,31,60,31,40,14,30,38,31,35,32,48,41,34,40,33,25,41,32,32,14,18,14,14,37,34,32,49,48,67,30,46,62,56,52,1,49,35,66,12,33,38,6,3,39,16,34,14,33,45,40,2,56,46,39,43,38,55,39,49,38,46,8,16,51,29,64,32,56,20,32,36,27,35,46,48,58,22,25,61,39
6,26,46,16,41,38,0,34,10,40,38,15,19,12,16,11,3,32,32,8,11,10,36,27,32,3,2,15,26,4,26,15,10,34,33,9,11,9,16,28,14,14,11,15,42,18,12,15,9,8,9,12,12,17,26,9,24,30,38,15,48,14,3,37,14,10,11,9,14,12,1,21,11,27,36,14,28,10,40,33,34,36,10,18,15,9,15,26,26,9,54,52,12,39,15,4,27,32,24,10,46,36,11,39,8,38,10,14,11,42,17,16,10,16,24,18,3,12,3,16,43,37,15,25,29,7,18,38,25,11,35,9,9,9,18,36,14,53,2
7,9,54,24,23,22,34,0,30,5,4,24,16,31,24,33,36,8,7,35,30,28,2,9,7,32,35,23,10,39,10,45,35,8,2,31,46,31,27,9,24,24,36,42,15,51,35,26,40,38,30,30,31,46,9,29,32,8,5,24,57,23,32,9,22,32,28,31,23,45,37,16,34,9,1,40,11,28,9,6,8,9,32,23,22,45,48,58,10,42,60,57,45,23,42,30,63,12,10,31,26,20,36,8,29,9,31,41,35,23,52,42,36,38,24,51,34,46,33,42,15,7,48,9,62,30,50,4,10,33,4,29,38,42,52,2,20,58,35
8,20,56,7,36,33,10,30,0,34,35,7,14,2,7,4,7,27,27,19,1,1,31,21,27,11,9,7,20,9,23,14,4,30,29,2,16,2,6,20,7,7,5,13,36,24,6,6,11,18,2,2,2,18,22,2,14,24,34,7,60,7,8,33,7,4,2,1,6,17,10,16,4,23,28,10,22,1,33,30,29,33,4,7,7,14,16,32,20,13,64,62,18,35,14,7,33,28,20,4,39,33,6,32,19,31,18,13,6,37,23,14,8,8,12,24,8,18,8,13,36,31,20,21,33,12,22,30,20,5,30,1,10,14,22,32,9,62,12
9,14,55,28,19,18,40,5,34,0,1,29,20,34,29,36,41,8,8,42,36,33,4,14,8,37,40,28,15,42,14,47,39,6,7,38,49,34,31,14,29,29,39,48,12,55,40,30,47,43,33,34,34,53,12,34,38,11,3,28,60,28,38,5,28,37,34,34,27,49,40,20,38,13,5,44,15,35,6,5,6,5,40,30,28,47,48,68,15,47,62,56,53,19,49,37,70,8,15,39,22,16,41,4,34,6,34,49,41,20,54,50,42,42,26,58,38,52,40,44,12,4,56,14,69,34,54,4,15,38,8,35,42,49,55,4,24,61,39
10,13,51,26,20,20,38,4,35,1,0,26,21,33,27,37,37,7,8,40,34,33,4,13,7,37,38,26,14,42,13,45,36,5,6,35,51,34,30,13,27,28,39,48,12,57,37,30,44,40,33,36,34,50,12,34,37,11,2,28,57,26,38,6,28,36,31,33,27,51,41,19,38,12,5,44,14,33,6,4,5,5,38,29,28,46,48,67,13,47,58,57,50,20,46,36,65,8,14,37,22,16,38,4,32,5,34,46,38,20,58,46,41,40,26,58,36,52,37,47,12,4,54,14,65,31,55,3,14,37,7,35,45,48,56,4,26,57,37
11,15,61,1,30,30,15,24,7,29,26,0,8,8,1,10,12,20,19,22,6,7,26,15,22,16,13,1,14,14,16,20,11,22,21,8,23,8,4,14,1,1,12,20,31,29,12,3,18,22,8,8,7,24,16,7,9,19,25,1,59,1,12,26,1,10,5,8,1,23,14,8,11,16,24,16,17,6,28,23,23,26,10,2,1,22,22,37,14,20,67,63,24,31,20,11,38,21,14,10,35,28,12,26,22,26,23,19,13,31,30,20,14,15,8,29,12,24,12,20,30,25,26,15,40,16,28,24,13,11,24,7,17,20,29,26,11,66,16
12,7,57,7,28,28,19,16,14,20,21,8,0,14,8,17,19,14,13,21,14,15,17,7,14,17,18,8,6,22,8,29,18,15,14,15,31,15,12,7,8,8,20,27,24,35,20,10,25,22,15,14,15,32,8,15,16,11,19,8,59,8,18,18,8,18,13,14,8,30,19,8,18,8,15,24,8,14,20,15,15,18,18,9,8,27,32,46,6,28,64,61,30,27,28,16,49,17,6,17,31,24,19,19,21,18,21,27,19,28,36,27,20,22,11,35,18,32,18,28,23,19,33,7,48,14,34,17,6,18,16,14,24,29,37,17,8,66,19
13,21,56,8,35,33,12,31,2,34,33,8,14,0,7,3,9,29,26,20,2,2,32,22,28,13,10,7,21,10,23,14,4,30,28,3,17,3,5,22,7,8,5,14,36,21,5,5,11,19,4,1,1,17,22,3,12,25,33,7,58,7,10,32,7,3,3,3,8,17,11,16,4,22,30,9,24,2,35,30,30,32,4,6,7,13,16,30,21,12,64,62,18,32,14,8,34,29,20,3,38,34,5,34,19,34,20,13,5,35,22,14,7,7,11,23,9,17,10,12,38,34,19,22,32,13,21,30,21,4,30,3,10,14,21,33,10,63,13
14,15,58,1,32,30,16,24,7,29,27,1,8,7,0,10,12,20,19,24,7,7,25,15,20,15,14,1,14,15,15,20,12,22,22,8,22,8,4,15,1,1,12,20,30,30,12,3,18,22,8,8,7,24,15,8,10,18,25,1,59,1,12,26,1,10,5,8,1,24,14,8,11,16,24,16,17,6,28,23,24,26,11,2,1,22,22,38,14,20,67,64,23,31,20,12,39,22,14,10,34,28,12,26,22,26,22,20,13,32,29,20,14,14,8,29,12,24,12,20,32,25,26,15,40,16,28,24,13,11,23,7,16,20,29,25,11,66,16
15,24,55,11,39,36,11,33,4,36,37,10,17,3,10,0,8,30,28,20,4,4,34,25,30,12,10,10,23,10,26,11,2,34,32,3,14,3,6,24,10,10,2,10,39,20,2,7,8,20,3,3,3,15,25,3,13,27,36,10,57,10,9,36,10,2,5,3,10,14,10,18,2,24,33,6,25,4,36,34,34,34,2,10,10,12,14,28,24,10,64,61,14,38,11,8,31,32,24,2,44,35,2,38,18,34,20,10,2,40,19,11,4,6,12,19,9,15,9,9,40,36,17,24,30,13,19,35,22,2,33,3,7,12,20,33,12,66,13
16,26,49,12,42,40,3,36,7,41,37,12,19,9,12,8,0,32,32,11,7,8,35,27,31,4,2,12,24,4,26,12,8,34,34,6,11,6,14,25,12,12,8,12,43,18,9,12,6,11,6,9,9,14,28,7,20,29,38,12,52,12,1,38,12,8,9,6,12,12,2,20,8,26,36,11,26,8,38,34,33,38,8,14,12,10,14,27,24,8,57,54,12,38,12,3,29,31,24,7,46,37,8,38,10,37,12,11,9,42,16,14,7,14,20,18,1,13,1,12,42,37,16,26,29,6,18,36,25,8,36,7,7,9,17,35,14,57,5
17,17,44,21,16,16,32,8,27,8,7,20,14,29,20,30,32,0,2,35,28,27,8,16,2,31,32,22,16,36,18,42,32,2,9,28,44,28,23,16,20,22,32,42,10,50,31,24,38,34,29,28,28,46,17,28,30,16,5,21,52,21,31,5,20,30,26,29,22,46,34,21,33,17,9,36,18,28,7,3,2,5,32,22,20,40,44,60,16,40,52,51,45,14,40,29,60,4,18,32,19,12,32,6,28,6,27,40,33,16,48,40,35,35,25,51,30,44,32,40,10,6,45,16,63,26,48,5,16,30,12,27,38,40,48,8,18,54,30
18,15,48,19,16,16,32,7,27,8,8,19,13,26,19,28,32,2,0,32,25,27,6,15,1,29,30,20,16,36,16,40,32,3,8,28,43,27,23,15,19,20,30,38,12,50,30,23,37,34,26,26,27,44,15,28,29,15,6,19,50,20,31,7,19,29,25,28,20,44,33,20,29,16,8,36,18,25,8,4,3,6,30,21,20,38,42,60,15,40,52,48,42,16,39,30,58,5,18,30,19,13,32,8,25,6,26,38,33,17,48,40,34,34,22,51,29,45,30,40,11,6,48,14,60,24,49,6,16,29,10,26,38,42,46,7,18,54,32
19,28,39,24,42,40,8,35,19,42,40,22,21,20,24,20,11,35,32,0,18,18,36,27,35,8,10,23,26,11,30,23,20,38,34,17,9,18,26,29,22,23,20,23,46,26,20,25,17,1,17,20,20,26,28,18,33,32,38,23,38,24,11,40,24,19,20,17,24,16,10,30,20,30,36,22,30,18,40,35,37,39,19,24,22,16,24,24,28,17,46,44,16,40,23,12,27,35,26,18,48,40,20,41,8,40,7,23,20,42,24,24,18,26,30,20,11,16,11,25,44,40,13,27,28,8,26,40,28,20,36,18,18,13,20,38,16,45,7
20,21,54,7,37,33,11,30,1,36,34,6,14,2,7,4,7,28,25,18,0,1,32,22,26,11,8,7,20,9,21,14,4,30,28,2,16,2,6,21,7,7,6,14,36,22,6,5,11,17,2,2,2,17,22,2,14,25,32,7,57,7,8,31,7,4,2,1,7,17,10,14,5,23,29,10,24,1,34,29,28,34,4,7,7,14,17,31,20,13,65,61,17,34,13,6,32,28,21,4,39,32,6,33,18,32,20,13,6,35,21,14,7,8,13,23,8,18,8,13,37,34,19,20,33,12,21,30,19,5,29,1,11,14,23,30,10,64,12
21,22,54,7,34,34,10,28,1,33,33,7,15,2,7,4,8,27,27,18,1,0,30,21,26,10,9,7,20,9,22,15,4,28,28,2,16,2,7,20,7,7,6,13,37,23,6,6,12,17,2,2,2,18,23,1,14,25,33,7,59,7,8,32,7,4,2,1,7,17,10,14,4,22,30,10,23,1,34,28,29,32,4,7,7,14,16,31,21,13,64,60,17,34,14,6,33,29,20,4,41,34,5,34,18,33,18,12,6,36,23,14,7,8,13,24,8,18,7,12,36,32,21,20,32,12,22,32,20,5,32,1,11,15,23,32,9,62,12
22,11,54,26,24,24,36,2,31,4,4,26,17,32,25,34,35,8,6,36,32,30,0,11,7,35,36,26,11,41,10,45,37,8,3,31,46,30,29,10,25,26,35,46,16,54,36,27,42,37,32,32,32,47,9,33,35,8,5,26,57,25,36,8,26,33,30,34,26,48,37,16,37,10,2,40,11,30,10,5,8,9,35,25,24,43,48,63,12,43,61,56,48,22,45,32,65,12,11,34,26,20,37,8,31,9,30,46,37,24,53,45,40,40,24,52,36,48,36,43,15,7,52,10,63,29,55,4,12,36,4,32,42,44,51,1,22,56,35
23,1,63,15,32,31,27,9,21,14,13,15,7,22,15,25,27,16,15,27,22,21,11,0,16,24,27,14,2,29,1,36,26,16,7,22,39,22,19,1,14,16,27,35,24,43,27,16,33,27,23,21,21,38,1,21,24,4,13,14,61,14,26,17,15,25,20,21,14,37,26,7,25,1,9,29,2,21,18,14,16,18,24,16,15,37,36,54,1,32,71,68,38,32,33,22,54,20,2,25,34,29,26,16,23,18,23,32,26,31,42,36,27,30,15,45,26,40,27,34,24,16,41,1,56,20,41,12,2,26,9,22,32,37,43,10,12,67,26
24,15,46,21,18,16,32,7,27,8,7,22,14,28,20,30,31,2,1,35,26,26,7,16,0,31,31,20,14,34,16,42,31,2,8,28,44,27,26,14,20,20,32,41,11,50,32,23,39,33,26,28,28,46,15,26,29,14,6,22,52,20,31,6,20,29,26,28,21,45,34,19,30,15,7,36,16,26,7,3,2,6,30,20,21,39,41,60,16,40,52,51,46,16,41,30,58,6,16,30,20,13,32,6,28,6,27,38,33,18,48,39,33,36,22,52,30,46,31,39,10,6,48,15,60,25,50,5,15,32,10,29,38,40,50,7,18,52,33
25,25,47,16,40,37,3,32,11,37,37,16,17,13,15,12,4,31,29,8,11,10,35,24,31,0,2,15,22,6,25,16,11,33,30,10,14,10,18,23,15,15,12,15,40,20,12,15,10,8,9,12,12,18,26,10,25,26,34,15,46,16,3,35,16,11,11,10,16,15,3,21,11,26,33,14,26,11,38,34,32,34,11,17,16,12,16,28,24,10,55,49,14,37,16,4,31,30,22,10,44,36,12,37,8,36,9,15,12,39,20,18,11,17,22,19,3,14,4,16,38,34,16,24,32,4,19,34,22,11,32,10,10,11,20,33,12,52,2
26,24,46,14,40,40,2,35,9,40,38,13,18,10,14,10,2,32,30,10,8,9,36,27,31,2,0,12,24,4,27,14,9,34,31,7,12,7,15,25,13,13,10,13,43,18,10,14,8,10,7,10,10,15,28,8,22,29,35,14,50,12,1,36,13,8,10,8,13,12,2,19,9,27,35,12,26,8,39,35,32,35,9,15,13,10,14,28,24,9,54,54,14,39,13,3,28,31,24,8,45,36,10,39,10,36,11,13,10,39,18,15,8,15,21,18,1,14,2,14,39,38,16,26,29,6,18,37,25,9,36,8,8,10,19,35,13,54,4
27,14,62,1,32,31,15,23,7,28,26,1,8,7,1,10,12,22,20,23,7,7,26,14,20,15,12,0,13,15,16,21,11,23,22,8,22,8,4,15,1,1,11,20,30,30,13,3,17,22,8,8,8,24,15,7,10,19,26,1,60,1,13,26,1,10,5,8,1,24,14,8,11,16,24,17,16,6,27,22,23,25,11,3,1,21,24,39,14,20,66,64,23,31,20,11,41,20,14,10,32,28,12,25,22,24,23,20,13,33,30,21,13,14,8,28,12,25,12,20,31,25,28,15,39,16,28,25,14,11,24,8,17,22,30,24,12,66,16
28,1,58,13,31,29,26,10,20,15,14,14,6,21,14,23,24,16,16,26,20,20,11,2,14,22,24,13,0,28,2,35,23,16,9,21,37,22,18,1,14,14,26,35,23,43,26,16,31,26,20,21,21,39,2,20,23,5,12,13,65,14,25,18,13,22,18,22,14,38,25,6,25,2,10,28,3,20,17,14,16,18,23,14,14,35,36,48,1,34,67,62,39,30,32,21,52,20,2,23,33,26,26,16,22,17,24,34,26,30,44,35,26,27,14,45,24,39,24,34,23,15,40,1,52,19,43,12,2,25,10,20,30,33,42,11,12,68,25
29,28,49,16,44,43,4,39,9,42,42,14,22,10,15,10,4,36,36,11,9,9,41,29,34,6,4,15,28,0,29,14,9,37,38,8,8,8,15,30,15,14,10,13,46,16,10,14,7,10,8,10,10,14,31,9,22,33,41,16,51,15,4,41,16,8,11,8,16,9,3,24,9,31,40,12,30,9,42,38,36,41,9,15,16,6,14,23,30,7,54,53,9,40,13,7,26,36,29,8,46,40,10,41,10,40,12,12,10,43,15,14,8,14,20,14,5,10,4,13,46,40,11,30,25,10,15,39,29,8,38,8,8,6,14,40,17,52,4
30,1,61,15,32,32,26,10,23,14,13,16,8,23,15,26,26,18,16,30,21,22,10,1,16,25,27,16,2,29,0,34,26,17,8,23,36,22,19,2,16,16,26,35,23,45,27,17,32,29,23,22,22,40,1,21,25,4,14,15,65,16,25,19,15,24,20,23,16,37,29,7,25,1,8,31,2,20,18,14,17,19,26,17,14,36,37,50,2,34,65,66,40,32,35,24,54,20,2,26,34,27,27,17,23,18,25,33,28,32,43,34,28,28,15,45,26,40,26,34,24,16,41,2,53,20,44,12,2,25,9,22,30,36,42,10,13,70,27
31,36,59,20,49,49,15,45,14,47,45,20,29,14,20,11,12,42,40,23,14,15,45,36,42,16,14,21,35,14,34,0,10,41,43,13,16,13,16,35,21,20,9,1,53,9,9,18,6,23,13,14,13,4,34,13,12,40,45,21,63,20,13,45,20,11,16,13,20,7,15,28,10,37,44,5,34,15,45,41,45,46,10,20,20,8,3,18,35,6,64,64,8,48,1,12,20,39,35,11,52,46,9,47,22,47,23,2,8,48,8,2,7,7,22,10,12,8,12,2,51,47,20,34,20,16,8,43,34,9,46,14,6,12,9,43,24,68,16
32,24,58,11,40,36,10,35,4,39,36,11,18,4,12,2,8,32,32,20,4,4,37,26,31,11,9,11,23,9,26,10,0,33,31,3,12,4,8,24,11,12,1,10,42,18,2,8,7,18,4,4,4,13,26,4,14,29,35,11,56,11,8,36,11,1,6,4,11,13,10,20,1,27,34,6,28,5,38,33,35,38,1,10,11,10,12,26,24,9,62,60,13,39,10,7,28,32,24,2,42,36,1,39,19,36,19,9,2,39,18,10,3,6,12,19,8,14,8,9,40,38,16,25,28,12,18,36,25,1,36,4,6,10,19,36,13,64,12
33,16,50,22,16,15,34,8,30,6,5,22,15,30,22,34,34,2,3,38,30,28,8,16,2,33,34,23,16,37,17,41,33,0,9,32,44,30,25,15,22,23,36,42,8,49,33,25,40,34,30,29,28,45,16,30,30,16,4,22,55,23,34,4,24,34,28,30,22,44,34,20,32,16,8,37,18,28,5,3,1,4,31,24,23,42,45,60,16,43,52,50,46,15,41,30,61,4,18,31,19,12,33,4,28,4,29,41,34,16,49,42,37,36,24,52,33,48,34,40,8,4,49,16,64,28,48,5,17,34,11,31,39,42,50,8,20,53,33
34,8,51,22,26,24,33,2,29,7,6,21,14,28,22,32,34,9,8,34,28,28,3,7,8,30,31,22,9,38,8,43,31,9,0,30,45,28,26,8,22,23,32,42,16,52,32,24,40,36,30,29,28,44,8,29,30,6,6,21,56,22,32,10,22,33,26,28,22,44,34,14,31,8,2,36,9,29,11,7,10,10,32,23,22,42,43,62,8,42,62,59,44,24,41,31,63,13,9,32,26,21,32,9,28,11,29,41,35,26,48,42,37,36,20,52,33,44,32,42,16,9,47,8,59,28,48,5,9,32,2,29,38,41,49,4,20,58,33
35,23,55,8,37,35,9,31,2,38,35,8,15,3,8,3,6,28,28,17,2,2,31,22,28,10,7,8,21,8,23,13,3,32,30,0,15,1,8,23,8,9,4,12,37,20,4,7,9,17,1,3,3,16,24,2,15,27,35,8,58,8,7,34,8,2,4,1,9,16,8,16,3,24,33,8,24,2,34,31,30,35,3,8,8,13,15,31,22,12,62,57,16,36,13,5,32,30,22,2,42,33,4,34,17,32,18,11,4,39,21,13,6,8,14,22,6,17,6,11,38,34,18,23,31,10,21,34,22,3,30,1,9,12,22,33,10,59,10
36,37,46,23,52,49,11,46,16,49,51,23,31,17,22,14,11,44,43,9,16,16,46,39,44,14,12,22,37,8,36,16,12,44,45,15,0,16,19,38,23,22,12,15,55,18,12,20,10,10,16,16,17,18,40,16,24,42,46,24,49,22,12,50,23,13,18,16,22,9,11,32,12,36,45,15,40,17,49,47,44,49,13,22,24,8,16,16,38,10,50,51,9,49,15,14,17,44,36,13,54,50,12,51,17,50,17,15,12,52,18,16,10,17,23,12,13,8,12,16,53,47,4,37,18,18,18,49,36,12,44,15,10,5,13,46,25,51,12
37,22,56,8,36,35,9,31,2,34,34,8,15,3,8,3,6,28,27,18,2,2,30,22,27,10,7,8,22,8,22,13,4,30,28,1,16,0,8,22,8,7,5,14,39,21,5,7,10,16,1,3,3,16,24,1,16,24,31,8,56,8,6,32,7,3,3,1,8,17,8,16,4,22,30,8,24,2,35,30,29,34,4,8,7,14,16,30,21,12,64,62,16,34,13,6,32,27,22,3,41,34,4,34,16,32,18,12,5,38,21,14,7,8,15,22,6,17,6,12,37,34,19,22,32,10,22,30,22,4,30,1,9,13,22,32,10,60,11
38,19,63,4,33,31,16,27,6,31,30,4,12,5,4,6,14,23,23,26,6,7,29,19,26,18,15,4,18,15,19,16,8,25,26,8,19,8,0,18,4,4,8,16,32,26,8,2,14,24,8,5,5,19,20,8,7,22,30,4,66,4,15,29,4,7,6,8,4,20,16,12,7,19,27,13,19,7,30,27,27,30,7,3,4,17,20,35,18,16,72,67,21,34,16,13,37,26,16,7,37,30,8,30,24,29,27,16,9,32,26,17,10,11,7,26,14,20,14,16,35,30,22,19,34,18,24,28,18,7,26,8,12,18,25,28,13,68,18
39,1,60,14,32,30,28,9,20,14,13,14,7,22,15,24,25,16,15,29,21,20,10,1,14,23,25,15,1,30,2,35,24,15,8,23,38,22,18,0,14,15,27,34,24,44,26,18,31,29,21,22,21,36,2,21,24,4,12,15,64,14,26,18,14,24,20,21,15,36,26,7,26,2,9,31,3,20,18,14,15,17,24,16,15,35,38,53,1,34,67,62,39,30,35,22,52,20,2,24,34,27,26,16,23,16,23,32,27,30,42,36,28,27,14,43,26,39,25,33,23,15,40,1,55,20,43,12,2,26,9,22,29,34,42,11,12,66,26
40,15,58,1,30,31,14,24,7,29,27,1,8,7,1,10,12,20,19,22,7,7,25,14,20,15,13,1,14,15,16,21,11,22,22,8,23,8,4,14,0,1,12,20,32,28,12,3,17,22,8,7,7,24,16,7,10,18,26,1,64,1,12,27,1,10,5,7,1,23,13,8,11,16,23,16,16,6,28,24,22,26,10,3,1,21,23,38,14,19,67,65,23,32,21,10,38,21,14,10,33,28,12,28,23,26,24,19,12,31,28,20,14,14,8,30,13,25,12,19,30,28,25,14,41,15,28,24,14,11,24,7,17,21,30,24,11,68,16
41,15,60,1,30,30,14,24,7,29,28,1,8,8,1,10,12,22,20,23,7,7,26,16,20,15,13,1,14,14,16,20,12,23,23,9,22,7,4,15,1,0,12,21,30,29,12,3,17,22,8,7,7,24,16,8,10,18,25,1,62,1,12,27,1,10,5,8,1,24,14,8,11,16,24,16,16,6,27,23,23,27,10,3,1,22,22,39,14,19,64,66,23,32,20,11,40,20,13,10,34,28,11,28,22,25,24,20,12,31,29,20,14,15,8,28,12,25,12,20,31,26,27,15,42,16,29,24,14,11,24,7,17,22,29,25,11,69,16
42,27,56,12,42,37,11,36,5,39,39,12,20,5,12,2,8,32,30,20,6,6,35,27,32,12,10,11,26,10,26,9,1,36,32,4,12,5,8,27,12,12,0,8,42,18,1,9,6,19,5,5,5,13,27,5,14,30,38,12,58,12,8,38,12,2,8,5,11,12,11,19,1,28,36,5,28,6,37,34,34,36,2,12,12,10,11,26,26,8,64,60,12,38,9,8,29,33,26,2,44,37,1,39,18,37,21,8,1,42,18,9,2,6,12,18,8,14,8,8,43,38,15,26,30,13,17,36,26,1,36,5,6,9,17,38,14,65,13
43,35,61,20,48,48,15,42,13,48,48,20,27,14,20,10,12,42,38,23,14,13,46,35,41,15,13,20,35,13,35,1,10,42,42,12,15,14,16,34,20,21,8,0,48,9,8,18,6,22,13,14,14,4,34,14,11,40,46,21,63,20,13,46,20,10,16,14,21,7,14,28,10,37,42,5,37,15,46,44,44,46,10,20,20,8,3,18,34,6,70,68,8,48,1,12,20,42,34,10,54,46,9,44,23,47,24,2,9,51,8,2,7,6,21,10,13,8,12,2,52,46,19,35,20,16,8,44,35,10,44,14,6,11,9,44,22,63,16
44,24,55,31,8,8,42,15,36,12,12,31,24,36,30,39,43,10,12,46,36,37,16,24,11,40,43,30,23,46,23,53,42,8,16,37,55,39,32,24,32,30,42,48,0,58,44,33,48,46,36,39,37,54,24,38,38,23,11,30,64,31,41,6,32,39,34,36,32,54,41,29,41,23,16,47,26,35,6,10,8,7,40,32,30,52,55,68,22,52,61,58,52,8,50,40,68,10,26,40,11,5,42,8,38,6,37,51,41,8,61,52,46,44,30,60,40,52,42,51,1,8,56,22,70,38,58,12,25,41,18,36,48,49,56,16,29,63,40
45,42,64,30,56,57,18,51,24,55,57,29,35,21,30,20,18,50,50,26,22,23,54,43,50,20,18,30,43,16,45,9,18,49,52,20,18,21,26,44,28,29,18,9,58,0,18,26,12,25,22,23,21,6,44,23,20,48,56,29,66,30,19,56,28,20,24,22,30,10,16,36,18,43,50,14,45,24,55,50,49,54,20,27,29,11,6,18,44,10,70,65,11,58,10,21,19,51,43,20,61,55,17,53,25,55,27,10,17,57,1,9,16,16,30,6,19,11,18,10,60,54,21,44,17,23,1,56,41,18,50,22,13,14,6,52,31,69,19
46,26,55,12,42,38,12,35,6,40,37,12,20,5,12,2,9,31,30,20,6,6,36,27,32,12,10,13,26,10,27,9,2,33,32,4,12,5,8,26,12,12,1,8,44,18,0,10,6,18,5,5,5,12,26,5,12,29,38,12,61,12,9,39,12,2,8,5,12,12,11,20,2,28,34,4,28,6,40,35,34,37,2,12,12,9,12,26,26,8,66,60,12,40,8,8,29,32,26,2,46,37,1,39,19,37,22,8,1,40,17,9,2,5,12,18,9,13,9,8,42,36,16,26,28,13,16,37,26,2,36,5,5,9,18,37,14,62,14
47,17,59,3,32,32,15,26,6,30,30,3,10,5,3,7,12,24,23,25,5,6,27,16,23,15,14,3,16,14,17,18,8,25,24,7,20,7,2,18,3,3,9,18,33,26,10,0,15,24,7,5,5,22,18,6,9,20,27,2,63,3,13,27,3,8,5,6,3,20,14,11,9,18,26,13,18,6,30,26,25,27,8,2,2,18,21,36,16,17,65,67,21,32,18,11,39,24,15,7,36,30,10,30,24,28,24,16,10,33,28,19,11,12,8,28,13,23,12,18,32,28,25,18,39,17,26,28,16,8,25,6,14,18,26,26,11,69,17
48,32,57,18,49,44,9,40,11,47,44,18,25,11,18,8,6,38,37,17,11,12,42,33,39,10,8,17,31,7,32,6,7,40,40,9,10,10,14,31,17,17,6,6,48,12,6,15,0,16,11,10,11,8,32,11,15,34,43,18,54,18,7,43,18,8,14,10,17,6,8,26,7,32,39,6,32,12,44,38,41,43,7,16,17,4,8,21,32,2,60,61,7,43,6,9,22,39,32,8,50,46,6,43,18,44,18,6,6,49,11,8,4,8,18,12,7,7,6,7,47,43,13,32,22,12,11,41,30,7,40,10,1,6,11,43,21,64,10
49,27,40,22,42,40,8,38,18,43,40,22,22,19,22,20,11,34,34,1,17,17,37,27,33,8,10,22,26,10,29,23,18,34,36,17,10,16,24,29,22,22,19,22,46,25,18,24,16,0,16,19,20,24,29,18,31,31,38,22,40,24,11,40,22,18,19,17,22,15,9,28,18,28,36,22,29,18,41,36,34,40,18,25,24,14,24,24,28,17,44,44,15,42,23,12,26,33,27,18,44,40,20,40,8,37,8,22,20,44,24,24,18,24,31,20,10,15,11,23,46,40,14,28,28,8,25,38,26,19,36,16,17,12,18,39,17,43,6
50,22,57,8,35,35,9,30,2,33,33,8,15,4,8,3,6,29,26,17,2,2,32,23,26,9,7,8,20,8,23,13,4,30,30,1,16,1,8,21,8,8,5,13,36,22,5,7,11,16,0,3,3,16,24,1,15,26,34,8,54,8,6,34,8,3,3,1,8,16,8,16,4,23,30,9,24,2,36,29,31,34,4,8,7,13,16,30,22,12,59,59,17,34,13,6,32,27,20,3,42,34,5,33,16,31,19,12,5,36,22,14,7,8,14,22,7,17,6,12,38,34,19,22,34,11,22,32,22,4,31,1,10,13,21,33,10,58,10
51,22,55,8,34,33,12,30,2,34,36,8,14,1,8,3,9,28,26,20,2,2,32,21,28,12,10,8,21,10,22,14,4,29,29,3,16,3,5,22,7,7,5,14,39,23,5,5,10,19,3,0,1,17,22,3,12,26,32,7,60,8,10,34,8,3,3,3,7,16,11,15,4,22,31,9,23,2,34,30,29,32,4,7,8,14,16,29,21,12,68,62,17,35,13,8,32,28,20,3,39,34,5,32,19,32,22,13,5,35,22,14,7,8,11,22,9,17,9,12,36,34,20,22,32,13,22,33,21,4,29,3,10,14,21,30,10,65,13
52,22,59,8,37,35,12,31,2,34,34,7,15,1,7,3,9,28,27,20,2,2,32,21,28,12,10,8,21,10,22,13,4,28,28,3,17,3,5,21,7,7,5,14,37,21,5,5,11,20,3,1,0,17,22,3,12,25,33,7,60,8,10,31,7,3,3,3,7,16,12,15,4,23,30,9,22,2,36,31,31,34,4,6,7,14,16,32,21,13,66,59,17,34,14,8,34,28,20,3,39,35,5,32,19,33,21,13,5,36,22,14,7,8,11,23,10,18,9,13,38,34,19,22,34,13,20,32,22,4,31,3,10,14,23,32,10,64,14
53,37,64,24,52,51,17,46,18,53,50,24,32,17,24,15,14,46,44,26,17,18,47,38,46,18,15,24,39,14,40,4,13,45,44,16,18,16,19,36,24,24,13,4,54,6,12,22,8,24,16,17,17,0,40,16,15,43,51,24,61,23,14,48,24,15,19,17,24,9,16,32,13,38,48,9,40,18,49,47,47,47,14,22,24,10,1,18,36,8,73,64,10,51,4,16,17,43,38,14,54,49,12,52,23,47,26,5,12,54,5,4,11,10,24,6,15,10,14,5,52,52,22,37,17,18,5,47,38,14,46,17,8,13,6,46,26,67,18
54,2,63,15,32,32,26,9,22,12,12,16,8,22,15,25,28,17,15,28,22,23,9,1,15,26,28,15,2,31,1,34,26,16,8,24,40,24,20,2,16,16,27,34,24,44,26,18,32,29,24,22,22,40,0,22,25,3,13,16,62,15,25,17,16,25,20,23,16,38,27,8,27,1,8,31,2,21,18,14,17,18,25,17,15,35,40,51,2,34,68,65,38,31,36,24,54,20,2,25,33,28,27,17,24,18,26,35,27,31,44,38,30,29,15,46,28,40,28,34,24,16,42,2,54,22,44,13,2,25,8,24,33,34,42,10,13,64,26
55,21,56,8,36,36,9,29,2,34,34,7,15,3,8,3,7,28,28,18,2,1,33,21,26,10,8,7,20,9,21,13,4,30,29,2,16,1,8,21,7,8,5,14,38,23,5,6,11,18,1,3,3,16,22,0,15,26,33,7,54,7,7,34,7,3,2,1,7,16,8,15,4,21,30,9,23,2,34,28,31,33,4,8,8,13,16,31,20,12,62,60,17,34,14,6,34,28,21,3,38,34,5,34,17,34,19,13,6,36,23,14,7,8,14,24,7,18,7,13,35,34,19,22,34,11,21,31,21,4,30,1,10,14,23,30,10,64,11
56,23,72,10,40,39,24,32,14,38,37,9,16,12,10,13,20,30,29,33,14,14,35,24,29,25,22,10,23,22,25,12,14,30,30,15,24,16,7,24,10,10,14,11,38,20,12,9,15,31,15,12,12,15,25,15,0,27,36,10,68,10,20,34,9,15,13,15,9,16,22,17,13,24,32,10,26,14,36,32,32,33,13,9,9,18,15,30,22,14,75,74,17,38,12,20,30,31,22,14,43,37,14,35,31,36,33,10,13,40,20,12,15,7,10,20,20,18,22,10,41,33,27,24,30,26,19,32,22,14,33,15,15,20,20,34,20,77,26
57,4,57,18,31,29,30,8,24,11,11,19,11,25,18,27,29,16,15,32,25,25,8,4,14,26,29,19,5,33,4,40,29,16,6,27,42,24,22,4,18,18,30,40,23,48,29,20,34,31,26,26,25,43,3,26,27,0,12,19,64,19,28,17,18,28,23,24,18,41,31,10,28,3,7,33,4,25,17,12,14,16,29,20,18,37,41,54,5,36,66,66,41,30,37,26,55,18,5,28,34,28,29,14,24,17,24,38,32,32,47,38,30,32,18,49,28,42,31,36,22,15,46,4,57,24,48,11,5,28,6,25,35,37,49,8,16,66,29
58,13,50,26,18,18,38,5,34,3,2,25,19,33,25,36,38,5,6,38,32,33,5,13,6,34,35,26,12,41,14,45,35,4,6,35,46,31,30,12,26,25,38,46,11,56,38,27,43,38,34,32,33,51,13,33,36,12,0,26,60,25,35,5,26,34,29,34,25,48,38,18,36,13,6,40,16,32,5,3,4,5,37,26,26,44,47,63,13,44,60,50,49,18,47,33,62,7,14,36,22,16,36,3,32,5,32,45,38,20,52,47,40,40,24,57,35,51,38,44,11,3,50,12,68,32,51,2,14,37,8,34,43,45,56,5,23,55,37
59,15,63,1,30,31,15,24,7,28,28,1,8,7,1,10,12,21,19,23,7,7,26,14,22,15,14,1,13,16,15,21,11,22,21,8,24,8,4,15,1,1,12,21,30,29,12,2,18,22,8,7,7,24,16,7,10,19,26,0,64,1,12,26,1,10,5,7,1,23,14,8,12,16,24,16,16,6,28,22,23,26,11,2,1,21,22,39,14,19,69,66,24,31,20,12,41,20,14,10,34,28,12,28,22,27,23,19,12,32,29,21,14,14,8,29,12,24,12,20,30,25,25,14,39,16,28,24,13,11,23,7,17,21,29,26,11,66,16
60,60,8,60,62,60,48,57,60,60,57,59,59,58,59,57,52,52,50,38,57,59,57,61,52,46,50,60,65,51,65,63,56,55,56,58,49,56,66,64,64,62,58,63,64,66,61,63,54,40,54,60,60,61,62,54,68,64,60,64,0,62,51,55,62,58,60,56,59,54,49,70,59,61,56,63,63,57,57,58,56,60,59,62,59,53,61,45,64,55,6,6,56,60,60,49,45,52,62,57,68,61,56,58,39,58,39,61,59,61,63,61,55,62,73,57,50,52,48,60,64,61,43,64,49,46,65,58,61,55,58,58,58,52,59,55,50,5,48
61,15,60,1,30,31,14,23,7,28,26,1,8,7,1,10,12,21,20,24,7,7,25,14,20,16,12,1,14,15,16,20,11,23,22,8,22,8,4,14,1,1,12,20,31,30,12,3,18,24,8,8,8,23,15,7,10,19,25,1,62,0,12,27,1,10,5,8,1,24,14,8,11,16,24,16,16,6,28,22,22,26,11,2,1,21,23,40,14,20,64,67,24,29,21,11,41,22,14,10,33,28,12,27,24,25,24,20,12,31,28,20,13,14,9,30,12,24,12,20,30,26,27,15,39,16,27,24,14,11,25,7,17,20,30,26,12,65,16
62,25,47,14,40,40,3,32,8,38,38,12,18,10,12,9,1,31,31,11,8,8,36,26,31,3,1,13,25,4,25,13,8,34,32,7,12,6,15,26,12,12,8,13,41,19,9,13,7,11,6,10,10,14,25,7,20,28,35,12,51,12,0,38,13,8,8,7,12,12,2,19,8,27,35,12,27,8,38,33,34,35,8,15,13,10,14,28,26,9,55,55,14,38,13,2,30,33,24,8,42,38,9,37,11,36,12,12,9,39,17,14,7,14,20,18,1,14,1,13,40,37,16,25,28,6,18,35,25,8,34,7,7,10,18,34,14,56,4
63,17,49,26,14,14,37,9,33,5,6,26,18,32,26,36,38,5,7,40,31,32,8,17,6,35,36,26,18,41,19,45,36,4,10,34,50,32,29,18,27,27,38,46,6,56,39,27,43,40,34,34,31,48,17,34,34,17,5,26,55,27,38,0,25,34,31,34,26,51,36,22,37,17,10,40,20,32,2,4,4,1,37,27,27,45,50,65,17,46,56,52,49,13,48,33,66,5,19,34,18,11,38,2,33,1,31,46,37,14,52,46,41,40,24,57,35,52,39,43,6,2,53,17,67,30,52,6,18,37,12,34,44,47,54,8,23,58,36
64,15,60,1,31,30,14,22,7,28,28,1,8,7,1,10,12,20,19,24,7,7,26,15,20,16,13,1,13,16,15,20,11,24,22,8,23,7,4,14,1,1,12,20,32,28,12,3,18,22,8,8,7,24,16,7,9,18,26,1,62,1,13,25,0,10,5,8,1,24,14,9,12,15,24,15,16,6,28,22,23,27,10,2,1,21,22,36,14,20,70,66,23,30,20,11,39,20,14,10,35,28,12,27,23,26,23,19,12,32,29,21,14,14,8,30,12,25,12,20,31,27,26,15,40,16,27,24,14,11,24,8,16,21,28,24,11,65,16
65,25,56,10,40,38,10,32,4,37,36,10,18,3,10,2,8,30,29,19,4,4,33,25,29,11,8,10,22,8,24,11,1,34,33,2,13,3,7,24,10,10,2,10,39,20,2,8,8,18,3,3,3,15,25,3,15,28,34,10,58,10,8,34,10,0,6,3,10,13,9,18,1,26,34,6,26,4,36,33,33,34,1,10,10,12,13,29,24,10,62,62,13,35,11,6,30,30,22,1,44,37,2,36,17,34,20,10,2,40,18,11,4,7,14,20,8,15,7,10,40,35,17,24,29,11,19,33,23,1,33,3,7,11,19,34,12,59,12
66,19,57,5,35,31,11,28,2,34,31,5,13,3,5,5,9,26,25,20,2,2,30,20,26,11,10,5,18,11,20,16,6,28,26,4,18,3,6,20,5,5,8,16,34,24,8,5,14,19,3,3,3,19,20,2,13,23,29,5,60,5,8,31,5,6,0,3,5,19,10,13,6,20,28,11,20,2,31,28,27,32,6,6,5,16,19,32,19,15,65,60,20,32,16,8,35,24,18,6,36,30,7,31,18,31,20,15,8,34,24,16,9,10,12,25,9,20,8,15,36,30,22,19,35,12,23,28,18,6,28,3,12,17,24,30,8,66,14
67,23,53,8,38,35,9,31,1,34,33,8,14,3,8,3,6,29,28,17,1,1,34,21,28,10,8,8,22,8,23,13,4,30,28,1,16,1,8,21,7,8,5,14,36,22,5,6,10,17,1,3,3,17,23,1,15,24,34,7,56,8,7,34,8,3,3,0,8,16,9,15,4,23,30,9,23,2,33,29,29,34,4,8,8,14,15,30,21,12,61,59,17,36,14,6,33,30,20,3,40,32,5,35,17,31,18,12,5,35,22,14,7,8,14,23,7,18,6,12,39,32,19,21,32,10,20,33,21,4,31,1,9,14,22,32,10,63,12
68,14,62,1,30,32,14,23,6,27,27,1,8,8,1,10,12,22,20,24,7,7,26,14,21,16,13,1,14,16,16,20,11,22,22,9,22,8,4,15,1,1,11,21,32,30,12,3,17,22,8,7,7,24,16,7,9,18,25,1,59,1,12,26,1,10,5,8,0,23,14,8,11,15,23,16,16,6,27,24,22,25,11,2,1,20,24,36,14,20,69,68,25,30,20,12,39,21,13,10,35,28,12,27,23,26,25,20,12,31,28,20,14,14,8,29,12,26,12,18,30,26,27,14,40,16,29,25,13,11,23,8,16,22,28,24,12,69,16
69,37,52,25,53,48,12,45,17,49,51,23,30,17,24,14,12,46,44,16,17,17,48,37,45,15,12,24,38,9,37,7,13,44,44,16,9,17,20,36,23,24,12,7,54,10,12,20,6,15,16,16,16,9,38,16,16,41,48,23,54,24,12,51,24,13,19,16,23,0,11,31,13,40,47,8,40,18,50,44,45,47,13,22,24,3,9,15,37,4,58,59,1,50,7,14,18,45,36,14,54,48,12,48,17,49,18,6,12,53,9,9,10,10,24,7,13,2,12,8,52,47,12,36,17,18,9,49,35,13,49,16,7,4,6,50,26,60,12
70,27,49,14,41,41,1,37,10,40,41,14,19,11,14,10,2,34,33,10,10,10,37,26,34,3,2,14,25,3,29,15,10,34,34,8,11,8,16,26,13,14,11,14,41,16,11,14,8,9,8,11,12,16,27,8,22,31,38,14,49,14,2,36,14,9,10,9,14,11,0,22,10,28,36,13,29,9,39,37,36,39,10,16,14,8,15,25,27,8,55,50,11,38,14,4,27,34,26,9,45,39,10,40,9,39,10,14,10,43,16,15,9,16,22,17,2,12,2,15,42,39,14,26,26,7,17,36,25,10,34,9,9,8,17,37,15,53,3
71,6,68,8,36,34,21,16,16,20,19,8,8,16,8,18,20,21,20,30,14,14,16,7,19,21,19,8,6,24,7,28,20,20,14,16,32,16,12,7,8,8,19,28,29,36,20,11,26,28,16,15,15,32,8,15,17,10,18,8,70,8,19,22,9,18,13,15,8,31,22,0,20,7,16,23,8,14,23,18,20,22,18,10,8,28,31,46,6,28,76,67,31,36,27,17,48,24,6,17,40,32,19,20,27,22,30,28,20,38,35,29,23,22,8,38,20,32,19,27,29,21,34,6,47,21,35,17,5,19,16,15,24,30,36,16,16,69,23
72,26,56,11,41,40,11,34,4,38,38,11,18,4,11,2,8,33,29,20,5,4,37,25,30,11,9,11,25,9,25,10,1,32,31,3,12,4,7,26,11,11,1,10,41,18,2,9,7,18,4,4,4,13,27,4,13,28,36,12,59,11,8,37,12,1,6,4,11,13,10,20,0,26,33,5,27,5,39,32,32,35,1,10,11,10,13,27,24,8,61,63,13,39,10,7,30,30,24,2,44,36,1,36,18,37,18,9,2,38,17,10,3,6,13,19,8,14,8,8,40,38,15,25,28,12,17,34,24,1,36,4,6,10,18,35,14,61,12
73,1,63,16,32,33,27,9,23,13,12,16,8,22,16,24,26,17,16,30,23,22,10,1,15,26,27,16,2,31,1,37,27,16,8,24,36,22,19,2,16,16,28,37,23,43,28,18,32,28,23,22,23,38,1,21,24,3,13,16,61,16,27,17,15,26,20,23,15,40,28,7,26,0,8,31,2,22,18,14,16,18,26,16,16,37,36,55,2,34,66,64,39,32,35,24,56,20,2,24,35,28,26,17,24,17,26,35,26,33,43,36,28,29,16,44,27,39,27,34,24,16,42,1,55,20,43,13,2,26,8,22,31,37,46,10,13,67,28
74,9,53,24,24,25,36,1,28,5,5,24,15,30,24,33,36,9,8,36,29,30,2,9,7,33,35,24,10,40,8,44,34,8,2,33,45,30,27,9,23,24,36,42,16,50,34,26,39,36,30,31,30,48,8,30,32,7,6,24,56,24,35,10,24,34,28,30,23,47,36,16,33,8,0,39,10,29,10,6,9,10,33,25,24,44,46,59,10,42,58,58,48,23,44,32,63,13,10,32,27,20,34,9,30,10,30,40,34,24,51,43,38,36,23,52,33,49,34,42,16,8,50,9,61,28,53,5,10,35,3,30,38,43,54,2,22,59,33
75,32,58,16,43,41,14,40,10,44,44,16,24,9,16,6,11,36,36,22,10,10,40,29,36,14,12,17,28,12,31,5,6,37,36,8,15,8,13,31,16,16,5,5,47,14,4,13,6,22,9,9,9,9,31,9,10,33,40,16,63,16,12,40,15,6,11,9,16,8,13,23,5,31,39,0,33,10,41,37,37,41,6,14,16,7,8,22,31,5,69,65,8,43,5,10,23,35,30,6,50,43,4,43,22,42,23,4,4,43,13,5,4,3,17,13,11,9,11,4,47,42,18,29,24,15,13,41,30,5,38,8,5,10,14,41,18,67,16
76,2,61,15,32,32,28,11,22,15,14,17,8,24,17,25,26,18,18,30,24,23,11,2,16,26,26,16,3,30,2,34,28,18,9,24,40,24,19,3,16,16,28,37,26,45,28,18,32,29,24,23,22,40,2,23,26,4,16,16,63,16,27,20,16,26,20,23,16,40,29,8,27,2,10,33,0,23,19,16,18,19,26,18,16,36,40,55,3,36,67,64,41,34,36,26,55,22,3,25,37,29,28,18,25,20,26,35,28,34,43,37,30,29,16,45,26,40,27,34,27,17,43,3,53,22,44,14,3,26,8,24,34,35,45,11,14,72,28
77,20,53,6,36,32,10,28,1,35,33,6,14,2,6,4,8,28,25,18,1,1,30,21,26,11,8,6,20,9,20,15,5,28,29,2,17,2,7,20,6,6,6,15,35,24,6,6,12,18,2,2,2,18,21,2,14,25,32,6,57,6,8,32,6,4,2,2,6,18,9,14,5,22,29,10,23,0,33,29,28,32,5,8,6,16,16,32,20,14,62,58,18,32,14,6,35,27,19,4,38,32,6,31,18,32,19,14,7,35,23,15,8,8,14,23,8,19,8,13,37,31,21,19,34,12,23,30,20,6,31,2,11,14,22,31,8,59,12
78,17,50,26,15,14,40,9,33,6,6,28,20,35,28,36,38,7,8,40,34,34,10,18,7,38,39,27,17,42,18,45,38,5,11,34,49,35,30,18,28,27,37,46,6,55,40,30,44,41,36,34,36,49,18,34,36,17,5,28,57,28,38,2,28,36,31,33,27,50,39,23,39,18,10,41,19,33,0,5,5,2,37,29,27,46,47,63,18,48,58,55,48,13,46,35,66,7,19,38,16,10,37,2,34,2,32,44,39,14,57,46,42,40,27,56,38,52,38,44,6,2,54,17,68,33,56,6,18,37,13,34,42,48,57,10,24,58,40
79,14,49,22,19,18,33,6,30,5,4,23,15,30,23,34,34,3,4,35,29,28,5,14,3,34,35,22,14,38,14,41,33,3,7,31,47,30,27,14,24,23,34,44,10,50,35,26,38,36,29,30,31,47,14,28,32,12,3,22,58,22,33,4,22,33,28,29,24,44,37,18,32,14,6,37,16,29,5,0,3,4,34,25,23,41,44,60,13,44,53,50,48,18,41,31,62,7,15,34,22,15,36,4,28,4,29,43,34,19,51,43,35,36,22,52,32,45,33,40,10,4,49,13,62,28,49,2,14,34,9,30,39,42,50,5,20,54,34
80,16,49,22,16,14,34,8,29,6,5,23,15,30,24,34,33,2,3,37,28,29,8,16,2,32,32,23,16,36,17,45,35,1,10,30,44,29,27,15,22,23,34,44,8,49,34,25,41,34,31,29,31,47,17,31,32,14,4,23,56,22,34,4,23,33,27,29,22,45,36,20,32,16,9,37,18,28,5,3,0,4,33,23,23,43,44,61,16,41,53,52,44,15,44,32,64,4,18,33,18,13,36,4,29,4,28,41,34,15,51,43,36,36,23,52,32,45,34,41,8,4,50,15,61,27,49,5,17,34,11,31,38,44,50,8,20,54,35
81,18,50,27,16,14,36,9,33,5,5,26,18,32,26,34,38,5,6,39,34,32,9,18,6,34,35,25,18,41,19,46,38,4,10,35,49,34,30,17,26,27,36,46,7,54,37,27,43,40,34,32,34,47,18,33,33,16,5,26,60,26,35,1,27,34,32,34,25,47,39,22,35,18,10,41,19,32,2,4,4,0,34,27,26,44,50,64,16,46,59,55,50,14,44,36,64,5,18,36,17,11,37,2,33,1,33,46,39,16,55,44,39,41,25,57,35,49,37,46,6,2,54,17,66,33,55,6,18,36,13,34,44,44,53,9,23,59,38
82,24,56,11,41,37,10,32,4,40,38,10,18,4,11,2,8,32,30,19,4,4,35,24,30,11,9,11,23,9,26,10,1,31,32,3,13,4,7,24,10,10,2,10,40,20,2,8,7,18,4,4,4,14,25,4,13,29,37,11,59,11,8,37,10,1,6,4,11,13,10,18,1,26,33,6,26,5,37,34,33,34,0,10,10,11,13,28,24,9,62,62,14,36,10,7,30,32,24,1,43,36,2,38,18,36,20,9,2,38,19,10,4,7,12,19,8,14,8,9,41,38,17,26,30,12,18,36,24,1,33,3,6,10,18,34,13,61,12
83,15,63,2,32,34,18,23,7,30,29,2,9,6,2,10,14,22,21,24,7,7,25,16,20,17,15,3,14,15,17,20,10,24,23,8,22,8,3,16,3,3,12,20,32,27,12,2,16,25,8,7,6,22,17,8,9,20,26,2,62,2,15,27,2,10,6,8,2,22,16,10,10,16,25,14,18,8,29,25,23,27,10,0,2,20,22,38,15,18,71,64,23,32,19,13,38,22,15,10,35,30,11,26,24,25,25,18,11,33,29,20,12,14,6,29,15,23,14,18,31,28,26,15,40,18,28,25,14,10,24,8,16,20,28,26,13,66,20
84,14,61,1,32,32,15,22,7,28,28,1,8,7,1,10,12,20,20,22,7,7,24,15,21,16,13,1,14,16,14,20,11,23,22,8,24,7,4,15,1,1,12,20,30,29,12,2,17,24,7,8,7,24,15,8,9,18,26,1,59,1,13,27,1,10,5,8,1,24,14,8,11,16,24,16,16,6,27,23,23,26,10,2,0,21,24,37,14,20,69,66,24,31,20,11,41,21,14,10,34,27,12,28,22,26,24,20,12,32,30,20,13,14,8,30,12,25,12,19,30,26,28,15,41,16,30,26,14,11,24,7,17,20,30,25,11,65,16
85,36,53,22,51,49,9,45,14,47,46,22,27,13,22,12,10,40,38,16,14,14,43,37,39,12,10,21,35,6,36,8,10,42,42,13,8,14,17,35,21,22,10,8,52,11,9,18,4,14,13,14,14,10,35,13,18,37,44,21,53,21,10,45,21,12,16,14,20,3,8,28,10,37,44,7,36,16,46,41,43,44,11,20,21,0,10,18,36,2,61,58,4,46,8,12,18,40,32,12,56,47,9,48,14,46,16,8,8,50,11,10,8,10,21,9,10,4,10,9,49,45,11,33,20,15,11,46,32,10,44,14,4,3,9,43,22,56,10
86,36,62,22,54,48,15,48,16,48,48,22,32,16,22,14,14,44,42,24,17,16,48,36,41,16,14,24,36,14,37,3,12,45,43,15,16,16,20,38,23,22,11,3,55,6,12,21,8,24,16,16,16,1,40,16,15,41,47,22,61,23,14,50,22,13,19,15,24,9,15,31,13,36,46,8,40,16,47,44,44,50,13,22,24,10,0,17,35,8,69,66,9,50,3,15,17,45,36,13,57,50,12,49,25,47,24,4,11,51,6,3,9,9,23,7,14,9,14,4,53,48,21,35,18,18,6,47,37,12,45,16,7,12,6,48,26,70,18
87,50,46,39,68,67,26,58,32,68,67,37,46,30,38,28,27,60,60,24,31,31,63,54,60,28,28,39,48,23,50,18,26,60,62,31,16,30,35,53,38,39,26,18,68,18,26,36,21,24,30,29,32,18,51,31,30,54,63,39,45,40,28,65,36,29,32,30,36,15,25,46,27,55,59,22,55,32,63,60,61,64,28,38,37,18,17,0,54,18,54,51,14,65,18,28,2,57,52,29,72,62,26,64,32,64,30,18,26,66,18,17,25,24,40,13,26,14,25,18,67,66,12,52,2,32,18,63,53,26,62,29,21,18,12,62,38,51,27
88,1,60,14,32,30,26,10,20,15,13,14,6,21,14,24,24,16,15,28,20,21,12,1,16,24,24,14,1,30,2,35,24,16,8,22,38,21,18,1,14,14,26,34,22,44,26,16,32,28,22,21,21,36,2,20,22,5,13,14,64,14,26,17,14,24,19,21,14,37,27,6,24,2,10,31,3,20,18,13,16,16,24,15,14,36,35,54,0,34,68,63,36,30,35,22,52,20,2,24,34,27,26,16,24,17,23,32,26,31,44,33,27,28,14,44,23,39,25,32,24,16,40,1,52,20,43,12,2,25,10,20,30,35,45,11,12,68,25
89,35,55,20,49,46,9,42,13,47,47,20,28,12,20,10,8,40,40,17,13,13,43,32,40,10,9,20,34,7,34,6,9,43,42,12,10,12,16,34,19,19,8,6,52,10,8,17,2,17,12,12,13,8,34,12,14,36,44,19,55,20,9,46,20,10,15,12,20,4,8,28,8,34,42,5,36,14,48,44,41,46,9,18,20,2,8,18,34,0,59,58,5,45,6,11,21,42,34,10,50,46,8,46,17,44,18,6,8,46,10,8,6,8,20,10,9,6,8,7,49,44,14,34,20,14,10,44,34,8,41,12,3,5,10,44,23,61,11
90,71,8,66,60,62,54,60,64,62,58,67,64,64,67,64,57,52,52,46,65,64,61,71,52,55,54,66,67,54,65,64,62,52,62,62,50,64,72,67,67,64,64,70,61,70,66,65,60,44,59,68,66,73,68,62,75,66,60,69,6,64,55,56,70,62,65,61,69,58,55,76,61,66,58,69,67,62,58,53,53,59,62,71,69,61,69,54,68,59,0,6,60,62,71,56,51,51,70,66,62,58,67,57,45,58,45,66,62,62,67,72,64,72,72,62,54,58,58,70,60,57,48,71,51,52,68,59,71,66,61,59,60,58,66,57,56,2,52
91,64,5,66,58,56,52,57,62,56,57,63,61,62,64,61,54,51,48,44,61,60,56,68,51,49,54,64,62,53,66,64,60,50,59,57,51,62,67,62,65,66,60,68,58,65,60,67,61,44,59,62,59,64,65,60,74,66,50,66,6,67,55,52,66,62,60,59,68,59,50,67,63,64,58,65,64,58,55,50,52,55,62,64,66,58,66,51,63,58,6,0,56,54,65,55,52,49,67,60,60,53,64,52,42,56,41,61,61,58,71,69,61,64,74,60,52,59,52,68,58,55,46,67,48,52,71,51,64,62,60,59,60,55,64,57,54,4,50
92,40,52,25,50,52,12,45,18,53,50,24,30,18,23,14,12,45,42,16,17,17,48,38,46,14,14,23,39,9,40,8,13,46,44,16,9,16,21,39,23,23,12,8,52,11,12,21,7,15,17,17,17,10,38,17,17,41,49,24,56,24,14,49,23,13,20,17,25,1,11,31,13,39,48,8,41,18,48,48,44,50,14,23,24,4,9,14,36,5,60,56,0,50,8,15,17,46,36,14,56,49,12,48,18,47,17,7,12,54,10,9,10,10,23,6,13,1,12,8,52,50,12,37,16,18,10,48,36,14,48,16,8,4,6,48,26,61,12
93,30,51,32,3,1,39,23,35,19,20,31,27,32,31,38,38,14,16,40,34,34,22,32,16,37,39,31,30,40,32,48,39,15,24,36,49,34,34,30,32,32,38,48,8,58,40,32,43,42,34,35,34,51,31,34,38,30,18,31,60,29,38,13,30,35,32,36,30,50,38,36,39,32,23,43,34,32,13,18,15,14,36,32,31,46,50,65,30,45,62,54,50,0,45,36,67,11,32,38,6,3,40,16,34,14,33,46,40,3,58,45,42,40,38,55,37,51,38,45,8,15,50,32,67,32,54,19,31,37,27,35,42,47,54,23,25,58,38
94,34,63,20,48,49,15,42,14,49,46,20,28,14,20,11,12,40,39,23,13,14,45,33,41,16,13,20,32,13,35,1,10,41,41,13,15,13,16,35,21,20,9,1,50,10,8,18,6,23,13,13,14,4,36,14,12,37,47,20,60,21,13,48,20,11,16,14,20,7,14,27,10,35,44,5,36,14,46,41,44,44,10,19,20,8,3,18,35,6,71,65,8,45,0,12,19,42,32,11,52,46,8,46,22,45,24,1,8,50,9,2,7,6,21,9,12,8,12,1,51,46,19,33,20,16,8,46,34,10,45,14,6,11,9,42,22,69,16
95,24,50,12,37,35,4,30,7,37,36,11,16,8,12,8,3,29,30,12,6,6,32,22,30,4,3,11,21,7,24,12,7,30,31,5,14,6,13,22,10,11,8,12,40,21,8,11,9,12,6,8,8,16,24,6,20,26,33,12,49,11,2,33,11,6,8,6,12,14,4,17,7,24,32,10,26,6,35,31,32,36,7,13,11,12,15,28,22,11,56,55,15,36,12,0,33,30,22,6,42,34,8,36,12,34,13,11,8,39,20,12,6,13,20,21,2,16,3,12,37,33,18,23,30,5,19,33,21,7,32,6,8,12,20,34,11,55,6
96,53,43,39,68,66,27,63,33,70,65,38,49,34,39,31,29,60,58,27,32,33,65,54,58,31,28,41,52,26,54,20,28,61,63,32,17,32,37,52,38,40,29,20,68,19,29,39,22,26,32,32,34,17,54,34,30,55,62,41,45,41,30,66,39,30,35,33,39,18,27,48,30,56,63,23,55,35,66,62,64,64,30,38,41,18,17,2,52,21,51,52,17,67,19,33,0,63,54,29,72,69,28,69,35,63,34,21,27,67,18,20,25,26,42,12,28,15,27,20,72,66,14,56,1,34,18,62,56,28,62,32,24,19,12,62,43,51,29
97,20,46,22,13,12,32,12,28,8,8,21,17,29,22,32,31,4,5,35,28,29,12,20,6,30,31,20,20,36,20,39,32,4,13,30,44,27,26,20,21,20,33,42,10,51,32,24,39,33,27,28,28,43,20,28,31,18,7,20,52,22,33,5,20,30,24,30,21,45,34,24,30,20,13,35,22,27,7,7,4,5,32,22,21,40,45,57,20,42,51,49,46,11,42,30,63,0,22,29,14,8,32,6,27,5,27,41,34,12,48,40,35,34,26,51,32,47,34,41,10,5,46,20,59,26,48,8,21,30,15,28,38,43,51,12,19,51,34
98,2,65,14,34,33,24,10,20,15,14,14,6,20,14,24,24,18,18,26,21,20,11,2,16,22,24,14,2,29,2,35,24,18,9,22,36,22,16,2,14,13,26,34,26,43,26,15,32,27,20,20,20,38,2,21,22,5,14,14,62,14,24,19,14,22,18,20,13,36,26,6,24,2,10,30,3,19,19,15,18,18,24,15,14,32,36,52,2,34,70,67,36,32,32,22,54,22,0,22,35,30,26,17,25,19,25,33,26,34,42,34,27,26,14,44,25,37,25,34,26,18,39,2,55,18,43,14,1,24,10,22,29,33,44,12,14,68,24
99,25,53,10,39,38,10,31,4,39,37,10,17,3,10,2,7,32,30,18,4,4,34,25,30,10,8,10,23,8,26,11,2,31,32,2,13,3,7,24,10,10,2,10,40,20,2,7,8,18,3,3,3,14,25,3,14,28,36,10,57,10,8,34,10,1,6,3,10,14,9,17,2,24,32,6,25,4,38,34,33,36,1,10,10,12,13,29,24,10,66,60,14,38,11,6,29,29,22,0,40,35,2,35,18,34,18,9,3,40,18,10,4,7,13,20,8,15,8,9,40,37,16,24,29,11,18,33,24,2,34,3,7,11,18,34,13,60,12
100,33,61,34,4,6,46,26,39,22,22,35,31,38,34,44,46,19,19,48,39,41,26,34,20,44,45,32,33,46,34,52,42,19,26,42,54,41,37,34,33,34,44,54,11,61,46,36,50,44,42,39,39,54,33,38,43,34,22,34,68,33,42,18,35,44,36,40,35,54,45,40,44,35,27,50,37,38,16,22,18,17,43,35,34,56,57,72,34,50,62,60,56,6,52,42,72,14,35,40,0,7,45,19,38,17,38,54,43,4,60,50,48,45,40,62,43,57,42,51,11,18,58,32,75,39,60,22,36,44,28,39,51,54,61,26,30,63,44
101,28,53,28,4,3,36,20,33,16,16,28,24,34,28,35,37,12,13,40,32,34,20,29,13,36,36,28,26,40,27,46,36,12,21,33,50,34,30,27,28,28,37,46,5,55,37,30,46,40,34,34,35,49,28,34,37,28,16,28,61,28,38,11,28,37,30,32,28,48,39,32,36,28,20,43,29,32,10,15,13,11,36,30,27,47,50,62,27,46,58,53,49,3,46,34,69,8,30,35,7,0,40,12,32,11,32,46,38,4,56,45,41,41,34,54,38,52,38,46,5,12,52,26,64,32,56,16,28,38,24,35,43,48,56,20,24,55,38
102,26,55,12,40,39,11,36,6,41,38,12,19,5,12,2,8,32,32,20,6,5,37,26,32,12,10,12,26,10,27,9,1,33,32,4,12,4,8,26,12,11,1,9,42,17,1,10,6,20,5,5,5,12,27,5,14,29,36,12,56,12,9,38,12,2,7,5,12,12,10,19,1,26,34,4,28,6,37,36,36,37,2,11,12,9,12,26,26,8,67,64,12,40,8,8,28,32,26,2,45,40,0,39,18,37,20,8,1,39,18,9,2,6,12,19,8,13,8,8,43,37,16,25,28,13,17,36,24,1,34,5,5,9,17,38,14,60,12
103,16,52,25,16,16,39,8,32,4,4,26,19,34,26,38,38,6,8,41,33,34,8,16,6,37,39,25,16,41,17,47,39,4,9,34,51,34,30,16,28,28,39,44,8,53,39,30,43,40,33,32,32,52,17,34,35,14,3,28,58,27,37,2,27,36,31,35,27,48,40,20,36,17,9,43,18,31,2,4,4,2,38,26,28,48,49,64,16,46,57,52,48,16,46,36,69,6,17,35,19,12,39,0,31,2,31,47,38,17,53,48,39,42,26,57,37,51,39,48,8,1,51,15,66,31,57,4,17,36,11,33,45,47,56,8,25,60,37
104,24,38,24,36,34,8,29,19,34,32,22,21,19,22,18,10,28,25,8,18,18,31,23,28,8,10,22,22,10,23,22,19,28,28,17,17,16,24,23,23,22,18,23,38,25,19,24,18,8,16,19,19,23,24,17,31,24,32,22,39,24,11,33,23,17,18,17,23,17,9,27,18,24,30,22,25,18,34,28,29,33,18,24,22,14,25,32,24,17,45,42,18,34,22,12,35,27,25,18,38,32,18,31,0,31,2,21,20,36,26,23,17,25,30,24,11,18,11,24,37,32,21,21,33,7,25,30,24,18,29,18,17,14,23,30,12,44,6
105,18,52,24,14,14,38,9,31,6,5,26,18,34,26,34,37,6,6,40,32,33,9,18,6,36,36,24,17,40,18,47,36,4,11,32,50,32,29,16,26,25,37,47,6,55,37,28,44,37,31,32,33,47,18,34,36,17,5,27,58,25,36,1,26,34,31,31,26,49,39,22,37,17,10,42,20,32,2,4,4,1,36,25,26,46,47,64,17,44,58,56,47,14,45,34,63,5,19,34,17,11,37,2,31,0,32,44,39,15,54,47,40,40,24,54,34,51,35,44,7,2,52,16,62,32,52,6,18,37,12,32,43,45,54,9,22,55,38
106,24,36,25,36,33,10,31,18,34,34,23,21,20,22,20,12,27,26,7,20,18,30,23,27,9,11,23,24,12,25,23,19,29,29,18,17,18,27,23,24,24,21,24,37,27,22,24,18,8,19,22,21,26,26,19,33,24,32,23,39,24,12,31,23,20,20,18,25,18,10,30,18,26,30,23,26,19,32,29,28,33,20,25,24,16,24,30,23,18,45,41,17,33,24,13,34,27,25,18,38,32,20,31,2,32,0,24,21,35,26,25,18,25,30,24,12,18,12,25,35,34,21,25,34,8,26,31,24,20,29,19,18,14,23,30,14,42,7
107,34,61,20,50,45,14,41,13,49,46,19,27,13,20,10,11,40,38,23,13,12,46,32,38,15,13,20,34,12,33,2,9,41,41,11,15,12,16,32,19,20,8,2,51,10,8,16,6,22,12,13,13,5,35,13,10,38,45,19,61,20,12,46,19,10,15,12,20,6,14,28,9,35,40,4,35,14,44,43,41,46,9,18,20,8,4,18,32,6,66,61,7,46,1,11,21,41,33,9,54,46,8,47,21,44,24,0,7,50,10,2,6,5,19,11,12,7,11,2,51,43,18,34,20,15,10,44,32,8,41,12,5,10,10,44,22,64,16
108,28,58,12,40,40,11,35,6,41,38,13,19,5,13,2,9,33,33,20,6,6,37,26,33,12,10,13,26,10,28,8,2,34,35,4,12,5,9,27,12,12,1,9,41,17,1,10,6,20,5,5,5,12,27,6,13,32,38,12,59,12,9,37,12,2,8,5,12,12,10,20,2,26,34,4,28,7,39,34,34,39,2,11,12,8,11,26,26,8,62,61,12,40,8,8,27,34,26,3,43,38,1,38,20,39,21,7,0,40,17,9,2,6,13,18,9,12,9,7,42,38,16,28,29,13,16,36,26,2,36,5,5,8,18,36,14,64,13
109,32,53,32,1,2,42,23,37,20,20,31,28,35,32,40,42,16,17,42,35,36,24,31,18,39,39,33,30,43,32,48,39,16,26,39,52,38,32,30,31,31,42,51,8,57,40,33,49,44,36,35,36,54,31,36,40,32,20,32,61,31,39,14,32,40,34,35,31,53,43,38,38,33,24,43,34,35,14,19,15,16,38,33,32,50,51,66,31,46,62,58,54,3,50,39,67,12,34,40,4,4,39,17,36,15,35,50,40,0,57,48,41,43,38,56,41,52,40,48,9,16,56,33,68,36,56,21,32,39,27,37,44,50,56,24,28,58,40
110,41,62,30,58,56,17,52,23,54,58,30,36,22,29,19,16,48,48,24,21,23,53,42,48,20,18,30,44,15,43,8,18,49,48,21,18,21,26,42,28,29,18,8,61,1,17,28,11,24,22,22,22,5,44,23,20,47,52,29,63,28,17,52,29,18,24,22,28,9,16,35,17,43,51,13,43,23,57,51,51,55,19,29,30,11,6,18,44,10,67,71,10,58,9,20,18,48,42,18,60,56,18,53,26,54,26,10,17,57,0,8,16,15,30,6,19,10,17,10,57,56,21,44,16,23,1,55,40,18,52,22,13,14,6,55,32,71,20
111,33,63,21,50,46,16,42,14,50,46,20,27,14,20,11,14,40,40,24,14,14,45,36,39,18,15,21,35,14,34,2,10,42,42,13,16,14,17,36,20,20,9,2,52,9,9,19,8,24,14,14,14,4,38,14,12,38,47,21,61,20,14,46,21,11,16,14,20,9,15,29,10,36,43,5,37,15,46,43,43,44,10,20,20,10,3,17,33,8,72,69,9,45,2,12,20,40,34,10,50,45,9,48,23,47,25,2,9,48,8,0,7,7,22,10,14,9,13,2,48,47,21,36,20,17,8,43,32,10,44,14,7,13,8,44,24,65,18
112,29,58,14,43,39,10,36,8,42,41,14,20,7,14,4,7,35,34,18,7,7,40,27,33,11,8,13,26,8,28,7,3,37,37,6,10,7,10,28,14,14,2,7,46,16,2,11,4,18,7,7,7,11,30,7,15,30,40,14,55,13,7,41,14,4,9,7,14,10,9,23,3,28,38,4,30,8,42,35,36,39,4,12,13,8,9,25,27,6,64,61,10,42,7,6,25,35,27,4,48,41,2,39,17,40,18,6,2,41,16,7,0,7,14,17,7,12,7,6,42,38,14,26,25,10,15,39,27,3,36,7,3,7,16,38,17,62,12
113,28,64,14,41,43,16,38,8,42,40,15,22,7,14,6,14,35,34,26,8,8,40,30,36,17,15,14,27,14,28,7,6,36,36,8,17,8,11,27,14,15,6,6,44,16,5,12,8,24,8,8,8,10,29,8,7,32,40,14,62,14,14,40,14,7,10,8,14,10,16,22,6,29,36,3,29,8,40,36,36,41,7,14,14,10,9,24,28,8,72,64,10,40,6,13,26,34,26,7,45,41,6,42,25,40,25,5,6,43,15,7,7,0,15,16,14,10,14,5,46,42,20,28,25,18,14,38,27,6,37,8,8,13,16,38,17,68,19
114,14,65,8,41,38,24,24,12,26,26,8,11,11,8,12,20,25,22,30,13,13,24,15,22,22,21,8,14,20,15,22,12,24,20,14,23,15,7,14,8,8,12,21,30,30,12,8,18,31,14,11,11,24,15,14,10,18,24,8,73,9,20,24,8,14,12,14,8,24,22,8,13,16,23,17,16,14,27,22,23,25,12,6,8,21,23,40,14,20,72,74,23,38,21,20,42,26,14,13,40,34,12,26,30,24,30,19,13,38,30,22,14,15,0,30,20,26,21,21,30,25,28,15,42,24,30,24,13,12,23,14,18,21,30,25,18,76,25
115,43,55,29,59,55,18,51,24,58,58,29,35,23,29,19,18,51,51,20,23,24,52,45,52,19,18,28,45,14,45,10,19,52,52,22,12,22,26,43,30,28,18,10,60,6,18,28,12,20,22,22,23,6,46,24,20,49,57,29,57,30,18,57,30,20,25,23,29,7,17,38,19,44,52,13,45,23,56,52,52,57,19,29,30,9,7,13,44,10,62,60,6,55,9,21,12,51,44,20,62,54,19,57,24,54,24,11,18,56,6,10,17,16,30,0,18,6,19,10,57,56,16,44,12,23,6,53,43,18,52,23,13,9,1,54,33,64,19
116,25,48,13,38,39,3,34,8,38,36,12,18,9,12,9,1,30,29,11,8,8,36,26,30,3,1,12,24,5,26,12,8,33,33,6,13,6,14,26,13,12,8,13,40,19,9,13,7,10,7,9,10,15,28,7,20,28,35,12,50,12,1,35,12,8,9,7,12,13,2,20,8,27,33,11,26,8,38,32,32,35,8,15,12,10,14,26,23,9,54,52,13,37,12,2,28,32,25,8,43,38,8,37,11,34,12,12,9,41,19,14,7,14,20,18,0,14,1,14,40,37,16,24,28,6,17,35,24,8,34,7,8,10,19,35,14,57,4
117,38,51,25,55,49,12,46,18,52,52,24,32,17,24,15,13,44,45,16,18,18,48,40,46,14,14,25,39,10,40,8,14,48,44,17,8,17,20,39,25,25,14,8,52,11,13,23,7,15,17,17,18,10,40,18,18,42,51,24,52,24,14,52,25,15,20,18,26,2,12,32,14,39,49,9,40,19,52,45,45,49,14,23,25,4,9,14,39,6,58,59,1,51,8,16,15,47,37,15,57,52,13,51,18,51,18,7,12,52,10,9,12,10,26,6,14,0,13,8,57,48,11,38,16,20,10,46,37,14,49,17,8,4,5,47,27,57,14
118,25,51,13,39,38,3,33,8,40,37,12,18,10,12,9,1,32,30,11,8,7,36,27,31,4,2,12,24,4,26,12,8,34,32,6,12,6,14,25,12,12,8,12,42,18,9,12,6,11,6,9,9,14,28,7,22,31,38,12,48,12,1,39,12,7,8,6,12,12,2,19,8,27,34,11,27,8,38,33,34,37,8,14,12,10,14,25,25,8,58,52,12,38,12,3,27,34,25,8,42,38,8,39,11,35,12,11,9,40,17,13,7,14,21,19,1,13,0,12,43,36,15,27,29,6,17,38,24,8,36,7,7,10,18,36,14,55,5
119,33,62,20,47,46,16,42,13,44,47,20,28,12,20,9,12,40,40,25,13,12,43,34,39,16,14,20,34,13,34,2,9,40,42,11,16,12,16,33,19,20,8,2,51,10,8,18,7,23,12,12,13,5,34,13,10,36,44,20,60,20,13,43,20,10,15,12,18,8,15,27,8,34,42,4,34,13,44,40,41,46,9,18,19,9,4,18,32,7,70,68,8,45,1,12,20,41,34,9,51,46,8,48,24,44,25,2,7,48,10,2,6,5,21,10,14,8,12,0,50,45,20,35,22,17,10,43,34,9,44,12,6,12,10,45,21,65,17
120,24,58,29,9,8,43,15,36,12,12,30,23,38,32,40,42,10,11,44,37,36,15,24,10,38,39,31,23,46,24,51,40,8,16,38,53,37,35,23,30,31,43,52,1,60,42,32,47,46,38,36,38,52,24,35,41,22,11,30,64,30,40,6,31,40,36,39,30,52,42,29,40,24,16,47,27,37,6,10,8,6,41,31,30,49,53,67,24,49,60,58,52,8,51,37,72,10,26,40,11,5,43,8,37,7,35,51,42,9,57,48,42,46,30,57,40,57,43,50,0,8,58,23,67,36,59,12,25,39,18,39,47,52,59,15,26,62,40
121,16,50,25,16,16,37,7,31,4,4,25,19,34,25,36,37,6,6,40,34,32,7,16,6,34,38,25,15,40,16,47,38,4,9,34,47,34,30,15,28,26,38,46,8,54,36,28,43,40,34,34,34,52,16,34,33,15,3,25,61,26,37,2,27,35,30,32,26,47,39,21,38,16,8,42,17,31,2,4,4,2,38,28,26,45,48,66,16,44,57,55,50,15,46,33,66,5,18,37,18,12,37,1,32,2,34,43,38,16,56,47,38,42,25,56,37,48,36,45,8,0,50,16,68,30,55,4,17,36,11,33,41,48,53,8,23,57,36
122,40,40,26,54,51,15,48,20,56,54,26,33,19,26,17,16,45,48,13,19,21,52,41,48,16,16,28,40,11,41,20,16,49,47,18,4,19,22,40,25,27,15,19,56,21,16,25,13,14,19,20,19,22,42,19,27,46,50,25,43,27,16,53,26,17,22,19,27,12,14,34,15,42,50,18,43,21,54,49,50,54,17,26,28,11,21,12,40,14,48,46,12,50,19,18,14,46,39,16,58,52,16,51,21,52,21,18,16,56,21,21,14,20,28,16,16,11,15,20,58,50,0,40,13,22,20,51,39,15,48,20,14,8,16,49,30,46,16
123,1,58,15,31,29,25,9,21,14,14,15,7,22,15,24,26,16,14,27,20,20,10,1,15,24,26,15,1,30,2,34,25,16,8,23,37,22,19,1,14,15,26,35,22,44,26,18,32,28,22,22,22,37,2,22,24,4,12,14,64,15,25,17,15,24,19,21,14,36,26,6,25,1,9,29,3,19,17,13,15,17,26,15,15,33,35,52,1,34,71,67,37,32,33,23,56,20,2,24,32,26,25,15,21,16,25,34,28,33,44,36,26,28,15,44,24,38,27,35,23,16,40,0,52,19,41,11,2,25,10,21,30,36,42,10,12,66,27
124,56,45,40,72,64,29,62,33,69,65,40,48,32,40,30,29,63,60,28,33,32,63,56,60,32,29,39,52,25,53,20,28,64,59,31,18,32,34,55,41,42,30,20,70,17,28,39,22,28,34,32,34,17,54,34,30,57,68,39,49,39,28,67,40,29,35,32,40,17,26,47,28,55,61,24,53,34,68,62,61,66,30,40,41,20,18,2,52,20,51,48,16,67,20,30,1,59,55,29,75,64,28,66,33,62,34,20,29,68,16,20,25,25,42,12,28,16,29,22,67,68,13,52,0,33,17,62,51,29,64,33,23,19,12,67,44,50,28
125,19,44,16,36,32,7,30,12,34,31,16,14,13,16,13,6,26,24,8,12,12,29,20,25,4,6,16,19,10,20,16,12,28,28,10,18,10,18,20,15,16,13,16,38,23,13,17,12,8,11,13,13,18,22,11,26,24,32,16,46,16,6,30,16,11,12,10,16,18,7,21,12,20,28,15,22,12,33,28,27,33,12,18,16,15,18,32,20,14,52,52,18,32,16,5,34,26,18,11,39,32,13,31,7,32,8,15,13,36,23,17,10,18,24,23,6,20,6,17,36,30,22,19,33,0,22,30,18,12,30,10,11,15,24,29,9,52,6
126,42,62,28,55,56,18,50,22,54,55,28,34,21,28,19,18,48,49,26,21,22,55,41,50,19,18,28,43,15,44,8,18,48,48,21,18,22,24,43,28,29,17,8,58,1,16,26,11,25,22,22,20,5,44,21,19,48,51,28,65,27,18,52,27,19,23,20,29,9,17,35,17,43,53,13,44,23,56,49,49,55,18,28,30,11,6,18,43,10,68,71,10,54,8,19,18,48,43,18,60,56,17,57,25,52,26,10,16,56,1,8,15,14,30,6,17,10,17,10,59,55,20,41,17,22,0,53,40,17,51,21,12,14,6,54,30,66,18
127,12,52,24,20,20,38,4,30,4,3,24,17,30,24,35,36,5,6,40,30,32,4,12,5,34,37,25,12,39,12,43,36,5,5,34,49,30,28,12,24,24,36,44,12,56,37,28,41,38,32,33,32,47,13,31,32,11,2,24,58,24,35,6,24,33,28,33,25,49,36,17,34,13,5,41,14,30,6,2,5,6,36,25,26,46,47,63,12,44,59,51,48,19,46,33,62,8,14,33,22,16,36,4,30,6,31,44,36,21,55,43,39,38,24,53,35,46,38,43,12,4,51,11,62,30,53,0,12,34,7,30,43,46,52,4,23,57,34
128,2,64,13,31,32,25,10,20,15,14,13,6,21,13,22,25,16,16,28,19,20,12,2,15,22,25,14,2,29,2,34,25,17,9,22,36,22,18,2,14,14,26,35,25,41,26,16,30,26,22,21,22,38,2,21,22,5,14,13,61,14,25,18,14,23,18,21,13,35,25,5,24,2,10,30,3,20,18,14,17,18,24,14,14,32,37,53,2,34,71,64,36,31,34,21,56,21,1,24,36,28,24,17,24,18,24,32,26,32,40,32,27,27,13,43,24,37,24,34,25,17,39,2,51,18,40,12,0,24,10,20,29,34,42,12,12,70,25
129,25,58,12,42,36,11,33,5,38,37,11,18,4,11,2,8,30,29,20,5,5,36,26,32,11,9,11,25,8,25,9,1,34,32,3,12,4,7,26,11,11,1,10,41,18,2,8,7,19,4,4,4,14,25,4,14,28,37,11,55,11,8,37,11,1,6,4,11,13,10,19,1,26,35,5,26,6,37,34,34,36,1,10,11,10,12,26,25,8,66,62,14,37,10,7,28,30,24,2,44,38,1,36,18,37,20,8,2,39,18,10,3,6,12,18,8,14,8,9,39,36,15,25,29,12,17,34,24,0,33,4,6,10,18,35,13,63,12
130,10,57,24,27,27,35,4,30,8,7,24,16,30,23,33,36,12,10,36,29,32,4,9,10,32,36,24,10,38,9,46,36,11,2,30,44,30,26,9,24,24,36,44,18,50,36,25,40,36,31,29,31,46,8,30,33,6,8,23,58,25,34,12,24,33,28,31,23,49,34,16,36,8,3,38,8,31,13,9,11,13,33,24,24,44,45,62,10,41,61,60,48,27,45,32,62,15,10,34,28,24,34,11,29,12,29,41,36,27,52,44,36,37,23,52,34,49,36,44,18,11,48,10,64,30,51,7,10,33,0,30,40,45,54,4,20,64,35
131,22,53,8,36,35,9,29,1,35,35,7,14,3,7,3,7,27,26,18,1,1,32,22,29,10,8,8,20,8,22,14,4,31,29,1,15,1,8,22,7,7,5,14,36,22,5,6,10,16,1,3,3,17,24,1,15,25,34,7,58,7,7,34,8,3,3,1,8,16,9,15,4,22,30,8,24,2,34,30,31,34,3,8,7,14,16,29,20,12,59,59,16,35,14,6,32,28,22,3,39,35,5,33,18,32,19,12,5,37,22,14,7,8,14,23,7,17,7,12,39,33,20,21,33,10,21,30,20,4,30,0,10,13,22,33,10,60,11
132,32,55,16,46,46,9,38,10,42,45,17,24,10,16,7,7,38,38,18,11,11,42,32,38,10,8,17,30,8,30,6,6,39,38,9,10,9,12,29,17,17,6,6,48,13,5,14,1,17,10,10,10,8,33,10,15,35,43,17,58,17,7,44,16,7,12,9,16,7,9,24,6,31,38,5,34,11,42,39,38,44,6,16,17,4,7,21,30,3,60,60,8,42,6,8,24,38,29,7,51,43,5,45,17,43,18,5,5,44,13,7,3,8,18,13,8,8,7,6,47,41,14,30,23,11,12,43,29,6,40,10,0,6,12,43,20,61,12
133,35,48,20,52,48,9,42,14,49,48,20,29,14,20,12,9,40,42,13,14,15,44,37,40,11,10,22,33,6,36,12,10,42,41,12,5,13,18,34,21,22,9,11,49,14,9,18,6,12,13,14,14,13,34,14,20,37,45,21,52,20,10,47,21,11,17,14,22,4,8,30,10,37,43,10,35,14,48,42,44,44,10,20,20,3,12,18,35,5,58,55,4,47,11,12,19,43,33,11,54,48,9,47,14,45,14,10,8,50,14,13,7,13,21,9,10,4,10,12,52,48,8,36,19,15,14,46,34,10,45,13,6,0,8,46,23,56,10
134,45,60,29,56,58,18,52,22,55,56,29,37,21,29,20,17,48,46,20,23,23,51,43,50,20,19,30,42,14,42,9,19,50,49,22,13,22,25,42,30,29,17,9,56,6,18,26,11,18,21,21,23,6,42,23,20,49,56,29,59,30,18,54,28,19,24,22,28,6,17,36,18,46,54,14,45,22,57,50,50,53,18,28,30,9,6,12,45,10,66,64,6,54,9,20,12,51,44,18,61,56,17,56,23,54,23,10,18,56,6,8,16,16,30,1,19,5,18,10,59,53,16,42,12,24,6,52,42,18,54,22,12,8,0,52,32,60,18
135,11,54,25,24,22,36,2,32,4,4,26,17,33,25,33,35,8,7,38,30,32,1,10,7,33,35,24,11,40,10,43,36,8,4,33,46,32,28,11,24,25,38,44,16,52,37,26,43,39,33,30,32,46,10,30,34,8,5,26,55,26,34,8,24,34,30,32,24,50,37,16,35,10,2,41,11,31,10,5,8,9,34,26,25,43,48,62,11,44,57,57,48,23,42,34,62,12,12,34,26,20,38,8,30,9,30,44,36,24,55,44,38,38,25,54,35,47,36,45,15,8,49,10,67,29,54,4,12,35,4,33,43,46,52,0,22,57,36
136,12,50,12,27,25,14,20,9,24,26,11,8,10,11,12,14,18,18,16,10,9,22,12,18,12,13,12,12,17,13,24,13,20,20,10,25,10,13,12,11,11,14,22,29,31,14,11,21,17,10,10,10,26,13,10,20,16,23,11,50,12,14,23,11,12,8,10,12,26,15,16,14,13,22,18,14,8,24,20,20,23,13,13,11,22,26,38,12,23,56,54,26,25,22,11,43,19,14,13,30,24,14,25,12,22,14,22,14,28,32,24,17,17,18,33,14,27,14,21,26,23,30,12,44,9,30,23,12,13,20,10,20,23,32,22,0,55,14
137,64,6,67,57,61,53,58,62,61,57,66,66,63,66,66,57,54,54,45,64,62,56,67,52,52,54,66,68,52,70,68,64,53,58,59,51,60,68,66,68,69,65,63,63,69,62,69,64,43,58,65,64,67,64,64,77,66,55,66,5,65,56,58,65,59,66,63,69,60,53,69,61,67,59,67,72,59,58,54,54,59,61,66,65,56,70,51,68,61,2,4,61,58,69,55,51,51,68,60,63,55,60,60,44,55,42,64,64,58,71,65,62,68,76,64,57,57,55,65,62,57,46,66,50,52,66,57,70,63,64,60,61,56,60,57,55,0,49
138,27,46,17,41,39,2,35,12,39,37,16,19,13,16,13,5,30,32,7,12,12,35,26,33,2,4,16,25,4,27,16,12,33,33,10,12,11,18,26,16,16,13,16,40,19,14,17,10,6,10,13,14,18,26,11,26,29,37,16,48,16,4,36,16,12,14,12,16,12,3,23,12,28,33,16,28,12,40,34,35,38,12,20,16,10,18,27,25,11,52,50,12,38,16,6,29,34,24,12,44,38,12,37,6,38,7,16,13,40,20,18,12,19,25,19,4,14,5,17,40,36,16,27,28,6,18,34,25,12,35,11,12,10,18,36,14,49,0
