Locations,1,2,3,4,5,6,7,8,9,10,11,12,13,14,15,16,17,18,19,20,21,22,23,24,25,26,27,28,29,30,31,32,33,34,35,36,37,38,39,40,41,42,43,44,45,46,47,48,49,50,51,52,53,54,55,56,57,58,59,60,61,62,63,64,65,66,67,68,69,70,71,72,73,74,75,76,77,78,79,80,81,82,83,84,85,86,87,88,89,90,91,92,93,94,95,96,97,98,99,100,101,102,103,104,105,106,107,108,109,110,111,112,113,114,115,116,117,118,119,120,121,122,123,124,125,126,127,128,129,130,131,132,133,134,135,136,137,138,139,140,141,142,143,144,145,146,147,148,149,150,151,152,153,154,155,156,157,158,159,160
1,0,2,1,15,16,20,14,4,18,29,17,1,17,28,23,32,18,2,1,22,20,6,8,20,13,15,35,13,12,26,20,27,5,24,28,22,22,24,33,22,21,2,22,30,8,4,1,1,20,1,19,14,2,20,5,1,17,21,2,20,18,18,19,16,21,19,23,18,4,6,17,22,18,14,28,16,21,19,34,23,1,10,20,4,31,22,7,18,30,12,24,20,2,7,6,4,32,20,16,14,30,23,2,11,26,17,18,34,14,22,31,16,18,25,12,10,3,10,10,32,30,4,15,14,24,18,24,16,16,18,4,3,20,25,16,18,22,32,25,4,22,12,28,18,6,29,14,18,31,14,25,30,14,10,26,17,24,2,7,28
2,2,0,2,17,14,18,13,6,18,30,16,2,15,26,22,29,16,4,2,18,19,4,8,19,12,15,31,12,11,23,19,26,4,21,25,21,19,22,30,19,19,4,21,28,7,3,2,2,18,2,17,12,4,17,4,2,16,19,2,19,17,16,18,14,19,18,23,16,5,5,16,21,16,12,25,14,19,18,32,22,2,12,18,2,27,21,4,16,27,14,22,18,4,5,4,2,29,17,14,16,31,22,2,10,24,15,16,34,12,22,28,16,15,23,14,8,4,8,11,30,28,4,15,12,22,16,21,13,15,17,2,5,18,22,13,16,20,31,24,6,21,15,26,17,4,30,12,17,28,16,25,29,12,9,22,15,23,4,8,27
3,1,2,0,15,15,21,14,4,19,32,18,1,17,28,23,31,18,2,1,20,22,6,8,20,14,15,33,14,12,25,22,26,5,23,26,22,21,25,32,22,20,2,23,31,8,4,1,1,22,1,20,14,2,20,5,1,17,22,2,20,18,18,20,16,21,20,23,18,4,6,18,21,18,14,26,16,20,19,31,23,1,10,20,4,31,22,6,18,29,13,24,21,2,7,5,4,32,18,16,15,30,25,2,12,26,17,17,34,14,22,29,17,18,26,12,9,3,10,10,32,29,5,16,13,25,18,24,14,16,18,4,3,18,25,16,18,21,31,26,4,21,12,27,18,6,31,14,19,31,14,26,28,14,10,25,18,24,2,7,28
4,15,17,15,0,6,7,10,12,6,16,4,15,8,15,10,18,4,14,15,11,11,13,10,16,6,3,20,14,8,12,12,14,13,14,13,11,9,14,18,8,11,14,9,16,10,14,14,15,12,16,9,7,14,10,20,14,4,12,16,12,4,11,7,7,11,6,14,10,14,13,4,8,4,10,14,11,11,6,18,8,14,6,9,16,16,17,22,4,16,4,11,14,14,12,13,18,18,7,11,2,19,10,15,10,13,7,4,22,6,13,16,9,6,12,4,13,13,10,6,18,16,13,5,5,11,10,17,8,11,5,19,14,7,14,6,18,8,19,12,12,8,3,15,4,21,16,5,16,16,2,13,16,5,12,11,5,11,15,10,15
5,16,14,15,6,0,6,4,14,4,15,3,15,2,14,9,16,3,17,15,6,6,9,8,10,2,4,19,8,4,10,6,12,11,9,12,7,6,9,17,7,6,16,8,15,7,11,14,15,6,15,4,3,16,4,16,16,3,6,14,6,3,4,5,1,6,4,9,4,16,9,3,6,3,4,12,5,6,5,17,7,15,8,6,12,15,10,17,3,15,3,10,7,16,9,10,12,17,4,4,6,17,9,13,5,12,2,3,20,2,8,14,2,3,10,3,6,14,6,8,16,14,11,2,3,10,4,11,2,5,3,14,16,4,9,1,13,6,18,11,14,7,4,13,3,16,15,2,10,15,5,12,15,2,6,11,2,10,16,9,13
6,20,18,21,7,6,0,10,18,6,10,4,20,7,12,7,11,4,20,19,11,11,14,12,14,7,6,13,13,9,8,10,8,17,13,9,11,9,14,12,7,11,21,6,11,13,16,20,21,11,21,9,8,22,9,21,21,4,11,19,11,4,10,6,6,11,4,14,10,20,14,3,3,3,9,7,11,11,3,12,4,20,13,8,18,10,17,22,4,10,8,6,13,20,14,15,18,12,6,10,8,12,8,19,10,10,8,3,14,7,14,10,8,6,11,8,12,20,11,12,11,10,17,5,8,4,10,16,8,11,4,19,21,7,14,6,18,4,13,10,18,3,9,9,4,21,11,6,15,10,8,6,9,6,12,6,5,10,22,14,10
7,14,13,14,10,4,10,0,13,4,16,6,15,3,14,10,16,7,15,15,6,6,8,7,6,5,8,18,4,3,10,6,13,11,10,12,8,7,10,18,8,6,15,8,16,7,10,14,14,7,16,5,4,16,5,16,15,7,8,13,6,7,4,6,4,6,6,10,3,14,9,6,8,7,1,13,2,6,7,19,8,15,7,6,12,16,9,16,6,15,6,11,6,16,8,10,11,17,5,2,9,17,10,13,4,12,3,7,20,4,8,16,2,5,11,7,6,14,5,7,17,14,11,6,6,12,4,9,2,2,6,14,14,5,10,4,9,7,17,12,12,8,8,13,6,16,16,6,7,16,9,12,15,6,5,16,5,10,14,8,14
8,4,6,4,12,14,18,13,0,17,28,16,4,15,27,22,29,16,3,5,19,19,4,6,17,12,13,32,12,10,23,19,26,3,22,25,19,18,21,29,19,19,3,20,29,6,4,4,4,19,4,18,12,3,18,10,4,16,19,5,20,16,16,18,14,19,17,23,16,2,4,15,20,16,12,25,15,18,17,31,21,5,6,18,6,29,22,10,15,28,11,22,19,3,5,4,8,29,18,15,11,30,23,4,9,24,16,16,34,11,20,27,15,16,24,10,8,2,8,6,30,28,2,14,11,22,17,22,13,14,17,8,2,17,22,13,17,20,30,23,1,20,10,26,16,9,28,13,18,29,11,25,28,12,9,22,16,22,3,5,28
9,18,18,19,6,4,6,4,17,0,12,3,19,2,10,6,13,4,19,18,5,5,12,11,9,5,4,15,8,6,7,5,9,15,8,9,5,3,8,13,4,5,19,4,13,11,14,18,18,5,19,3,6,19,3,19,19,3,5,17,5,3,4,2,3,5,3,7,4,18,12,3,4,4,5,9,5,5,4,14,4,18,11,2,15,12,10,21,3,11,6,6,7,19,12,14,16,13,1,4,6,14,6,16,8,9,2,4,17,5,7,12,2,1,7,7,10,19,10,11,13,12,14,3,6,8,4,11,4,4,3,18,18,1,9,4,12,3,14,8,16,4,8,9,3,20,12,4,10,11,7,8,12,4,9,12,2,6,20,13,10
10,29,30,32,16,15,10,16,28,12,0,14,31,15,5,7,1,14,32,30,10,10,24,23,11,17,16,3,17,20,6,10,4,28,7,4,9,10,7,2,9,10,31,8,3,23,27,30,30,11,30,12,18,31,12,33,31,14,10,30,11,13,14,11,16,10,12,7,14,30,26,13,10,14,16,4,15,10,12,2,9,30,24,10,26,2,10,32,13,10,18,6,10,31,24,26,28,11,11,15,18,2,7,30,19,4,14,13,9,17,8,2,14,14,6,19,22,31,22,22,2,13,26,14,18,10,13,10,15,14,12,30,30,12,8,16,12,9,2,5,28,10,19,4,13,32,4,17,12,2,19,4,10,16,20,12,13,6,32,25,4
11,17,16,18,4,3,4,6,16,3,14,0,18,4,11,6,14,1,19,17,7,7,12,10,11,4,3,17,10,6,7,7,10,14,10,10,7,5,11,16,5,7,18,6,13,10,14,17,17,7,17,6,5,18,6,18,18,1,7,17,7,1,7,3,3,7,2,10,6,18,12,1,5,1,6,10,8,7,2,14,5,18,10,5,15,12,14,19,1,12,5,7,9,18,11,12,14,14,3,7,6,14,7,16,7,9,4,1,17,4,9,13,4,2,8,6,9,17,8,10,14,12,13,2,5,7,6,13,4,7,1,16,18,3,10,2,14,4,15,9,15,5,6,10,1,19,13,4,12,13,6,9,12,4,8,9,1,7,17,11,11
12,1,2,1,15,15,20,15,4,19,31,18,0,16,29,24,32,18,2,1,20,20,6,8,20,14,15,34,14,12,24,20,26,4,23,27,21,21,23,31,22,20,2,23,30,8,5,1,1,21,1,19,14,2,20,5,1,17,22,2,21,18,18,20,15,20,20,24,18,4,6,17,22,17,14,27,16,20,20,32,21,1,10,20,4,31,23,6,18,29,13,24,21,2,7,5,4,31,19,16,14,30,25,2,11,27,17,17,33,14,22,30,17,17,26,13,10,3,10,9,33,30,5,16,13,25,18,24,15,17,18,4,3,19,25,16,18,22,31,26,4,22,14,27,18,6,31,14,18,30,14,25,29,15,10,25,17,25,2,7,28
13,17,15,17,8,2,7,3,15,2,15,4,16,0,12,8,15,4,18,17,5,4,11,9,8,3,5,17,7,5,8,4,10,13,8,12,6,5,8,16,6,4,17,7,15,9,12,16,16,4,17,3,4,16,3,18,17,4,6,16,4,4,3,4,1,4,4,8,3,16,11,4,6,4,3,11,4,5,4,16,6,17,9,4,13,15,10,18,4,13,4,8,6,17,10,12,13,15,3,4,6,16,8,14,6,11,1,4,20,3,6,14,2,2,9,4,7,16,7,9,16,13,12,3,4,10,3,10,2,4,4,15,17,3,8,2,12,5,16,9,14,6,6,11,4,17,15,3,9,14,6,10,13,3,6,12,3,8,17,10,12
14,28,26,28,15,14,12,14,27,10,5,11,29,12,0,5,4,11,28,26,8,8,22,21,9,16,14,6,14,16,4,8,4,24,5,3,7,8,5,5,7,8,30,6,3,21,25,28,29,8,29,9,16,27,9,29,28,11,7,26,8,11,11,9,13,8,10,4,11,28,22,11,9,11,15,8,12,8,9,4,8,29,21,8,26,2,6,30,11,14,16,6,8,29,21,24,26,16,9,13,16,4,4,28,17,2,12,11,13,15,6,3,11,10,3,16,20,28,20,21,4,17,24,12,16,13,11,6,14,12,10,27,28,9,4,13,10,8,4,3,27,9,18,3,10,28,2,14,9,3,17,6,14,14,19,17,12,4,28,23,1
15,23,22,23,10,9,7,10,22,6,7,6,24,8,5,0,8,7,24,22,5,5,18,16,9,10,9,10,10,12,2,5,4,20,7,4,5,3,8,9,2,5,25,2,8,16,19,24,23,5,24,5,10,24,5,26,25,7,4,22,5,6,6,4,8,4,5,7,7,23,18,6,4,6,10,4,8,5,5,9,3,24,16,4,20,7,11,25,7,10,12,2,7,24,17,18,20,11,5,9,12,8,2,22,14,4,8,6,12,10,7,7,7,6,5,12,15,22,14,16,8,12,19,8,10,8,6,10,9,8,6,22,24,4,8,9,12,4,9,5,21,4,13,4,6,25,7,10,10,6,11,3,10,10,14,12,6,4,24,18,5
16,32,29,31,18,16,11,16,29,13,1,14,32,15,4,8,0,14,31,30,11,10,26,22,12,18,18,3,17,19,7,11,5,26,8,4,10,10,8,2,9,11,32,8,2,23,27,32,32,11,30,12,19,32,13,31,30,14,10,29,10,14,14,12,15,10,12,8,14,32,25,13,10,14,18,4,15,11,12,2,9,30,22,11,27,2,10,33,13,12,19,7,11,32,24,26,27,13,12,15,18,1,7,30,20,4,14,13,10,17,9,1,14,14,6,20,21,31,22,23,2,14,28,16,18,10,12,8,17,15,14,28,32,12,7,17,14,10,2,6,30,10,20,4,13,32,4,18,12,2,20,5,11,18,21,13,14,7,30,25,3
17,18,16,18,4,3,4,7,16,4,14,1,18,4,11,7,14,0,18,17,8,8,12,10,11,4,4,16,11,6,7,8,10,13,10,10,8,6,11,15,5,8,18,5,14,10,13,16,17,8,18,6,5,19,6,20,18,1,8,16,8,1,7,4,4,8,2,11,7,17,12,1,5,1,7,10,8,8,2,15,5,17,10,6,15,12,14,20,1,12,5,8,10,18,11,13,15,14,4,7,6,14,7,16,7,10,4,1,18,4,10,13,5,3,8,6,10,17,8,10,15,12,14,2,5,7,7,14,5,8,1,16,18,4,11,3,16,4,15,9,16,4,7,10,1,19,13,4,13,13,6,9,12,4,8,9,2,8,18,11,12
18,2,4,2,14,17,20,15,3,19,32,19,2,18,28,24,31,18,0,3,21,20,7,8,20,15,15,32,14,13,24,21,28,5,26,28,22,21,25,34,22,21,1,24,30,9,5,2,2,20,2,20,14,1,19,7,2,18,22,3,20,18,18,22,16,20,20,25,17,2,7,18,22,18,14,29,17,21,19,33,22,2,9,22,4,30,24,8,18,31,13,25,21,1,7,6,6,31,20,17,13,34,24,3,12,27,17,18,34,14,24,30,18,18,26,13,10,2,11,9,33,30,5,17,13,24,19,23,16,17,19,6,1,20,24,16,18,23,31,27,3,23,12,27,18,7,32,15,20,32,13,28,31,14,11,26,18,25,1,8,29
19,1,2,1,15,15,19,15,5,18,30,17,1,17,26,22,30,17,3,0,20,21,6,8,20,14,14,31,13,12,24,20,26,4,24,28,20,21,24,30,22,19,3,22,32,8,4,1,1,20,1,19,12,3,18,5,1,17,20,1,20,16,18,20,16,20,18,24,17,4,6,17,22,18,13,27,15,20,19,32,22,1,10,21,3,30,23,6,17,29,12,24,20,3,6,5,3,32,20,15,15,30,24,2,11,27,16,16,36,13,22,30,17,17,25,12,9,3,9,10,32,29,4,16,13,25,18,23,15,15,18,3,3,18,23,15,18,21,30,26,5,21,14,27,18,5,28,14,18,29,14,27,28,14,10,24,18,24,3,7,28
20,22,18,20,11,6,11,6,19,5,10,7,20,5,8,5,11,8,21,20,0,1,16,13,4,7,9,13,8,9,4,1,6,16,4,6,1,2,4,11,4,1,21,6,10,14,17,21,22,1,20,2,8,21,2,21,20,8,1,19,1,8,4,5,6,1,7,3,4,21,15,8,8,8,7,7,5,1,8,12,8,20,14,3,18,10,6,22,7,14,8,6,2,21,14,16,18,14,5,5,10,11,4,19,10,7,5,8,14,8,3,10,4,6,5,9,12,20,12,12,11,16,16,6,8,13,3,6,6,5,7,20,22,4,4,6,8,8,12,6,19,8,10,7,8,23,10,7,5,10,10,6,14,7,11,16,6,4,22,15,8
21,20,19,22,11,6,11,6,19,5,10,7,20,4,8,5,10,8,20,21,1,0,15,13,4,7,8,12,7,9,4,1,7,16,4,7,2,2,4,12,4,1,22,5,10,13,16,19,21,1,21,2,8,21,2,21,21,8,1,20,1,8,3,5,5,1,8,4,4,21,16,8,8,8,6,7,4,1,8,12,8,21,13,3,17,10,6,23,7,14,8,6,2,22,14,15,18,15,5,5,10,11,4,19,10,7,4,8,14,8,2,10,4,6,5,8,12,20,11,14,11,16,17,7,8,13,3,6,6,4,7,20,20,4,4,6,7,8,12,6,18,8,10,7,8,23,10,6,5,10,10,6,14,7,10,16,6,4,21,14,8
22,6,4,6,13,9,14,8,4,12,24,12,6,11,22,18,26,12,7,6,16,15,0,3,14,8,10,29,8,6,18,14,21,2,19,21,16,14,17,26,16,15,7,17,24,4,2,6,6,14,6,14,7,6,14,8,6,12,16,5,15,12,12,14,10,15,13,18,11,6,1,12,16,12,8,20,10,15,14,26,17,6,8,15,4,25,18,8,12,25,9,18,14,7,1,1,6,26,14,10,12,26,19,4,5,22,10,12,29,8,16,24,11,12,20,9,4,6,4,8,26,24,2,10,8,18,13,18,9,10,12,6,6,14,19,10,12,16,25,20,4,17,11,21,12,8,24,8,14,24,12,20,23,8,4,20,12,18,7,4,23
23,8,8,8,10,8,12,7,6,11,23,10,8,9,21,16,22,10,8,8,13,13,3,0,13,6,7,26,6,5,18,13,19,4,17,20,14,13,16,24,14,13,8,14,22,1,5,7,8,13,8,12,6,8,12,10,8,11,14,6,13,10,10,12,8,14,12,16,9,8,3,10,14,10,7,20,9,13,12,25,14,8,5,14,7,23,16,12,10,23,6,16,14,8,4,4,9,24,11,9,9,25,17,6,4,19,9,10,28,6,14,23,9,10,18,7,3,7,2,4,25,22,4,8,6,16,11,16,7,8,10,9,8,12,17,8,11,14,26,18,6,14,8,20,11,11,23,7,12,23,8,18,22,6,3,17,10,16,8,2,22
24,20,19,20,16,10,14,6,17,9,11,11,20,8,9,9,12,11,20,20,4,4,14,13,0,10,12,14,7,8,7,4,8,15,5,8,4,6,4,13,8,4,20,9,11,12,16,20,19,4,19,6,9,20,6,20,19,11,4,18,4,12,5,9,9,4,11,4,5,20,14,12,12,12,6,11,4,4,12,13,11,19,12,7,16,11,4,20,10,18,12,10,2,20,13,15,17,19,8,5,14,12,7,17,9,8,8,12,18,10,3,11,7,9,6,12,10,19,10,11,12,20,15,11,10,17,5,4,7,4,11,19,20,9,5,9,4,12,13,7,18,12,13,8,11,21,10,11,1,10,14,10,17,11,10,21,11,5,20,14,9
25,13,12,14,6,2,7,5,12,5,17,4,14,3,16,10,18,4,15,14,7,7,8,6,10,0,3,20,9,2,12,8,14,10,10,14,8,8,11,19,8,7,14,10,17,6,10,13,14,8,14,6,1,14,6,14,13,4,8,12,7,5,5,7,2,8,6,10,5,14,8,4,8,5,5,14,6,7,6,20,9,14,6,7,11,18,11,15,4,15,2,12,8,15,8,8,13,18,6,5,5,18,11,12,4,14,4,4,22,1,10,16,4,4,12,2,8,13,5,6,18,16,10,2,1,12,5,12,3,6,5,13,14,6,11,2,14,8,20,12,11,8,4,14,5,16,16,1,11,18,4,14,15,1,6,11,4,10,14,7,14
26,15,15,15,3,4,6,8,13,4,16,3,15,5,14,9,18,4,15,14,9,8,10,7,12,3,0,19,11,5,10,9,12,11,11,12,9,6,12,17,7,9,16,8,17,7,12,14,15,8,14,7,4,15,7,17,15,3,8,13,9,3,8,6,4,8,5,11,8,14,10,3,8,4,7,13,8,9,6,18,8,15,7,6,14,15,15,19,4,15,2,10,11,16,11,10,16,17,5,8,2,17,10,13,7,12,5,3,20,3,11,15,6,4,11,2,10,15,8,7,18,16,11,2,2,10,8,14,6,8,4,15,14,5,12,4,16,7,18,11,13,7,4,13,4,16,16,2,13,16,3,12,16,2,9,11,3,10,15,8,14
27,35,31,33,20,19,13,18,32,15,3,17,34,17,6,10,3,16,32,31,13,12,29,26,14,20,19,0,20,20,8,12,7,28,10,6,12,12,10,2,11,13,35,11,5,26,29,32,34,13,32,15,22,35,14,34,33,16,12,33,13,16,16,14,18,13,14,10,17,33,28,16,12,16,19,6,17,13,14,4,12,34,25,12,29,4,11,36,16,9,21,9,12,32,26,29,30,10,14,18,21,4,10,31,22,7,17,16,8,20,11,4,16,17,8,20,24,34,24,26,4,11,29,17,20,9,16,11,19,18,16,31,33,14,10,18,15,12,2,8,32,12,23,6,16,34,6,19,14,4,21,7,9,20,24,12,16,9,34,28,5
28,13,12,14,14,8,13,4,12,8,17,10,14,7,14,10,17,11,14,13,8,7,8,6,7,9,11,20,0,7,11,7,14,9,11,14,8,8,10,19,8,7,14,10,17,6,9,14,14,7,14,6,8,14,6,15,14,10,8,12,8,11,4,8,8,8,10,10,4,13,8,10,11,10,5,14,3,7,10,19,10,14,9,7,10,17,10,16,10,18,10,12,8,14,7,9,11,18,7,4,12,18,11,12,5,14,7,10,21,9,9,16,6,8,12,10,5,14,4,8,19,18,10,9,10,16,5,10,6,3,10,12,14,8,11,8,5,10,20,12,11,10,12,14,10,16,17,10,6,16,12,13,16,9,4,20,9,11,15,8,14
29,12,11,12,8,4,9,3,10,6,20,6,12,5,16,12,19,6,13,12,9,9,6,5,8,2,5,20,7,0,13,9,16,8,12,16,10,9,12,21,10,9,13,11,19,4,8,12,12,9,12,8,1,12,7,13,12,6,9,11,8,6,6,8,4,9,8,12,5,12,6,6,10,6,2,16,4,9,8,20,10,12,4,9,9,18,12,14,6,18,4,13,9,13,6,7,11,20,8,4,7,20,13,10,2,14,5,6,22,2,11,18,5,6,14,4,6,11,3,4,19,17,8,4,3,12,6,12,3,5,6,12,13,8,12,4,11,10,21,15,10,10,6,16,6,14,19,3,9,18,6,14,18,3,4,13,6,13,12,6,17
30,26,23,25,12,10,8,10,23,7,6,7,24,8,4,2,7,7,24,24,4,4,18,18,7,12,10,8,11,13,0,4,3,21,6,3,4,4,6,8,3,4,24,3,7,16,20,23,26,4,26,6,12,25,6,25,24,7,4,22,4,7,8,5,10,4,6,6,8,24,18,7,5,7,12,4,9,4,6,8,4,24,17,4,22,6,9,27,7,12,12,3,5,26,18,20,21,13,6,10,13,8,1,23,15,3,8,7,11,11,5,6,8,8,4,12,16,24,16,17,8,14,21,10,12,10,7,8,10,8,7,24,24,6,6,10,11,5,8,3,24,5,14,3,7,25,6,11,8,6,12,4,10,11,15,14,7,3,24,18,4
31,20,19,22,12,6,10,6,19,5,10,7,20,4,8,5,11,8,21,20,1,1,14,13,4,8,9,12,7,9,4,0,6,17,4,7,1,2,4,12,4,1,21,6,11,13,16,21,20,1,20,2,8,22,2,21,20,8,1,19,1,8,3,5,5,1,7,4,4,20,15,8,8,8,7,8,5,1,8,12,8,21,13,3,17,10,6,22,7,15,8,6,2,20,14,16,18,16,5,5,10,11,4,18,10,7,4,8,14,8,2,10,4,6,5,9,11,19,11,14,11,16,17,7,8,12,3,6,6,5,7,19,21,5,4,6,8,8,12,6,18,8,9,7,7,21,10,7,5,10,10,6,14,7,11,17,6,4,21,14,8
32,27,26,26,14,12,8,13,26,9,4,10,26,10,4,4,5,10,28,26,6,7,21,19,8,14,12,7,14,16,3,6,0,22,6,1,6,6,6,5,6,7,27,5,4,19,23,27,28,6,28,8,14,28,8,28,28,9,6,26,6,10,10,7,11,6,8,6,10,26,20,10,6,10,14,4,12,7,8,6,5,28,20,7,24,4,8,29,10,12,14,3,7,28,20,21,24,13,8,11,15,5,3,26,16,2,10,10,10,14,5,3,11,9,4,14,18,26,17,19,5,14,24,12,15,10,9,9,13,12,10,26,27,8,7,12,11,6,6,3,24,6,17,1,10,29,4,14,8,4,15,3,11,14,17,14,10,3,28,22,3
33,5,4,5,13,11,17,11,3,15,28,14,4,13,24,20,26,13,5,4,16,16,2,4,15,10,11,28,9,8,21,17,22,0,20,22,18,17,20,28,18,16,5,19,28,4,2,4,4,16,5,15,9,5,14,7,5,14,17,3,17,14,13,16,12,16,15,20,12,4,2,14,18,13,10,24,12,16,15,27,19,4,8,16,4,25,20,8,13,25,9,20,17,5,3,1,6,28,15,12,13,28,21,3,7,23,13,13,30,9,18,25,12,14,21,10,6,4,6,8,28,26,1,11,9,20,14,20,10,12,14,6,5,16,20,11,14,17,29,21,2,17,12,23,14,7,26,10,14,26,12,22,24,10,6,20,13,19,5,4,24
34,24,21,23,14,9,13,10,22,8,7,10,23,8,5,7,8,10,26,24,4,4,19,17,5,10,11,10,11,12,6,4,6,20,0,6,3,5,1,8,7,4,24,8,7,17,20,23,24,4,24,5,11,25,5,25,24,10,3,22,4,10,6,7,8,4,10,1,7,24,17,10,11,11,10,10,8,4,10,9,10,23,16,5,20,6,4,26,10,16,11,9,4,24,17,20,21,18,7,8,12,8,6,21,13,4,7,11,15,11,2,6,8,8,3,12,14,23,15,16,8,19,20,9,11,15,6,3,10,8,10,23,24,7,1,9,6,10,9,3,22,11,12,5,10,24,7,10,5,6,13,9,16,10,14,19,9,3,25,18,5
35,28,25,26,13,12,9,12,25,9,4,10,27,12,3,4,4,10,28,28,6,7,21,20,8,14,12,6,14,16,3,7,1,22,6,0,6,7,6,6,6,7,26,5,4,19,24,26,28,7,28,8,15,26,8,28,27,10,6,25,7,10,10,8,11,7,8,5,10,26,22,10,6,10,13,5,11,7,8,6,5,28,19,7,25,4,8,28,10,12,15,4,7,28,21,22,24,13,8,11,14,5,3,26,17,2,11,10,11,14,5,3,11,10,3,15,18,28,18,19,4,15,23,11,14,11,9,8,12,12,10,27,28,8,6,12,10,6,6,2,24,6,16,1,9,29,3,13,9,4,16,4,12,14,18,14,10,3,28,22,2
36,22,21,22,11,7,11,8,19,5,9,7,21,6,7,5,10,8,22,20,1,2,16,14,4,8,9,12,8,10,4,1,6,18,3,6,0,2,4,11,4,1,23,6,9,14,17,22,22,1,21,3,9,23,3,22,22,7,1,20,2,8,4,5,6,1,7,3,5,21,16,8,8,8,8,7,6,2,8,11,8,22,14,3,20,9,6,24,7,14,10,6,2,22,15,16,19,16,5,6,10,10,3,20,12,6,5,8,13,8,2,8,5,6,4,10,13,22,12,14,10,16,18,7,9,13,4,6,7,6,7,20,22,5,4,6,8,8,11,4,19,8,11,6,8,23,9,8,5,9,10,6,13,8,12,16,6,3,23,16,7
37,22,19,21,9,6,9,7,18,3,10,5,21,5,8,3,10,6,21,21,2,2,14,13,6,8,6,12,8,9,4,2,6,17,5,7,2,0,6,12,2,2,21,4,10,14,17,21,21,2,20,2,8,22,2,22,21,6,2,19,2,6,4,3,6,2,5,5,4,20,16,6,6,6,8,7,5,2,6,12,5,22,12,1,17,10,8,24,5,12,8,4,4,21,14,16,18,13,2,5,9,11,4,19,10,6,4,6,14,7,5,9,4,4,5,9,12,20,12,13,11,14,16,5,8,11,3,8,6,5,5,20,21,2,6,6,10,6,12,6,19,6,10,7,5,21,10,7,8,10,9,6,12,7,11,14,4,4,22,15,8
38,24,22,25,14,9,14,10,21,8,7,11,23,8,5,8,8,11,25,24,4,4,17,16,4,11,12,10,10,12,6,4,6,20,1,6,4,6,0,9,7,4,25,9,7,16,20,22,24,4,24,6,12,24,5,24,24,10,4,22,4,10,6,8,9,4,11,1,8,24,17,11,11,11,11,10,8,4,12,9,11,23,16,6,21,6,3,24,10,18,11,8,4,24,17,19,21,18,8,9,14,8,6,21,13,5,8,12,15,10,2,6,8,9,3,12,15,24,15,16,8,20,20,10,12,16,6,3,10,8,10,23,25,8,1,9,6,11,8,4,22,11,12,6,10,24,6,10,5,6,12,9,16,10,15,19,10,4,25,18,5
39,33,30,32,18,17,12,18,29,13,2,16,31,16,5,9,2,15,34,30,11,12,26,24,13,19,17,2,19,21,8,12,5,28,8,6,11,12,9,0,10,12,33,10,4,24,27,32,33,11,32,13,18,34,14,32,33,14,11,32,12,15,14,12,17,12,13,9,15,33,26,15,10,14,19,5,17,12,13,2,10,33,25,12,30,2,10,32,15,10,20,8,12,32,26,28,29,11,13,16,20,2,9,29,20,6,15,14,9,18,10,2,16,14,8,20,23,32,22,23,3,12,28,16,19,10,14,10,17,16,15,31,31,12,8,18,14,12,1,6,29,11,22,5,14,32,5,18,14,2,20,6,10,18,22,12,15,8,32,25,4
40,22,19,22,8,7,7,8,19,4,9,5,22,6,7,2,9,5,22,22,4,4,16,14,8,8,7,11,8,10,3,4,6,18,7,6,4,2,7,10,0,4,22,2,10,14,18,22,21,4,21,3,9,22,3,23,21,4,4,21,4,4,5,2,6,4,4,7,5,21,16,5,4,4,8,6,6,4,4,10,3,23,14,2,18,9,10,23,4,10,9,3,6,22,16,17,18,12,3,6,10,10,3,19,11,6,6,4,14,8,6,9,5,4,5,9,13,21,13,14,10,12,17,6,9,9,4,10,8,6,4,20,21,3,8,7,12,4,10,4,20,4,10,6,4,24,8,8,9,8,10,5,10,8,12,12,5,4,22,15,7
41,21,19,20,11,6,11,6,19,5,10,7,20,4,8,5,11,8,21,19,1,1,15,13,4,7,9,13,7,9,4,1,7,16,4,7,1,2,4,12,4,0,20,5,10,13,17,20,20,1,22,2,8,21,2,22,20,8,1,20,1,8,3,5,6,1,7,4,4,20,14,7,8,8,7,7,5,1,8,12,7,21,13,3,18,10,6,22,7,14,9,6,2,20,15,16,17,15,5,5,11,11,4,19,10,7,4,8,14,7,3,9,4,6,5,8,12,21,12,13,11,17,17,7,8,13,3,6,6,5,7,20,21,5,4,6,8,8,12,6,19,8,10,7,8,21,10,7,5,10,10,6,14,7,10,16,6,4,21,14,8
42,2,4,2,14,16,21,15,3,19,31,18,2,17,30,25,32,18,1,3,21,22,7,8,20,14,16,35,14,13,24,21,27,5,24,26,23,21,25,33,22,20,0,22,31,9,5,3,2,22,3,20,14,1,20,8,2,18,22,3,20,18,18,20,16,22,21,25,18,2,7,19,21,18,15,28,18,22,21,34,24,3,8,21,4,32,25,8,18,29,14,25,22,1,8,6,6,32,19,17,13,33,25,3,12,27,16,19,36,15,23,32,18,18,27,12,10,2,11,8,34,30,5,17,14,25,20,23,16,17,19,6,1,20,24,16,18,23,33,26,3,23,12,29,19,8,30,14,20,32,13,26,30,15,10,26,18,26,1,7,28
43,22,21,23,9,8,6,8,20,4,8,6,23,7,6,2,8,5,24,22,6,5,17,14,9,10,8,11,10,11,3,6,5,19,8,5,6,4,9,10,2,5,22,0,9,15,18,22,22,6,22,4,10,24,4,23,22,5,5,22,6,5,5,3,7,6,4,8,6,22,17,5,3,5,9,5,7,6,3,10,2,22,16,3,20,8,11,23,6,9,10,2,8,23,17,17,20,10,4,7,11,10,3,22,12,5,6,6,13,9,8,8,6,6,6,11,14,22,13,15,10,12,18,7,10,8,5,11,8,6,5,22,22,4,9,7,12,3,10,6,20,3,12,5,5,23,8,8,10,8,11,4,8,9,13,11,6,5,24,16,6
44,30,28,31,16,15,11,16,29,13,3,13,30,15,3,8,2,14,30,32,10,10,24,22,11,17,17,5,17,19,7,11,4,28,7,4,9,10,7,4,10,10,31,9,0,23,26,30,30,10,32,12,18,33,12,32,30,14,10,30,11,13,14,11,15,10,12,7,14,31,25,14,9,13,18,6,14,11,12,2,9,32,23,11,29,2,8,33,14,14,19,6,11,30,25,26,28,15,12,15,19,2,7,28,19,4,14,13,12,17,9,2,15,13,6,19,22,32,20,22,1,16,26,16,18,12,13,8,16,15,13,29,30,12,7,16,13,10,4,6,29,10,20,4,12,32,2,17,12,2,19,6,13,17,20,15,14,7,31,24,3
45,8,7,8,10,7,13,7,6,11,23,10,8,9,21,16,23,10,9,8,14,13,4,1,12,6,7,26,6,4,16,13,19,4,17,19,14,14,16,24,14,13,9,15,23,0,5,8,8,13,8,12,6,9,11,10,8,10,14,7,12,10,10,13,8,12,12,15,10,8,3,10,14,10,6,20,8,13,12,25,15,9,5,12,6,23,15,11,10,22,6,17,12,9,4,4,8,24,11,8,9,23,16,6,3,19,9,10,27,6,14,22,9,10,17,6,3,8,2,4,24,22,4,8,6,17,11,16,7,8,10,8,8,12,17,8,10,14,24,19,6,14,8,20,10,10,22,7,11,22,9,20,22,6,2,16,10,17,9,2,20
46,4,3,4,14,11,16,10,4,14,27,14,5,12,25,19,27,13,5,4,17,16,2,5,16,10,12,29,9,8,20,16,23,2,20,24,17,17,20,27,18,17,5,18,26,5,0,4,5,16,5,15,8,5,15,6,4,14,17,3,17,13,13,15,11,17,15,19,13,4,2,13,17,14,10,24,12,16,16,27,18,5,9,16,2,27,19,7,14,24,11,20,16,5,3,2,4,27,16,11,14,28,20,3,6,22,12,14,30,9,19,25,13,13,20,11,6,4,6,9,28,25,2,12,9,21,14,19,11,12,14,4,5,14,21,12,14,17,27,22,4,17,13,24,14,6,26,10,14,26,13,22,24,10,6,20,13,20,5,5,25
47,1,2,1,14,14,20,14,4,18,30,17,1,16,28,24,32,16,2,1,21,19,6,7,20,13,14,32,14,12,23,21,27,4,23,26,22,21,22,32,22,20,3,22,30,8,4,0,1,20,1,19,13,3,18,5,1,16,21,1,20,17,17,19,15,20,19,24,17,4,6,18,22,17,13,27,16,21,20,31,21,1,10,20,3,30,24,6,18,30,12,24,21,2,6,5,4,31,18,16,14,31,23,2,11,28,16,18,34,14,21,28,17,17,26,12,9,3,9,10,30,28,4,16,12,25,18,24,14,16,18,4,3,18,24,15,17,22,33,25,5,22,14,26,18,5,30,13,19,28,14,26,28,14,10,24,18,25,2,6,28
48,1,2,1,15,15,21,14,4,18,30,17,1,16,29,23,32,17,2,1,22,21,6,8,19,14,15,34,14,12,26,20,28,4,24,28,22,21,24,33,21,20,2,22,30,8,5,1,0,20,1,20,12,2,20,5,1,18,21,2,22,17,18,20,16,21,20,24,17,4,6,18,22,18,14,26,16,21,20,32,23,1,10,20,4,30,23,6,18,31,13,26,20,2,7,5,4,32,19,15,14,31,24,2,11,28,17,17,35,13,23,30,17,18,26,13,10,3,10,9,31,28,4,16,13,24,19,23,15,16,19,4,3,20,24,16,18,20,31,25,5,22,13,28,18,5,32,14,20,30,13,27,30,15,10,25,17,25,2,7,28
49,20,18,22,12,6,11,7,19,5,11,7,21,4,8,5,11,8,20,20,1,1,14,13,4,8,8,13,7,9,4,1,6,16,4,7,1,2,4,11,4,1,22,6,10,13,16,20,20,0,22,2,8,21,2,22,21,7,1,19,1,8,4,5,5,1,8,4,4,20,15,8,8,8,7,7,5,1,8,12,8,21,13,3,18,10,6,22,7,14,8,6,2,20,14,15,18,16,4,5,10,12,4,19,10,7,4,8,15,8,2,10,4,6,5,8,12,20,11,12,11,16,17,7,8,13,3,6,6,5,7,20,21,4,4,6,8,8,12,5,19,8,10,7,7,23,10,7,6,9,10,6,14,7,11,16,6,4,20,15,8
50,1,2,1,16,15,21,16,4,19,30,17,1,17,29,24,30,18,2,1,20,21,6,8,19,14,14,32,14,12,26,20,28,5,24,28,21,20,24,32,21,22,3,22,32,8,5,1,1,22,0,19,13,3,20,5,1,18,22,2,20,18,18,19,16,21,20,25,17,4,6,18,21,18,14,28,16,20,19,31,21,1,11,22,4,29,23,6,18,30,13,24,20,3,7,6,4,31,20,15,14,32,23,2,11,28,17,18,35,13,22,29,18,18,25,12,10,3,10,10,30,31,5,16,14,26,18,23,14,17,19,4,3,20,24,15,18,20,32,25,5,22,12,28,19,5,32,14,18,31,14,28,29,15,10,25,18,25,2,7,27
51,19,17,20,9,4,9,5,18,3,12,6,19,3,9,5,12,6,20,19,2,2,14,12,6,6,7,15,6,8,6,2,8,15,5,8,3,2,6,13,3,2,20,4,12,12,15,19,20,2,19,0,6,20,1,20,20,6,3,18,2,6,2,3,4,2,6,5,2,18,13,6,6,6,5,9,4,2,6,14,6,20,11,2,16,11,8,21,5,12,7,6,4,19,13,14,16,13,3,4,8,13,6,17,8,8,3,6,15,6,4,12,3,4,7,7,10,18,10,11,13,15,15,5,6,12,1,8,4,3,5,18,20,3,6,4,10,6,14,7,17,6,8,8,6,21,12,6,7,11,8,8,11,5,9,14,5,5,20,13,10
52,14,12,14,7,3,8,4,12,6,18,5,14,4,16,10,19,5,14,12,8,8,7,6,9,1,4,22,8,1,12,8,14,9,11,15,9,8,12,18,9,8,14,10,18,6,8,13,12,8,13,6,0,13,7,15,13,5,9,12,8,5,5,7,3,8,7,11,4,12,7,5,9,5,3,15,5,8,7,20,10,13,5,8,10,17,10,15,5,17,3,12,8,14,7,8,12,19,6,4,6,18,11,12,3,14,4,5,22,1,10,17,4,5,12,4,6,12,4,5,19,17,9,3,2,12,6,11,2,5,6,12,14,7,12,3,12,8,20,14,11,9,4,15,6,15,17,2,10,18,5,14,16,2,6,12,5,12,14,7,16
53,2,4,2,14,16,22,16,3,19,31,18,2,16,27,24,32,19,1,3,21,21,6,8,20,14,15,35,14,12,25,22,28,5,25,26,23,22,24,34,22,21,1,24,33,9,5,3,2,21,3,20,13,0,20,7,2,18,21,3,22,18,18,21,17,21,20,23,18,2,7,18,22,18,14,28,17,20,20,32,22,2,8,21,4,31,25,8,19,31,14,25,22,1,8,6,6,33,19,16,13,34,24,3,12,27,18,19,35,14,24,31,18,18,26,13,10,2,10,9,33,30,5,16,14,25,18,25,15,17,18,6,1,20,25,16,19,22,32,27,3,22,12,28,18,8,31,15,20,32,13,27,30,14,11,25,18,25,1,7,29
54,20,17,20,10,4,9,5,18,3,12,6,20,3,9,5,13,6,19,18,2,2,14,12,6,6,7,14,6,7,6,2,8,14,5,8,3,2,5,14,3,2,20,4,12,11,15,18,20,2,20,1,7,20,0,19,19,6,3,18,2,6,2,3,4,2,6,5,2,20,14,6,6,6,6,9,3,2,6,14,6,18,12,2,16,12,8,21,6,13,7,6,4,19,13,15,16,14,3,4,8,13,6,16,9,8,3,6,16,6,4,11,3,4,6,7,10,19,10,12,13,14,16,5,7,11,1,8,5,3,5,18,18,3,6,4,9,6,13,7,16,7,8,9,6,20,12,5,7,11,8,8,11,5,9,14,5,6,19,12,9
55,5,4,5,20,16,21,16,10,19,33,18,5,18,29,26,31,20,7,5,21,21,8,10,20,14,17,34,15,13,25,21,28,7,25,28,22,22,24,32,23,22,8,23,32,10,6,5,5,22,5,20,15,7,19,0,5,19,23,4,23,19,18,22,17,22,22,26,18,9,7,20,22,18,15,28,17,22,20,34,24,5,14,22,5,32,26,2,19,31,16,25,21,8,8,7,5,32,21,17,18,34,26,5,12,28,17,18,37,16,24,33,17,19,26,16,10,7,11,14,32,31,7,18,16,25,19,24,16,18,19,3,7,21,26,17,19,23,33,28,10,22,18,28,20,1,32,15,21,32,19,28,31,15,11,25,18,26,7,10,28
56,1,2,1,14,16,21,15,4,19,31,18,1,17,28,25,30,18,2,1,20,21,6,8,19,13,15,33,14,12,24,20,28,5,24,27,22,21,24,33,21,20,2,22,30,8,4,1,1,21,1,20,13,2,19,5,0,18,22,2,20,18,17,20,15,20,20,24,17,4,6,17,21,18,14,28,17,22,19,33,21,1,10,21,4,31,24,6,18,30,12,24,21,2,7,6,4,30,20,16,14,32,23,2,10,28,17,18,34,13,22,30,16,18,25,12,9,3,10,10,32,31,4,16,13,25,18,23,15,16,17,3,3,19,23,16,18,22,33,26,5,22,14,26,18,6,30,14,19,31,13,27,28,14,10,24,17,24,2,6,28
57,17,16,17,4,3,4,7,16,3,14,1,17,4,11,7,14,1,18,17,8,8,12,11,11,4,3,16,10,6,7,8,9,14,10,10,7,6,10,14,4,8,18,5,14,10,14,16,18,7,18,6,5,18,6,19,18,0,7,16,8,1,7,4,3,8,2,10,6,18,12,1,4,1,6,10,7,7,2,14,5,18,10,6,14,14,14,19,1,12,5,7,10,19,11,12,15,15,4,7,5,14,6,16,7,10,4,1,18,4,10,13,5,2,8,6,9,16,8,10,14,12,14,2,5,7,6,13,5,8,1,16,18,3,11,3,15,4,14,8,16,4,7,10,1,19,13,4,12,13,6,9,12,4,8,9,2,8,18,12,11
58,21,19,22,12,6,11,8,19,5,10,7,22,6,7,4,10,8,22,20,1,1,16,14,4,8,8,12,8,9,4,1,6,17,3,6,1,2,4,11,4,1,22,5,10,14,17,21,21,1,22,3,9,21,3,23,22,7,0,21,1,7,4,5,6,1,8,3,5,22,16,8,8,8,8,7,6,1,8,11,7,22,13,2,18,9,6,24,7,14,10,6,2,21,16,16,18,15,4,6,10,10,3,20,11,6,5,8,14,8,2,9,5,6,4,9,12,20,12,14,10,17,18,7,9,13,4,6,7,6,7,20,22,4,4,7,8,7,11,4,20,8,11,6,7,23,8,8,5,8,10,6,13,8,12,16,6,3,22,16,7
59,2,2,2,16,14,19,13,5,17,30,17,2,16,26,22,29,16,3,1,19,20,5,6,18,12,13,33,12,11,22,19,26,3,22,25,20,19,22,32,21,20,3,22,30,7,3,1,2,19,2,18,12,3,18,4,2,16,21,0,20,16,16,19,15,20,18,23,16,4,5,17,21,17,13,25,14,19,19,32,20,2,11,18,2,28,22,6,17,27,12,23,20,3,6,4,3,30,19,14,14,30,22,1,10,26,15,16,34,12,21,28,16,16,25,13,8,4,9,10,31,27,3,14,12,22,18,23,14,14,17,3,4,18,24,15,17,19,32,24,5,21,14,26,16,4,30,12,17,29,15,25,28,13,8,24,16,23,3,6,26
60,20,19,20,12,6,11,6,20,5,11,7,21,4,8,5,10,8,20,20,1,1,15,13,4,7,9,13,8,8,4,1,6,17,4,7,2,2,4,12,4,1,20,6,11,12,17,20,22,1,20,2,8,22,2,23,20,8,1,20,0,8,4,4,5,1,8,4,4,20,15,7,8,8,7,7,5,1,8,12,8,21,12,3,17,10,6,21,7,14,8,6,2,21,14,16,18,15,4,5,11,11,4,19,10,7,4,8,15,8,2,10,4,6,5,8,12,20,12,13,11,16,16,7,8,14,3,6,6,5,7,20,20,5,4,6,7,7,12,6,19,8,10,7,7,22,10,7,5,10,10,6,13,7,11,16,6,4,22,15,8
61,18,17,18,4,3,4,7,16,3,13,1,18,4,11,6,14,1,18,16,8,8,12,10,12,5,3,16,11,6,7,8,10,14,10,10,8,6,10,15,4,8,18,5,13,10,13,17,17,8,18,6,5,18,6,19,18,1,7,16,8,0,7,3,3,7,2,10,7,18,12,1,4,1,6,10,8,8,2,14,5,18,10,6,15,13,14,20,1,12,5,7,10,19,11,13,14,14,3,8,6,14,6,16,8,9,4,1,18,4,10,13,5,2,8,6,9,16,8,10,14,12,14,2,5,7,7,14,5,7,1,16,19,4,11,3,15,4,15,8,16,4,7,10,1,19,12,4,13,12,6,9,12,4,8,9,2,8,18,12,11
62,18,16,18,11,4,10,4,16,4,14,7,18,3,11,6,14,7,18,18,4,3,12,10,5,5,8,16,4,6,8,3,10,13,6,10,4,4,6,14,5,3,18,5,14,10,13,17,18,4,18,2,5,18,2,18,17,7,4,16,4,7,0,4,4,3,7,7,1,17,12,7,8,8,4,10,2,4,8,15,7,18,10,3,14,13,7,19,7,14,7,7,3,18,11,13,14,15,4,2,10,14,7,16,7,10,4,8,18,5,5,12,2,5,8,7,8,17,8,10,15,16,14,6,6,13,1,6,3,2,7,16,18,4,6,4,8,7,15,9,15,8,9,10,7,19,13,6,6,13,10,9,12,6,8,16,6,7,18,11,11
63,19,18,20,7,5,6,6,18,2,11,3,20,4,9,4,12,4,22,20,5,5,14,12,9,7,6,14,8,8,5,5,7,16,7,8,5,3,8,12,2,5,20,3,11,13,15,19,20,5,19,3,7,21,3,22,20,4,5,19,4,3,4,0,5,5,3,7,4,21,14,3,4,4,6,8,4,4,4,12,3,20,12,2,16,11,11,21,3,10,8,5,6,21,14,14,16,12,1,4,8,12,4,18,9,8,4,4,16,7,6,10,4,3,6,8,10,19,10,12,11,12,15,4,8,9,4,10,6,4,3,19,21,1,8,5,11,4,13,6,18,4,9,8,3,21,11,6,9,10,8,7,10,6,10,12,3,4,21,14,9
64,16,14,16,7,1,6,4,14,3,16,3,15,1,13,8,15,4,16,16,6,5,10,8,9,2,4,18,8,4,10,5,11,12,8,11,6,6,9,17,6,6,16,7,15,8,11,15,16,5,16,4,3,17,4,17,15,3,6,15,5,3,4,5,0,5,4,8,4,15,10,3,6,4,4,12,5,5,4,17,7,16,8,5,12,15,11,18,2,14,3,9,7,16,9,11,12,16,4,4,6,17,8,14,5,12,1,4,20,2,7,14,2,2,10,4,6,15,6,8,16,14,12,2,3,9,4,11,2,4,3,14,16,4,9,1,12,6,16,10,14,6,5,12,3,16,14,2,10,15,6,11,14,2,6,11,2,9,17,10,12
65,21,19,21,11,6,11,6,19,5,10,7,20,4,8,4,10,8,20,20,1,1,15,14,4,8,8,13,8,9,4,1,6,16,4,7,1,2,4,12,4,1,22,6,10,12,17,20,21,1,21,2,8,21,2,22,20,8,1,20,1,7,3,5,5,0,8,4,4,21,15,8,8,8,7,7,5,1,8,12,7,20,12,3,18,10,6,22,7,15,8,6,2,21,14,16,18,16,4,5,11,12,4,19,10,7,4,8,14,8,2,10,4,6,5,9,12,20,11,12,11,17,16,6,8,13,3,6,6,5,7,19,21,5,4,6,8,8,12,6,19,8,10,8,7,21,10,7,5,10,10,6,14,7,11,16,6,4,22,14,8
66,19,18,20,6,4,4,6,17,3,12,2,20,4,10,5,12,2,20,18,7,8,13,12,11,6,5,14,10,8,6,7,8,15,10,8,7,5,11,13,4,7,21,4,12,12,15,19,20,8,20,6,7,20,6,22,20,2,8,18,8,2,7,3,4,8,0,10,6,18,14,2,3,2,6,8,8,7,1,13,3,19,11,5,17,11,14,21,2,10,7,6,10,20,13,14,17,12,3,7,8,12,5,18,9,8,4,2,15,6,10,11,5,2,8,8,10,19,10,12,12,10,16,4,6,6,7,13,5,7,2,18,20,3,11,4,15,2,13,8,17,3,8,8,2,20,11,6,12,11,8,8,10,5,9,9,2,7,20,13,9
67,23,23,23,14,9,14,10,23,7,7,10,24,8,4,7,8,11,25,24,3,4,18,16,4,10,11,10,10,12,6,4,6,20,1,5,3,5,1,9,7,4,25,8,7,15,19,24,24,4,25,5,11,23,5,26,24,10,3,23,4,10,7,7,8,4,10,0,7,24,18,10,11,10,10,9,8,4,11,9,10,25,16,6,20,7,4,26,9,17,12,8,4,25,18,19,22,17,7,8,13,8,6,22,14,4,8,10,16,11,2,7,8,8,2,12,15,23,15,17,8,19,19,9,12,16,6,4,10,8,10,23,25,7,1,9,6,11,9,3,21,11,13,5,10,24,7,10,5,6,12,9,15,10,14,18,9,3,25,17,5
68,18,16,18,10,4,10,3,16,4,14,6,18,3,11,7,14,7,17,17,4,4,11,9,5,5,8,17,4,5,8,4,10,12,7,10,5,4,8,15,5,4,18,6,14,10,13,17,17,4,17,2,4,18,2,18,17,6,5,16,4,7,1,4,4,4,6,7,0,18,12,7,7,7,3,11,1,4,7,16,6,16,9,4,15,14,7,18,6,13,7,8,4,18,11,12,14,15,4,2,10,16,7,15,6,10,3,7,18,5,6,14,2,5,9,7,8,17,8,9,14,15,13,6,6,12,2,7,2,1,6,16,18,4,8,4,9,6,16,9,15,7,8,10,7,18,14,6,6,13,9,10,13,6,8,15,6,8,18,10,11
69,4,5,4,14,16,20,14,2,18,30,18,4,16,28,23,32,17,2,4,21,21,6,8,20,14,14,33,13,12,24,20,26,4,24,26,21,20,24,33,21,20,2,22,31,8,4,4,4,20,4,18,12,2,20,9,4,18,22,4,20,18,17,21,15,21,18,24,18,0,6,17,22,18,14,27,17,20,19,33,22,4,8,20,5,29,24,10,17,28,12,25,21,2,7,5,7,32,19,16,12,30,23,4,10,28,17,18,35,14,22,30,17,18,25,12,10,1,10,8,31,30,4,16,13,24,19,24,15,17,18,7,1,19,23,15,17,20,32,26,2,21,11,28,18,8,31,14,20,30,12,25,28,14,10,24,18,23,2,6,30
70,6,5,6,13,9,14,9,4,12,26,12,6,11,22,18,25,12,7,6,15,16,1,3,14,8,10,28,8,6,18,15,20,2,17,22,16,16,17,26,16,14,7,17,25,3,2,6,6,15,6,13,7,7,14,7,6,12,16,5,15,12,12,14,10,15,14,18,12,6,0,12,16,12,8,21,10,14,14,25,17,6,8,15,4,24,18,9,12,24,9,19,14,7,1,1,6,26,14,10,12,27,18,4,5,20,11,12,28,8,16,24,11,12,20,9,4,6,4,7,26,24,2,10,8,19,12,18,9,10,13,6,6,14,19,9,13,16,26,20,4,16,11,21,13,8,24,8,14,24,12,21,24,9,4,18,12,19,6,4,22
71,17,16,18,4,3,3,6,15,3,13,1,17,4,11,6,13,1,18,17,8,8,12,10,12,4,3,16,10,6,7,8,10,14,10,10,8,6,11,15,5,7,19,5,14,10,13,18,18,8,18,6,5,18,6,20,17,1,8,17,7,1,7,3,3,8,2,10,7,17,12,0,4,1,6,10,8,7,2,15,5,18,10,5,14,13,14,19,1,12,5,8,9,18,11,13,15,14,3,7,6,15,7,16,7,10,4,1,17,4,10,12,5,2,8,6,9,16,8,10,14,12,14,2,5,7,7,14,5,8,1,16,18,3,12,3,15,4,15,9,16,4,7,10,1,18,12,4,12,13,6,9,11,4,8,9,2,8,19,11,11
72,22,21,21,8,6,3,8,20,4,10,5,22,6,9,4,10,5,22,22,8,8,16,14,12,8,8,12,11,10,5,8,6,18,11,6,8,6,11,10,4,8,21,3,9,14,17,22,22,8,21,6,9,22,6,22,21,4,8,21,8,4,8,4,6,8,3,11,7,22,16,4,0,4,8,6,8,8,2,11,1,21,14,6,18,9,13,23,4,8,9,3,10,23,16,16,18,11,4,7,10,10,6,20,11,6,6,4,13,9,10,9,5,4,8,10,13,21,13,14,10,9,18,6,9,6,6,14,7,8,4,20,23,4,12,7,16,1,12,8,20,1,10,6,4,23,8,8,13,8,9,5,8,8,12,9,5,8,22,15,8
73,18,16,18,4,3,3,7,16,4,14,1,17,4,11,6,14,1,18,18,8,8,12,10,12,5,4,16,10,6,7,8,10,13,11,10,8,6,11,14,4,8,18,5,13,10,14,17,18,8,18,6,5,18,6,18,18,1,8,17,8,1,8,4,4,8,2,10,7,18,12,1,4,0,7,10,8,8,2,15,5,18,10,5,15,13,14,20,1,12,6,7,10,19,11,12,16,14,4,8,6,15,7,16,7,10,4,1,18,5,10,12,5,3,8,6,9,17,8,10,14,12,13,2,5,7,7,14,6,8,1,16,18,4,12,4,15,4,14,8,16,4,7,10,1,19,12,4,13,12,6,9,12,4,8,9,2,8,18,12,11
74,14,12,14,10,4,9,1,12,5,16,6,14,3,15,10,18,7,14,13,7,6,8,7,6,5,7,19,5,2,12,7,14,10,10,13,8,8,11,19,8,7,15,9,18,6,10,13,14,7,14,5,3,14,6,15,14,6,8,13,7,6,4,6,4,7,6,10,3,14,8,6,8,7,0,14,2,7,7,18,8,14,6,7,11,16,10,15,6,15,6,11,7,16,7,10,11,18,6,2,9,18,11,12,4,14,3,6,21,4,9,17,3,4,12,6,5,14,5,6,18,16,10,5,5,12,4,10,2,2,6,13,14,5,11,4,9,8,18,12,11,8,8,14,6,16,16,5,6,17,8,13,15,5,4,15,5,11,15,8,14
75,28,25,26,14,12,7,13,25,9,4,10,27,11,8,4,4,10,29,27,7,7,20,20,11,14,13,6,14,16,4,8,4,24,10,5,7,7,10,5,6,7,28,5,6,20,24,27,26,7,28,9,15,28,9,28,28,10,7,25,7,10,10,8,12,7,8,9,11,27,21,10,6,10,14,0,11,8,8,6,5,26,20,7,25,5,13,29,10,8,15,3,9,29,20,22,25,8,8,12,15,5,5,26,17,6,11,10,8,14,10,5,10,10,8,15,19,26,18,19,6,10,24,12,15,6,9,13,13,12,10,27,26,8,10,12,14,6,5,7,26,6,16,5,10,27,8,14,12,5,15,2,6,13,18,10,10,7,29,20,7
76,16,14,16,11,5,11,2,15,5,15,8,16,4,12,8,15,8,17,15,5,4,10,9,4,6,8,17,3,4,9,5,12,12,8,11,6,5,8,17,6,5,18,7,14,8,12,16,16,5,16,4,5,17,3,17,17,7,6,14,5,8,2,4,5,5,8,8,1,17,10,8,8,8,2,11,0,5,8,17,7,16,8,4,14,15,8,19,7,14,8,8,5,18,10,11,14,15,5,1,10,16,8,14,6,11,4,8,18,6,7,14,3,6,9,8,7,16,7,8,16,16,12,7,6,12,2,8,3,1,7,16,16,5,8,5,8,8,16,10,14,8,9,11,8,17,14,7,5,14,10,11,14,6,6,17,6,8,16,10,12
77,21,19,20,11,6,11,6,18,5,10,7,20,5,8,5,11,8,21,20,1,1,15,13,4,7,9,13,7,9,4,1,7,16,4,7,2,2,4,12,4,1,22,6,11,13,16,21,21,1,20,2,8,20,2,22,22,7,1,19,1,8,4,4,5,1,7,4,4,20,14,7,8,8,7,8,5,0,8,12,7,20,13,3,17,10,6,22,7,14,8,6,2,22,14,15,18,16,4,5,10,12,4,19,10,7,4,8,14,7,2,9,4,6,5,8,12,20,11,13,12,16,17,7,8,13,3,6,6,5,7,18,21,4,4,6,8,8,12,6,18,8,10,8,8,22,10,6,5,10,10,6,14,7,11,16,6,4,20,14,8
78,19,18,19,6,5,3,7,17,4,12,2,20,4,9,5,12,2,19,19,8,8,14,12,12,6,6,14,10,8,6,8,8,15,10,8,8,6,12,13,4,8,21,3,12,12,16,20,20,8,19,6,7,20,6,20,19,2,8,19,8,2,8,4,4,8,1,11,7,19,14,2,2,2,7,8,8,8,0,13,3,20,11,6,16,12,14,22,2,10,7,6,10,19,13,15,17,12,4,8,7,12,6,17,9,8,4,2,16,6,10,10,6,3,8,8,11,20,10,12,12,10,15,4,7,5,7,13,5,8,2,19,20,4,11,4,16,2,13,8,17,2,9,8,2,20,11,6,13,11,8,8,10,6,10,9,2,8,21,13,9
79,34,32,31,18,17,12,19,31,14,2,14,32,16,4,9,2,15,33,32,12,12,26,25,13,20,18,4,19,20,8,12,6,27,9,6,11,12,9,2,10,12,34,10,2,25,27,31,32,12,31,14,20,32,14,34,33,14,11,32,12,14,15,12,17,12,13,9,16,33,25,15,11,15,18,6,17,12,13,0,11,31,25,12,30,2,10,34,15,12,21,8,12,34,26,26,30,13,14,18,21,1,9,30,21,5,16,15,11,18,10,3,16,16,8,21,22,30,22,25,1,14,28,18,20,11,14,9,17,17,14,30,33,13,9,17,14,11,2,6,31,10,21,5,15,34,2,19,14,2,19,6,11,19,23,14,16,8,33,26,4
80,23,22,23,8,7,4,8,21,4,9,5,21,6,8,3,9,5,22,22,8,8,17,14,11,9,8,12,10,10,4,8,5,19,10,5,8,5,11,10,3,7,24,2,9,15,18,21,23,8,21,6,10,22,6,24,21,5,7,20,8,5,7,3,7,7,3,10,6,22,17,5,1,5,8,5,7,7,3,11,0,23,14,5,20,8,12,24,5,7,10,3,9,24,16,17,20,10,4,7,10,10,5,21,12,6,6,5,12,9,10,8,6,5,8,10,13,22,13,14,10,9,18,7,10,6,6,12,8,7,5,20,24,4,11,7,14,1,11,7,21,1,12,6,5,24,8,8,12,8,10,4,8,8,12,10,5,7,24,16,7
81,1,2,1,14,15,20,15,5,18,30,18,1,17,29,24,30,17,2,1,20,21,6,8,19,14,15,34,14,12,24,21,28,4,23,28,22,22,23,33,23,21,3,22,32,9,5,1,1,21,1,20,13,2,18,5,1,18,22,2,21,18,18,20,16,20,19,25,16,4,6,18,21,18,14,26,16,20,20,31,23,0,10,21,4,31,22,6,18,31,13,25,21,2,7,6,4,31,20,15,15,32,24,2,11,27,17,17,35,14,24,30,17,17,26,12,10,3,10,10,32,29,4,16,13,25,19,23,16,16,19,4,3,20,24,15,18,22,32,27,5,21,14,26,19,5,31,14,19,29,14,26,29,15,10,26,18,25,2,7,28
82,10,12,10,6,8,13,7,6,11,24,10,10,9,21,16,22,10,9,10,14,13,8,5,12,6,7,25,9,4,17,13,20,8,16,19,14,12,16,25,14,13,8,16,23,5,9,10,10,13,11,11,5,8,12,14,10,10,13,11,12,10,10,12,8,12,11,16,9,8,8,10,14,10,6,20,8,13,11,25,14,10,0,12,11,22,15,16,10,21,5,18,12,9,8,8,14,22,12,8,4,24,16,10,5,19,9,10,27,6,14,22,9,10,17,5,8,8,6,1,24,21,8,8,5,16,10,16,7,9,10,13,9,11,17,8,13,13,26,18,6,13,4,19,11,15,22,6,12,22,5,18,22,6,7,18,10,17,9,4,20
83,20,18,20,9,6,8,6,18,2,10,5,20,4,8,4,11,6,22,21,3,3,15,14,7,7,6,12,7,9,4,3,7,16,5,7,3,1,6,12,2,3,21,3,11,12,16,20,20,3,22,2,8,21,2,22,21,6,2,18,3,6,3,2,5,3,5,6,4,20,15,5,6,5,7,7,4,3,6,12,5,21,12,0,18,10,9,22,5,12,8,4,5,21,14,16,17,12,2,5,9,11,4,18,10,7,4,6,15,7,5,10,4,3,5,8,11,19,12,12,12,14,16,5,8,11,2,8,6,5,5,19,20,2,6,6,10,5,12,6,19,6,9,7,5,22,10,6,7,10,9,6,11,7,11,13,4,4,21,14,8
84,4,2,4,16,12,18,12,6,15,26,15,4,13,26,20,27,15,4,3,18,17,4,7,16,11,14,29,10,9,22,17,24,4,20,25,20,17,21,30,18,18,4,20,29,6,2,3,4,18,4,16,10,4,16,5,4,14,18,2,17,15,14,16,12,18,17,20,15,5,4,14,18,15,11,25,14,17,16,30,20,4,11,18,0,26,19,5,15,25,12,22,18,4,4,4,2,28,16,13,15,29,22,2,8,24,13,14,30,12,20,26,14,15,23,14,7,4,7,11,29,25,4,12,12,22,16,20,11,13,15,2,4,17,20,13,15,19,30,24,6,19,14,23,14,5,27,12,16,28,15,22,27,12,7,22,14,21,4,7,24
85,31,27,31,16,15,10,16,29,12,2,12,31,15,2,7,2,12,30,30,10,10,25,23,11,18,15,4,17,18,6,10,4,25,6,4,9,10,6,2,9,10,32,8,2,23,27,30,30,10,29,11,17,31,12,32,31,14,9,28,10,13,13,11,15,10,11,7,14,29,24,13,9,13,16,5,15,10,12,2,8,31,22,10,26,0,8,33,14,13,18,6,10,30,23,25,27,13,11,15,18,2,7,27,20,4,14,12,12,16,8,1,14,14,6,19,22,31,21,22,2,14,27,14,18,11,13,8,16,15,13,29,31,11,6,15,12,10,2,5,29,9,19,3,12,32,3,17,12,1,19,4,12,16,20,15,13,6,32,24,2
86,22,21,22,17,10,17,9,22,10,10,14,23,10,6,11,10,14,24,23,6,6,18,16,4,11,15,11,10,12,9,6,8,20,4,8,6,8,3,10,10,6,25,11,8,15,19,24,23,6,23,8,10,25,8,26,24,14,6,22,6,14,7,11,11,6,14,4,7,24,18,14,13,14,10,13,8,6,14,10,12,22,15,9,19,8,0,26,13,21,14,12,4,25,16,18,21,22,11,8,16,8,9,21,12,8,10,14,19,12,4,8,9,12,6,14,14,22,14,15,9,23,18,13,12,20,7,1,9,7,12,22,24,10,3,11,6,13,10,6,21,13,14,8,13,25,8,12,4,8,15,12,19,12,13,23,12,6,24,17,6
87,7,4,6,22,17,22,16,10,21,32,19,6,18,30,25,33,20,8,6,22,23,8,12,20,15,19,36,16,14,27,22,29,8,26,28,24,24,24,32,23,22,8,23,33,11,7,6,6,22,6,21,15,8,21,2,6,19,24,6,21,20,19,21,18,22,21,26,18,10,9,19,23,20,15,29,19,22,22,34,24,6,16,22,5,33,26,0,19,30,18,26,23,8,8,8,5,32,21,18,21,34,26,6,13,30,19,20,38,16,24,31,19,19,27,17,11,8,11,15,33,32,9,17,16,27,21,25,17,18,19,3,9,20,27,18,21,22,35,27,11,23,20,29,20,1,31,17,20,33,20,28,30,16,12,28,19,26,8,12,31
88,18,16,18,4,3,4,6,15,3,13,1,18,4,11,7,13,1,18,17,7,7,12,10,10,4,4,16,10,6,7,7,10,13,10,10,7,5,10,15,4,7,18,6,14,10,14,18,18,7,18,5,5,19,6,19,18,1,7,17,7,1,7,3,2,7,2,9,6,17,12,1,4,1,6,10,7,7,2,15,5,18,10,5,15,14,13,19,0,12,6,8,9,19,11,13,14,14,3,6,6,15,7,16,7,10,3,1,17,4,9,13,4,2,8,6,9,16,8,10,14,12,14,2,5,7,6,13,4,7,1,16,18,3,10,3,15,4,16,9,15,4,7,10,1,19,12,4,12,13,6,9,12,4,8,10,1,7,18,11,11
89,30,27,29,16,15,10,15,28,11,10,12,29,13,14,10,12,12,31,29,14,14,25,23,18,15,15,9,18,18,12,15,12,25,16,12,14,12,18,10,10,14,29,9,14,22,24,30,31,14,30,12,17,31,13,31,30,12,14,27,14,12,14,10,14,15,10,17,13,28,24,12,8,12,15,8,14,14,10,12,7,31,21,12,25,13,21,30,12,0,17,9,17,30,22,26,25,3,11,14,17,12,12,29,18,13,13,13,6,16,17,12,12,12,15,18,21,29,21,21,12,2,26,14,16,5,13,19,14,14,12,27,29,11,17,14,21,8,11,15,28,8,18,12,12,32,15,16,19,13,17,8,1,16,19,5,12,15,31,22,14
90,12,14,13,4,3,8,6,11,6,18,5,13,4,16,12,19,5,13,12,8,8,9,6,12,2,2,21,10,4,12,8,14,9,11,15,10,8,11,20,9,9,14,10,19,6,11,12,13,8,13,7,3,14,7,16,12,5,10,12,8,5,7,8,3,8,7,12,7,12,9,5,9,6,6,15,8,8,7,21,10,13,5,8,12,18,14,18,6,17,0,12,10,14,9,10,15,19,7,7,3,20,12,12,6,15,4,6,22,2,10,18,5,6,14,1,8,12,7,5,20,18,9,4,2,13,7,14,5,7,6,14,14,7,12,3,15,9,20,14,11,9,2,14,6,16,18,2,12,18,3,14,17,2,8,13,5,12,13,7,15
91,24,22,24,11,10,6,11,22,6,6,7,24,8,6,2,7,8,25,24,6,6,18,16,10,12,10,9,12,13,3,6,3,20,9,4,6,4,8,8,3,6,25,2,6,17,20,24,26,6,24,6,12,25,6,25,24,7,6,23,6,7,7,5,9,6,6,8,8,25,19,8,3,7,11,3,8,6,6,8,3,25,18,4,22,6,12,26,8,9,12,0,8,25,18,20,22,10,6,9,13,7,3,23,14,5,8,7,11,12,8,6,8,7,6,12,15,24,14,16,8,10,20,10,12,7,7,11,10,8,7,23,24,6,9,10,13,4,8,6,24,4,14,4,7,25,6,11,10,6,12,2,8,11,14,10,8,6,25,19,6
92,20,18,21,14,7,13,6,19,7,10,9,21,6,8,7,11,10,21,20,2,2,14,14,2,8,11,12,8,9,5,2,7,17,4,7,2,4,4,12,6,2,22,8,11,12,16,21,20,2,20,4,8,22,4,21,21,10,2,20,2,10,3,6,7,2,10,4,4,21,14,9,10,10,7,9,5,2,10,12,9,21,12,5,18,10,4,23,9,17,10,8,0,22,15,15,18,18,6,5,12,12,5,18,10,7,6,10,15,8,2,10,5,8,5,10,11,20,12,12,11,18,17,8,8,15,3,4,6,5,10,19,22,6,4,7,6,10,12,6,19,10,11,8,9,22,10,9,3,10,12,8,15,9,11,18,9,4,21,14,8
93,2,4,2,14,16,20,16,3,19,31,18,2,17,29,24,32,18,1,3,21,22,7,8,20,15,16,32,14,13,26,20,28,5,24,28,22,21,24,32,22,20,1,23,30,9,5,2,2,20,3,19,14,1,19,8,2,19,21,3,21,19,18,21,16,21,20,25,18,2,7,18,23,19,16,29,18,22,19,34,24,2,9,21,4,30,25,8,19,30,14,25,22,0,8,6,6,32,20,17,14,32,26,3,12,28,18,19,34,15,24,32,18,19,27,13,10,2,11,8,34,29,5,16,13,24,19,24,16,16,18,6,1,20,26,17,19,23,34,26,4,22,12,28,18,8,30,14,19,31,12,28,31,15,11,25,18,24,1,7,28
94,7,5,7,12,9,14,8,5,12,24,11,7,10,21,17,24,11,7,6,14,14,1,4,13,8,11,26,7,6,18,14,20,3,17,21,15,14,17,26,16,15,8,17,25,4,3,6,7,14,7,13,7,8,13,8,7,11,16,6,14,11,11,14,9,14,13,18,11,7,1,11,16,11,7,20,10,14,13,26,16,7,8,14,4,23,16,8,11,22,9,18,15,8,0,2,6,25,12,9,13,25,17,5,4,20,10,11,28,8,16,22,11,11,19,10,3,6,3,8,25,22,3,9,8,17,12,16,8,10,12,6,8,12,17,9,11,15,26,19,5,16,11,21,12,8,24,9,12,23,12,20,23,9,4,18,11,18,8,4,23
95,6,4,5,13,10,15,10,4,14,26,12,5,12,24,18,26,13,6,5,16,15,1,4,15,8,10,29,9,7,20,16,21,1,20,22,16,16,19,28,17,16,6,17,26,4,2,5,5,15,6,14,8,6,15,7,6,12,16,4,16,13,13,14,11,16,14,19,12,5,1,13,16,12,10,22,11,15,15,26,17,6,8,16,4,25,18,8,13,26,10,20,15,6,2,0,6,28,15,10,12,27,20,4,6,22,12,12,31,8,17,25,12,12,21,10,5,5,5,8,26,24,1,10,8,19,14,19,10,11,13,5,6,14,20,11,13,17,26,21,3,17,11,23,13,8,26,10,14,25,12,22,23,9,5,21,12,20,6,4,23
96,4,2,4,18,12,18,11,8,16,28,14,4,13,26,20,27,15,6,3,18,18,6,9,17,13,16,30,11,11,21,18,24,6,21,24,19,18,21,29,18,17,6,20,28,8,4,4,4,18,4,16,12,6,16,5,4,15,18,3,18,14,14,16,12,18,17,22,14,7,6,15,18,16,11,25,14,18,17,30,20,4,14,17,2,27,21,5,14,25,15,22,18,6,6,6,0,28,17,12,18,29,21,4,10,24,13,15,32,13,20,27,13,14,22,15,6,6,8,12,28,28,6,14,14,22,15,20,12,13,14,2,6,17,21,12,15,19,30,24,8,18,16,24,15,5,27,13,16,28,17,23,26,14,7,23,15,21,5,9,26
97,32,29,32,18,17,12,17,29,13,11,14,31,15,16,11,13,14,31,32,14,15,26,24,19,18,17,10,18,20,13,16,13,28,18,13,16,13,18,11,12,15,32,10,15,24,27,31,32,16,31,13,19,33,14,32,30,15,15,30,15,14,15,12,16,16,12,17,15,32,26,14,11,14,18,8,15,16,12,13,10,31,22,12,28,13,22,32,14,3,19,10,18,32,25,28,28,0,12,16,19,14,13,30,20,14,16,14,4,18,17,13,15,14,16,20,23,30,23,24,14,2,28,16,19,8,15,20,18,16,14,29,32,12,19,16,22,10,12,15,30,10,21,12,14,34,16,18,21,14,19,10,3,18,21,7,14,15,32,25,16
98,20,17,18,7,4,6,5,18,1,11,3,19,3,9,5,12,4,20,20,5,5,14,11,8,6,5,14,7,8,6,5,8,15,7,8,5,2,8,13,3,5,19,4,12,11,16,18,19,4,20,3,6,19,3,21,20,4,4,19,4,3,4,1,4,4,3,7,4,19,14,3,4,4,6,8,5,4,4,14,4,20,12,2,16,11,11,21,3,11,7,6,6,20,12,15,17,12,0,4,7,12,5,17,9,8,3,4,16,6,7,12,3,2,6,7,10,18,10,11,12,12,15,4,6,8,4,10,5,4,3,18,19,1,8,4,12,3,14,7,17,4,8,8,3,21,12,6,10,12,7,8,10,5,9,12,2,5,20,13,10
99,16,14,16,11,4,10,2,15,4,15,7,16,4,13,9,15,7,17,15,5,5,10,9,5,5,8,18,4,4,10,5,11,12,8,11,6,5,9,16,6,5,17,7,15,8,11,16,15,5,15,4,4,16,4,17,16,7,6,14,5,8,2,4,4,5,7,8,2,16,10,7,7,8,2,12,1,5,8,18,7,15,8,5,13,15,8,18,6,14,7,9,5,17,9,10,12,16,4,0,10,16,9,14,5,12,4,8,19,5,7,15,2,5,10,7,7,16,6,8,16,16,12,6,6,13,3,8,2,1,6,15,16,4,9,4,9,7,18,11,14,8,8,12,7,18,15,6,6,15,10,10,14,6,6,16,6,9,16,10,12
100,14,16,15,2,6,8,9,11,6,18,6,14,6,16,12,18,6,13,15,10,10,12,9,14,5,2,21,12,7,13,10,15,13,12,14,10,9,14,20,10,11,13,11,19,9,14,14,14,10,14,8,6,13,8,18,14,5,10,14,11,6,10,8,6,11,8,13,10,12,12,6,10,6,9,15,10,10,7,21,10,15,4,9,15,18,16,21,6,17,3,13,12,14,13,12,18,19,7,10,0,19,12,14,9,14,7,5,23,5,12,18,8,6,13,3,12,12,10,5,20,16,12,4,4,13,9,16,8,10,6,17,13,8,14,6,18,9,20,14,10,9,2,15,6,18,18,4,15,18,1,14,16,4,11,13,5,12,13,9,16
101,30,31,30,19,17,12,17,30,14,2,14,30,16,4,8,1,14,34,30,11,11,26,25,12,18,17,4,18,20,8,11,5,28,8,5,10,11,8,2,10,11,33,10,2,23,28,31,31,12,32,13,18,34,13,34,32,14,10,30,11,14,14,12,17,12,12,8,16,30,27,15,10,15,18,5,16,12,12,1,10,32,24,11,29,2,8,34,15,12,20,7,12,32,25,27,29,14,12,16,19,0,8,29,20,5,15,15,11,19,10,2,15,15,7,19,23,30,23,23,1,14,28,16,19,11,14,8,18,15,15,29,31,13,8,17,14,10,2,6,30,10,21,5,14,33,3,17,13,2,20,5,12,17,22,14,14,8,32,25,4
102,23,22,25,10,9,8,10,23,6,7,7,25,8,4,2,7,7,24,24,4,4,19,17,7,11,10,10,11,13,1,4,3,21,6,3,3,4,6,9,3,4,25,3,7,16,20,23,24,4,23,6,11,24,6,26,23,6,3,22,4,6,7,4,8,4,5,6,7,23,18,7,6,7,11,5,8,4,6,9,5,24,16,4,22,7,9,26,7,12,12,3,5,26,17,20,21,13,5,9,12,8,0,22,14,4,8,7,12,11,5,6,8,7,3,12,15,24,14,17,8,13,19,9,12,10,6,9,10,8,7,22,24,5,6,10,10,5,8,3,23,6,13,4,6,26,6,11,8,6,12,4,11,10,14,14,7,3,25,17,4
103,2,2,2,15,13,19,13,4,16,30,16,2,14,28,22,30,16,3,2,19,19,4,6,17,12,13,31,12,10,23,18,26,3,21,26,20,19,21,29,19,19,3,22,28,6,3,2,2,19,2,17,12,3,16,5,2,16,20,1,19,16,16,18,14,19,18,22,15,4,4,16,20,16,12,26,14,19,17,30,21,2,10,18,2,27,21,6,16,29,12,23,18,3,5,4,4,30,17,14,14,29,22,0,10,26,15,16,33,11,20,28,15,16,24,11,8,3,8,10,30,27,3,14,12,22,17,22,13,15,16,3,3,18,24,14,16,20,31,25,4,20,14,24,16,5,28,13,18,28,14,26,27,12,8,24,16,22,3,6,28
104,11,10,12,10,5,10,4,9,8,19,7,11,6,17,14,20,7,12,11,10,10,5,4,9,4,7,22,5,2,15,10,16,7,13,17,12,10,13,20,11,10,12,12,19,3,6,11,11,10,11,8,3,12,9,12,10,7,11,10,10,8,7,9,5,10,9,14,6,10,5,7,11,7,4,17,6,10,9,21,12,11,5,10,8,20,12,13,7,18,6,14,10,12,4,6,10,20,9,5,9,20,14,10,0,17,6,7,25,4,12,18,6,7,14,6,3,10,2,4,22,18,7,6,5,14,8,13,4,6,7,10,12,9,14,5,10,10,22,15,9,11,7,17,8,13,19,5,9,19,8,16,18,5,2,15,7,14,12,5,18
105,26,24,26,13,12,10,12,24,9,4,9,27,11,2,4,4,10,27,27,7,7,22,19,8,14,12,7,14,14,3,7,2,23,4,2,6,6,5,6,6,7,27,5,4,19,22,28,28,7,28,8,14,27,8,28,28,10,6,26,7,9,10,8,12,7,8,4,10,28,20,10,6,10,14,6,11,7,8,5,6,27,19,7,24,4,8,30,10,13,15,5,7,28,20,22,24,14,8,12,14,5,4,26,17,0,10,10,11,14,5,3,10,10,2,15,18,27,18,19,5,14,23,12,15,12,9,7,13,11,9,26,28,8,5,12,10,7,6,2,24,7,16,1,9,28,4,13,8,4,15,5,12,13,18,14,10,3,28,21,2
106,17,15,17,7,2,8,3,16,2,14,4,17,1,12,8,14,4,17,16,5,4,10,9,8,4,5,17,7,5,8,4,10,13,7,11,5,4,8,15,6,4,16,6,14,9,12,16,17,4,17,3,4,18,3,17,17,4,5,15,4,4,4,4,1,4,4,8,3,17,11,4,6,4,3,11,4,4,4,16,6,17,9,4,13,14,10,19,3,13,4,8,6,18,10,12,13,16,3,4,7,15,8,15,6,10,0,4,19,3,6,14,2,2,9,5,8,16,7,9,16,13,12,3,4,9,3,10,2,4,3,15,17,3,8,2,12,5,16,10,14,6,6,11,4,17,14,3,9,14,6,10,13,3,6,13,3,8,18,10,12
107,18,16,17,4,3,3,7,16,4,13,1,17,4,11,6,13,1,18,16,8,8,12,10,12,4,3,16,10,6,7,8,10,13,11,10,8,6,12,14,4,8,19,6,13,10,14,18,17,8,18,6,5,19,6,18,18,1,8,16,8,1,8,4,4,8,2,10,7,18,12,1,4,1,6,10,8,8,2,15,5,17,10,6,14,12,14,20,1,13,6,7,10,19,11,12,15,14,4,8,5,15,7,16,7,10,4,0,18,4,10,13,5,3,8,6,9,17,8,10,14,12,13,2,5,7,7,13,5,8,1,16,18,4,11,3,15,4,15,8,16,4,7,10,1,19,13,4,12,13,6,9,12,4,9,8,2,8,19,12,11
108,34,34,34,22,20,14,20,34,17,9,17,33,20,13,12,10,18,34,36,14,14,29,28,18,22,20,8,21,22,11,14,10,30,15,11,13,14,15,9,14,14,36,13,12,27,30,34,35,15,35,15,22,35,16,37,34,18,14,34,15,18,18,16,20,14,15,16,18,35,28,17,13,18,21,8,18,14,16,11,12,35,27,15,30,12,19,38,17,6,22,11,15,34,28,31,32,4,16,19,23,11,12,33,25,11,19,18,0,22,15,11,19,18,14,23,25,34,25,26,12,6,30,19,23,11,18,18,20,18,18,35,35,16,16,19,20,14,9,13,33,13,24,11,18,36,13,21,18,11,24,9,6,20,25,10,18,12,36,28,13
109,14,12,14,6,2,7,4,11,5,17,4,14,3,15,10,17,4,14,13,8,8,8,6,10,1,3,20,9,2,11,8,14,9,11,14,8,7,10,18,8,7,15,9,17,6,9,14,13,8,13,6,1,14,6,16,13,4,8,12,8,4,5,7,2,8,6,11,5,14,8,4,9,5,4,14,6,7,6,18,9,14,6,7,12,16,12,16,4,16,2,12,8,15,8,8,13,18,6,5,5,19,11,11,4,14,3,4,22,0,9,17,4,4,12,2,7,14,5,6,19,16,10,2,1,11,5,11,3,6,5,12,14,6,10,2,13,8,19,12,12,8,4,14,5,16,17,1,10,16,5,13,16,1,6,11,4,11,14,7,15
110,22,22,22,13,8,14,8,20,7,8,9,22,6,6,7,9,10,24,22,3,2,16,14,3,10,11,11,9,11,5,2,5,18,2,5,2,5,2,10,6,3,23,8,9,14,19,21,23,2,22,4,10,24,4,24,22,10,2,21,2,10,5,6,7,2,10,2,6,22,16,10,10,10,9,10,7,2,10,10,10,24,14,5,20,8,4,24,9,17,10,8,2,24,16,17,20,17,7,7,12,10,5,20,12,5,6,10,15,9,0,8,6,8,3,10,14,23,13,15,9,19,18,9,10,15,5,4,8,7,9,22,23,7,2,7,6,10,10,4,20,10,11,6,10,24,8,9,4,8,12,8,15,9,12,18,9,3,24,17,6
111,31,28,29,16,14,10,16,27,12,2,13,30,14,3,7,1,13,30,30,10,10,24,23,11,16,15,4,16,18,6,10,3,25,6,3,8,9,6,2,9,9,32,8,2,22,25,28,30,10,29,12,17,31,11,33,30,13,9,28,10,13,12,10,14,10,11,7,14,30,24,12,9,12,17,5,14,9,10,3,8,30,22,10,26,1,8,31,13,12,18,6,10,32,22,25,27,13,12,15,18,2,6,28,18,3,14,13,11,17,8,0,13,13,5,18,21,28,20,23,2,14,25,15,17,11,12,8,15,14,13,28,32,12,6,15,12,9,3,4,29,9,20,3,12,32,3,16,11,1,18,4,12,15,20,14,13,6,30,24,2
112,16,16,17,9,2,8,2,15,2,14,4,17,2,11,7,14,5,18,17,4,4,11,9,7,4,6,16,6,5,8,4,11,12,8,11,5,4,8,16,5,4,18,6,15,9,13,17,17,4,18,3,4,18,3,17,16,5,5,16,4,5,2,4,2,4,5,8,2,17,11,5,5,5,3,10,3,4,6,16,6,17,9,4,14,14,9,19,4,12,5,8,5,18,11,12,13,15,3,2,8,15,8,15,6,10,2,5,19,4,6,13,0,3,8,5,8,16,7,9,15,14,13,4,4,10,2,9,2,3,4,16,17,3,8,2,10,5,16,10,15,5,7,11,5,18,14,4,8,14,7,10,12,4,7,13,4,8,18,11,12
113,18,15,18,6,3,6,5,16,1,14,2,17,2,10,6,14,3,18,17,6,6,12,10,9,4,4,17,8,6,8,6,9,14,8,10,6,4,9,14,4,6,18,6,13,10,13,17,18,6,18,4,5,18,4,19,18,2,6,16,6,2,5,3,2,6,2,8,5,18,12,2,4,3,4,10,6,6,3,16,5,17,10,3,15,14,12,19,2,12,6,7,8,19,11,12,14,14,2,5,6,15,7,16,7,10,2,3,18,4,8,13,3,0,8,6,8,17,8,10,15,12,14,2,5,8,5,12,3,6,2,16,18,2,9,3,13,4,14,9,15,5,7,10,2,20,13,4,10,13,6,9,12,4,8,10,1,7,18,12,12
114,25,23,26,12,10,11,11,24,7,6,8,26,9,3,5,6,8,26,25,5,5,20,18,6,12,11,8,12,14,4,5,4,21,3,3,4,5,3,8,5,5,27,6,6,17,20,26,26,5,25,7,12,26,6,26,25,8,4,25,5,8,8,6,10,5,8,2,9,25,20,8,8,8,12,8,9,5,8,8,8,26,17,5,23,6,6,27,8,15,14,6,5,27,19,21,22,16,6,10,13,7,3,24,14,2,9,8,14,12,3,5,8,8,0,13,16,24,16,17,7,17,20,10,13,14,8,6,11,9,8,25,24,6,4,10,7,8,8,1,24,8,15,3,8,28,5,11,6,6,14,6,13,11,15,16,8,1,26,20,4
115,12,14,12,4,3,8,7,10,7,19,6,13,4,16,12,20,6,13,12,9,8,9,7,12,2,2,20,10,4,12,9,14,10,12,15,10,9,12,20,9,8,12,11,19,6,11,12,13,8,12,7,4,13,7,16,12,6,9,13,8,6,7,8,4,9,8,12,7,12,9,6,10,6,6,15,8,8,8,21,10,12,5,8,14,19,14,17,6,18,1,12,10,13,10,10,15,20,7,7,3,19,12,11,6,15,5,6,23,2,10,18,5,6,13,0,9,12,7,5,19,18,10,4,2,12,7,14,5,8,6,15,12,8,12,3,15,10,21,13,10,10,2,15,6,16,18,2,13,19,2,15,17,2,8,12,6,13,13,6,17
116,10,8,9,13,6,12,6,8,10,22,9,10,7,20,15,21,10,10,9,12,12,4,3,10,8,10,24,5,6,16,11,18,6,14,18,13,12,15,23,13,12,10,14,22,3,6,9,10,12,10,10,6,10,10,10,9,9,12,8,12,9,8,10,6,12,10,15,8,10,4,9,13,9,5,19,7,12,11,22,13,10,8,11,7,22,14,11,9,21,8,15,11,10,3,5,6,23,10,7,12,23,15,8,3,18,8,9,25,7,14,21,8,8,16,9,0,9,2,7,23,21,6,8,8,15,9,14,6,7,8,8,10,10,15,6,9,12,23,16,7,12,11,18,9,11,21,8,10,22,11,16,20,8,1,17,8,15,10,4,20
117,3,4,3,13,14,20,14,2,19,31,17,3,16,28,22,31,17,2,3,20,20,6,7,19,13,15,34,14,11,24,19,26,4,23,28,22,20,24,32,21,21,2,22,32,8,4,3,3,20,3,18,12,2,19,7,3,16,20,4,20,16,17,19,15,20,19,23,17,1,6,16,21,17,14,26,16,20,20,30,22,3,8,19,4,31,22,8,16,29,12,24,20,2,6,5,6,30,18,16,12,30,24,3,10,27,16,17,34,14,23,28,16,17,24,12,9,0,10,8,31,27,4,16,12,24,18,23,14,16,17,6,1,18,22,15,18,21,33,25,2,20,10,28,18,8,29,14,18,29,12,27,30,14,10,24,17,23,2,6,27
118,10,8,10,10,6,11,5,8,10,22,8,10,7,20,14,22,8,11,9,12,11,4,2,10,5,8,24,4,3,16,11,17,6,15,18,12,12,15,22,13,12,11,13,20,2,6,9,10,11,10,10,4,10,10,11,10,8,12,9,12,8,8,10,6,11,10,15,8,10,4,8,13,8,5,18,7,11,10,22,13,10,6,12,7,21,14,11,8,21,7,14,12,11,3,5,8,23,10,6,10,23,14,8,2,18,7,8,25,5,13,20,7,8,16,7,2,10,0,5,22,19,6,6,6,15,9,14,6,7,9,8,10,10,15,6,8,12,24,16,8,12,9,18,9,11,21,6,10,21,9,17,19,6,2,15,8,15,10,4,19
119,10,11,10,6,8,12,7,6,11,22,10,9,9,21,16,23,10,9,10,12,14,8,4,11,6,7,26,8,4,17,14,19,8,16,19,14,13,16,23,14,13,8,15,22,4,9,10,9,12,10,11,5,9,12,14,10,10,14,10,13,10,10,12,8,12,12,17,9,8,7,10,14,10,6,19,8,13,12,25,14,10,1,12,11,22,15,15,10,21,5,16,12,8,8,8,12,24,11,8,5,23,17,10,4,19,9,10,26,6,15,23,9,10,17,5,7,8,5,0,23,22,7,8,5,16,10,16,7,8,10,12,9,12,16,8,13,14,25,19,6,14,4,19,11,15,22,6,11,21,4,18,22,6,6,17,10,17,9,4,22
120,32,30,32,18,16,11,17,30,13,2,14,33,16,4,8,2,15,33,32,11,11,26,25,12,18,18,4,19,19,8,11,5,28,8,4,10,11,8,3,10,11,34,10,1,24,28,30,31,11,30,13,19,33,13,32,32,14,10,31,11,14,15,11,16,11,12,8,14,31,26,14,10,14,18,6,16,12,12,1,10,32,24,12,29,2,9,33,14,12,20,8,11,34,25,26,28,14,12,16,20,1,8,30,22,5,16,14,12,19,9,2,15,15,7,19,23,31,22,23,0,15,29,16,18,12,14,8,16,16,14,30,31,13,8,16,14,11,3,6,28,10,20,4,14,33,2,18,13,2,19,6,12,18,21,14,14,8,32,25,4
121,30,28,29,16,14,10,14,28,12,13,12,30,13,17,12,14,12,30,29,16,16,24,22,20,16,16,11,18,17,14,16,14,26,19,15,16,14,20,12,12,17,30,12,16,22,25,28,28,16,31,15,17,30,14,31,31,12,17,27,16,12,16,12,14,17,10,19,15,30,24,12,9,12,16,10,16,16,10,14,9,29,21,14,25,14,23,32,12,2,18,10,18,29,22,24,28,2,12,16,16,14,13,27,18,14,13,12,6,16,19,14,14,12,17,18,21,27,19,22,15,0,26,14,17,5,16,21,15,17,12,27,30,12,20,14,22,9,13,16,28,8,19,15,12,32,16,16,20,14,18,10,3,15,18,5,12,16,31,23,16
122,4,4,5,13,11,17,11,2,14,26,13,5,12,24,19,28,14,5,4,16,17,2,4,15,10,11,29,10,8,21,17,24,1,20,23,18,16,20,28,17,17,5,18,26,4,2,4,4,17,5,15,9,5,16,7,4,14,18,3,16,14,14,15,12,16,16,19,13,4,2,14,18,13,10,24,12,17,15,28,18,4,8,16,4,27,18,9,14,26,9,20,17,5,3,1,6,28,15,12,12,28,19,3,7,23,12,13,30,10,18,25,13,14,20,10,6,4,6,7,29,26,0,12,9,20,14,20,11,12,14,6,5,15,20,11,14,18,28,22,2,18,11,24,14,8,25,10,16,26,12,22,26,10,6,21,14,20,5,4,25
123,15,15,16,5,2,5,6,14,3,14,2,16,3,12,8,16,2,17,16,6,7,10,8,11,2,2,17,9,4,10,7,12,11,9,11,7,5,10,16,6,7,17,7,16,8,12,16,16,7,16,5,3,16,5,18,16,2,7,14,7,2,6,4,2,6,4,9,6,16,10,2,6,2,5,12,7,7,4,18,7,16,8,5,12,14,13,17,2,14,4,10,8,16,9,10,14,16,4,6,4,16,9,14,6,12,3,2,19,2,9,15,4,2,10,4,8,16,6,8,16,14,12,0,3,9,6,13,4,7,2,14,16,4,10,2,14,6,17,11,14,6,5,12,3,17,14,2,11,14,4,11,14,2,7,10,2,9,17,10,13
124,14,12,13,5,3,8,6,11,6,18,5,13,4,16,10,18,5,13,13,8,8,8,6,10,1,2,20,10,3,12,8,15,9,11,14,9,8,12,19,9,8,14,10,18,6,9,12,13,8,14,6,2,14,7,16,13,5,9,12,8,5,6,8,3,8,6,12,6,13,8,5,9,5,5,15,6,8,7,20,10,13,5,8,12,18,12,16,5,16,2,12,8,13,8,8,14,19,6,6,4,19,12,12,5,15,4,5,23,1,10,17,4,5,13,2,8,12,6,5,18,17,9,3,0,11,6,12,4,6,5,14,14,6,12,3,14,9,20,13,10,9,3,14,5,15,18,2,11,18,4,13,17,2,7,13,5,11,13,7,15
125,24,22,25,11,10,4,12,22,8,10,7,25,10,13,8,10,7,24,25,13,13,18,16,17,12,10,9,16,12,10,12,10,20,15,11,13,11,16,10,9,13,25,8,12,17,21,25,24,13,26,12,12,25,11,25,25,7,13,22,14,7,13,9,9,13,6,16,12,24,19,7,6,7,12,6,12,13,5,11,6,25,16,11,22,11,20,27,7,5,13,7,15,24,17,19,22,8,8,13,13,11,10,22,14,12,9,7,11,11,15,11,10,8,14,12,15,24,15,16,12,5,20,9,11,0,12,18,11,13,7,23,25,9,16,9,20,6,9,13,23,6,13,11,7,26,13,11,18,11,12,7,5,10,15,4,7,13,25,18,13
126,18,16,18,10,4,10,4,17,4,13,6,18,3,11,6,12,7,19,18,3,3,13,11,5,5,8,16,5,6,7,3,9,14,6,9,4,3,6,14,4,3,20,5,13,11,14,18,19,3,18,1,6,18,1,19,18,6,4,18,3,7,1,4,4,3,7,6,2,19,12,7,6,7,4,9,2,3,7,14,6,19,10,2,16,13,7,21,6,13,7,7,3,19,12,14,15,15,4,3,9,14,6,17,8,9,3,7,18,5,5,12,2,5,8,7,9,18,9,10,14,16,14,6,6,12,0,7,4,2,6,18,18,4,6,4,9,7,15,8,16,7,8,9,7,20,12,6,6,13,9,9,12,6,8,15,5,6,18,12,11
127,24,21,24,17,11,16,9,22,11,10,13,24,10,6,10,8,14,23,23,6,6,18,16,4,12,14,11,10,12,8,6,9,20,3,8,6,8,3,10,10,6,23,11,8,16,19,24,23,6,23,8,11,25,8,24,23,13,6,23,6,14,6,10,11,6,13,4,7,24,18,14,14,14,10,13,8,6,13,9,12,23,16,8,20,8,1,25,13,19,14,11,4,24,16,19,20,20,10,8,16,8,9,22,13,7,10,13,18,11,4,8,9,12,6,14,14,23,14,16,8,21,20,13,12,18,7,0,10,8,13,23,24,10,2,11,6,13,10,6,20,13,15,8,13,25,7,13,5,8,15,12,19,12,13,21,12,6,23,18,6
128,16,13,14,8,2,8,2,13,4,15,4,15,2,14,9,17,5,16,15,6,6,9,7,7,3,6,19,6,3,10,6,13,10,10,12,7,6,10,17,8,6,16,8,16,7,11,14,15,6,14,4,2,15,5,16,15,5,7,14,6,5,3,6,2,6,5,10,2,15,9,5,7,6,2,13,3,6,5,17,8,16,7,6,11,16,9,17,4,14,5,10,6,16,8,10,12,18,5,2,8,18,10,13,4,13,2,5,20,3,8,15,2,3,11,5,6,14,6,7,16,15,11,4,4,11,4,10,0,3,4,14,16,5,9,2,10,7,18,12,13,7,6,13,5,17,16,4,8,16,8,12,15,4,5,13,4,10,16,9,13
129,16,15,16,11,5,11,2,14,4,14,7,17,4,12,8,15,8,17,15,5,4,10,8,4,6,8,18,3,5,8,5,12,12,8,12,6,5,8,16,6,5,17,6,15,8,12,16,16,5,17,3,5,17,3,18,16,8,6,14,5,7,2,4,4,5,7,8,1,17,10,8,8,8,2,12,1,5,8,17,7,16,9,5,13,15,7,18,7,14,7,8,5,16,10,11,13,16,4,1,10,15,8,15,6,11,4,8,18,6,7,14,3,6,9,8,7,16,7,8,16,17,12,7,6,13,2,8,3,0,7,16,17,4,8,5,8,8,16,10,14,8,8,11,8,17,14,6,6,14,10,11,14,6,6,16,6,8,17,10,12
130,18,17,18,5,3,4,6,17,3,12,1,18,4,10,6,14,1,19,18,7,7,12,10,11,5,4,16,10,6,7,7,10,14,10,10,7,5,10,15,4,7,19,5,13,10,14,18,19,7,19,5,6,18,5,19,17,1,7,17,7,1,7,3,3,7,2,10,6,18,13,1,4,1,6,10,7,7,2,14,5,19,10,5,15,13,12,19,1,12,6,7,10,18,12,13,14,14,3,6,6,15,7,16,7,9,3,1,18,5,9,13,4,2,8,6,8,17,9,10,14,12,14,2,5,7,6,13,4,7,0,16,19,3,10,3,14,4,15,8,15,4,7,10,1,18,13,4,12,13,6,9,12,4,8,10,1,7,19,11,10
131,4,2,4,19,14,19,14,8,18,30,16,4,15,27,22,28,16,6,3,20,20,6,9,19,13,15,31,12,12,24,19,26,6,23,27,20,20,23,31,20,20,6,22,29,8,4,4,4,20,4,18,12,6,18,3,3,16,20,3,20,16,16,19,14,19,18,23,16,7,6,16,20,16,13,27,16,18,19,30,20,4,13,19,2,29,22,3,16,27,14,23,19,6,6,5,2,29,18,15,17,29,22,3,10,26,15,16,35,12,22,28,16,16,25,15,8,6,8,12,30,27,6,14,14,23,18,23,14,16,16,0,6,18,22,14,18,20,31,25,7,21,16,27,16,3,28,14,18,28,17,26,29,14,9,24,17,23,5,9,28
132,3,5,3,14,16,21,14,2,18,30,18,3,17,28,24,32,18,1,3,22,20,6,8,20,14,14,33,14,13,24,21,27,5,24,28,22,21,25,31,21,21,1,22,30,8,5,3,3,21,3,20,14,1,18,7,3,18,22,4,20,19,18,21,16,21,20,25,18,1,6,18,23,18,14,26,16,21,20,33,24,3,9,20,4,31,24,9,18,29,14,24,22,1,8,6,6,32,19,16,13,31,24,3,12,28,17,18,35,14,23,32,17,18,24,12,10,1,10,9,31,30,5,16,14,25,18,24,16,17,19,6,0,19,24,16,18,22,33,27,3,21,12,28,18,8,29,14,20,31,13,26,29,14,11,24,18,25,1,7,30
133,20,18,18,7,4,7,5,17,1,12,3,19,3,9,4,12,4,20,18,4,4,14,12,9,6,5,14,8,8,6,5,8,16,7,8,5,2,8,12,3,5,20,4,12,12,14,18,20,4,20,3,7,20,3,21,19,3,4,18,5,4,4,1,4,5,3,7,4,19,14,3,4,4,5,8,5,4,4,13,4,20,11,2,17,11,10,20,3,11,7,6,6,20,12,14,17,12,1,4,8,13,5,18,9,8,3,4,16,6,7,12,3,2,6,8,10,18,10,12,13,12,15,4,6,9,4,10,5,4,3,18,19,0,8,4,12,4,13,7,17,4,8,9,3,21,12,5,10,12,7,8,10,5,10,12,2,6,20,13,10
134,25,22,25,14,9,14,10,22,9,8,10,25,8,4,8,7,11,24,23,4,4,19,17,5,11,12,10,11,12,6,4,7,20,1,6,4,6,1,8,8,4,24,9,7,17,21,24,24,4,24,6,12,25,6,26,23,11,4,24,4,11,6,8,9,4,11,1,8,23,19,12,12,12,11,10,8,4,11,9,11,24,17,6,20,6,3,27,10,17,12,9,4,26,17,20,21,19,8,9,14,8,6,24,14,5,8,11,16,10,2,6,8,9,4,12,15,22,15,16,8,20,20,10,12,16,6,2,9,8,10,22,24,8,0,9,6,11,9,4,22,12,14,6,11,25,6,10,6,6,13,10,18,10,14,20,10,4,26,17,5
135,16,13,16,6,1,6,4,13,4,16,2,16,2,13,9,17,3,16,15,6,6,10,8,9,2,4,18,8,4,10,6,12,11,9,12,6,6,9,18,7,6,16,7,16,8,12,15,16,6,15,4,3,16,4,17,16,3,7,15,6,3,4,5,1,6,4,9,4,15,9,3,7,4,4,12,5,6,4,17,7,15,8,6,13,15,11,18,3,14,3,10,7,17,9,11,12,16,4,4,6,17,10,14,5,12,2,3,19,2,7,15,2,3,10,3,6,15,6,8,16,14,11,2,3,9,4,11,2,5,3,14,16,4,9,0,12,6,17,11,13,7,4,13,3,17,15,2,10,16,6,12,14,2,6,12,2,10,15,9,14
136,18,16,18,18,13,18,9,17,12,12,14,18,12,10,12,14,16,18,18,8,7,12,11,4,14,16,15,5,11,11,8,11,14,6,10,8,10,6,14,12,8,18,12,13,10,14,17,18,8,18,10,12,19,9,19,18,15,8,17,7,15,8,11,12,8,15,6,9,17,13,15,16,15,9,14,8,8,16,14,14,18,13,10,15,12,6,21,15,21,15,13,6,19,11,13,15,22,12,9,18,14,10,16,10,10,12,15,20,13,6,12,10,13,7,15,9,18,8,13,14,22,14,14,14,20,9,6,10,8,14,18,18,12,6,12,0,14,14,8,15,15,17,10,14,20,12,14,3,12,18,13,20,14,8,22,14,8,20,12,11
137,22,20,21,8,6,4,7,20,3,9,4,22,5,8,4,10,4,23,21,8,8,16,14,12,8,7,12,10,10,5,8,6,17,10,6,8,6,11,12,4,8,23,3,10,14,17,22,20,8,20,6,8,22,6,23,22,4,7,19,7,4,7,4,6,8,2,11,6,20,16,4,1,4,8,6,8,8,2,11,1,22,13,5,19,10,13,22,4,8,9,4,10,23,15,17,19,10,3,7,9,10,5,20,10,7,5,4,14,8,10,9,5,4,8,10,12,21,12,14,11,9,18,6,9,6,7,13,7,8,4,20,22,4,11,6,14,0,11,8,20,1,10,6,4,22,9,7,13,9,9,6,8,8,11,9,4,7,23,14,8
138,32,31,31,19,18,13,17,30,14,2,15,31,16,4,9,2,15,31,30,12,12,25,26,13,20,18,2,20,21,8,12,6,29,9,6,11,12,8,1,10,12,33,10,4,24,27,33,31,12,32,14,20,32,13,33,33,14,11,32,12,15,15,13,16,12,13,9,16,32,26,15,12,14,18,5,16,12,13,2,11,32,26,12,30,2,10,35,16,11,20,8,12,34,26,26,30,12,14,18,20,2,8,31,22,6,16,15,9,19,10,3,16,14,8,21,23,33,24,25,3,13,28,17,20,9,15,10,18,16,15,31,33,13,9,17,14,11,0,6,32,11,22,5,14,33,4,19,14,3,21,6,10,18,22,13,15,9,31,27,4
139,25,24,26,12,11,10,12,23,8,5,9,26,9,3,5,6,9,27,26,6,6,20,18,7,12,11,8,12,15,3,6,3,21,3,2,4,6,4,6,4,6,26,6,6,19,22,25,25,5,25,7,14,27,7,28,26,8,4,24,6,8,9,6,10,6,8,3,9,26,20,9,8,8,12,7,10,6,8,6,7,27,18,6,24,5,6,27,9,15,14,6,6,26,19,21,24,15,7,11,14,6,3,25,15,2,10,8,13,12,4,4,10,9,1,13,16,25,16,19,6,16,22,11,13,13,8,6,12,10,8,25,27,7,4,11,8,8,6,0,24,8,14,2,8,28,5,12,7,4,13,6,13,11,16,16,9,2,25,19,3
140,4,6,4,12,14,18,12,1,16,28,15,4,14,27,21,30,16,3,5,19,18,4,6,18,11,13,32,11,10,24,18,24,2,22,24,19,19,22,29,20,19,3,20,29,6,4,5,5,19,5,17,11,3,16,10,5,16,20,5,19,16,15,18,14,19,17,21,15,2,4,16,20,16,11,26,14,18,17,31,21,5,6,19,6,29,21,11,15,28,11,24,19,4,5,3,8,30,17,14,10,30,23,4,9,24,14,16,33,12,20,29,15,15,24,10,7,2,8,6,28,28,2,14,10,23,16,20,13,14,15,7,3,17,22,13,15,20,32,24,0,20,9,24,16,9,28,12,17,28,10,23,26,12,8,23,16,23,3,4,25
141,22,21,21,8,7,3,8,20,4,10,5,22,6,9,4,10,4,23,21,8,8,17,14,12,8,7,12,10,10,5,8,6,17,11,6,8,6,11,11,4,8,23,3,10,14,17,22,22,8,22,6,9,22,7,22,22,4,8,21,8,4,8,4,6,8,3,11,7,21,16,4,1,4,8,6,8,8,2,10,1,21,13,6,19,9,13,23,4,8,9,4,10,22,16,17,18,10,4,8,9,10,6,20,11,7,6,4,13,8,10,9,5,5,8,10,12,20,12,14,10,8,18,6,9,6,7,13,7,8,4,21,21,4,12,7,15,1,11,8,20,0,10,6,4,24,9,8,12,9,10,5,8,8,12,8,4,8,22,15,8
142,12,15,12,3,4,9,8,10,8,19,6,14,6,18,13,20,7,12,14,10,10,11,8,13,4,4,23,12,6,14,9,17,12,12,16,11,10,12,22,10,10,12,12,20,8,13,14,13,10,12,8,4,12,8,18,14,7,11,14,10,7,9,9,5,10,8,13,8,11,11,7,10,7,8,16,9,10,9,21,12,14,4,9,14,19,14,20,7,18,2,14,11,12,11,11,16,21,8,8,2,21,13,14,7,16,6,7,24,4,11,20,7,7,15,2,11,10,9,4,20,19,11,5,3,13,8,15,6,8,7,16,12,8,14,4,17,10,22,14,9,10,0,16,7,18,18,3,14,18,2,16,18,3,9,14,7,14,11,8,17
143,28,26,27,15,13,9,13,26,9,4,10,27,11,3,4,4,10,27,27,7,7,21,20,8,14,13,6,14,16,3,7,1,23,5,1,6,7,6,5,6,7,29,5,4,20,24,26,28,7,28,8,15,28,9,28,26,10,6,26,7,10,10,8,12,8,8,5,10,28,21,10,6,10,14,5,11,8,8,5,6,26,19,7,23,3,8,29,10,12,14,4,8,28,21,23,24,12,8,12,15,5,4,24,17,1,11,10,11,14,6,3,11,10,3,15,18,28,18,19,4,15,24,12,14,11,9,8,13,11,10,27,28,9,6,13,10,6,5,2,24,6,16,0,10,28,3,13,9,3,16,4,12,14,18,14,10,4,28,22,2
144,18,17,18,4,3,4,6,16,3,13,1,18,4,10,6,13,1,18,18,8,8,12,11,11,5,4,16,10,6,7,7,10,14,10,9,8,5,10,14,4,8,19,5,12,10,14,18,18,7,19,6,6,18,6,20,18,1,7,16,7,1,7,3,3,7,2,10,7,18,13,1,4,1,6,10,8,8,2,15,5,19,11,5,14,12,13,20,1,12,6,7,9,18,12,13,15,14,3,7,6,14,6,16,8,9,4,1,18,5,10,12,5,2,8,6,9,18,9,11,14,12,14,3,5,7,7,13,5,8,1,16,18,3,11,3,14,4,14,8,16,4,7,10,0,20,13,4,12,12,6,9,11,4,8,9,2,7,19,12,10
145,6,4,6,21,16,21,16,9,20,32,19,6,17,28,25,32,19,7,5,23,23,8,11,21,16,16,34,16,14,25,21,29,7,24,29,23,21,24,32,24,21,8,23,32,10,6,5,5,23,5,21,15,8,20,1,6,19,23,4,22,19,19,21,16,21,20,24,18,8,8,18,23,19,16,27,17,22,20,34,24,5,15,22,5,32,25,1,19,32,16,25,22,8,8,8,5,34,21,18,18,33,26,5,13,28,17,19,36,16,24,32,18,20,28,16,11,8,11,15,33,32,8,17,15,26,20,25,17,17,18,3,8,21,25,17,20,22,33,28,9,24,18,28,20,0,33,15,21,32,19,28,30,16,11,26,18,26,8,11,29
146,29,30,31,16,15,11,16,28,12,4,13,31,15,2,7,4,13,32,28,10,10,24,23,10,16,16,6,17,19,6,10,4,26,7,3,9,10,6,5,8,10,30,8,2,22,26,30,32,10,32,12,17,31,12,32,30,13,8,30,10,12,13,11,14,10,11,7,14,31,24,12,8,12,16,8,14,10,11,2,8,31,22,10,27,3,8,31,12,15,18,6,10,30,24,26,27,16,12,15,18,3,6,28,19,4,14,13,13,17,8,3,14,13,5,18,21,29,21,22,2,16,25,14,18,13,12,7,16,14,13,28,29,12,6,15,12,9,4,5,28,9,18,3,13,33,0,17,12,3,19,6,14,16,20,17,13,6,32,25,2
147,14,12,14,5,2,6,6,13,4,17,4,14,3,14,10,18,4,15,14,7,6,8,7,11,1,2,19,10,3,11,7,14,10,10,13,8,7,10,18,8,7,14,8,17,7,10,13,14,7,14,6,2,15,5,15,14,4,8,12,7,4,6,6,2,7,6,10,6,14,8,4,8,4,5,14,7,6,6,19,8,14,6,6,12,17,12,17,4,16,2,11,9,14,9,10,13,18,6,6,4,17,11,13,5,13,3,4,21,1,9,16,4,4,11,2,8,14,6,6,18,16,10,2,2,11,6,13,4,6,4,14,14,5,10,2,14,7,19,12,12,8,3,13,4,15,17,0,11,17,4,13,15,1,7,11,4,11,15,8,15
148,18,17,19,16,10,15,7,18,10,12,12,18,9,9,10,12,13,20,18,5,5,14,12,1,11,13,14,6,9,8,5,8,14,5,9,5,8,5,14,9,5,20,10,12,11,14,19,20,6,18,7,10,20,7,21,19,12,5,17,5,13,6,9,10,5,12,5,6,20,14,12,13,13,6,12,5,5,13,14,12,19,12,7,16,12,4,20,12,19,12,10,3,19,12,14,16,21,10,6,15,13,8,18,9,8,9,12,18,10,4,11,8,10,6,13,10,18,10,11,13,20,16,11,11,18,6,5,8,6,12,18,20,10,6,10,3,13,14,7,17,12,14,9,12,21,12,11,0,11,15,11,18,11,10,21,11,6,20,13,10
149,31,28,31,16,15,10,16,29,11,2,13,30,14,3,6,2,13,32,29,10,10,24,23,10,18,16,4,16,18,6,10,4,26,6,4,9,10,6,2,8,10,32,8,2,22,26,28,30,9,31,11,18,32,11,32,31,13,8,29,10,12,13,10,15,10,11,6,13,30,24,13,8,12,17,5,14,10,11,2,8,29,22,10,28,1,8,33,13,13,18,6,10,31,23,25,28,14,12,15,18,2,6,28,19,4,14,13,11,16,8,1,14,13,6,19,22,29,21,21,2,14,26,14,18,11,13,8,16,14,13,28,31,12,6,16,12,9,3,4,28,9,18,3,12,32,3,17,11,0,18,4,11,16,20,15,13,6,30,24,2
150,14,16,14,2,5,8,9,11,7,19,6,14,6,17,11,20,6,13,14,10,10,12,8,14,4,3,21,12,6,12,10,15,12,13,16,10,9,12,20,10,10,13,11,19,9,13,14,13,10,14,8,5,13,8,19,13,6,10,15,10,6,10,8,6,10,8,12,9,12,12,6,9,6,8,15,10,10,8,19,10,14,5,9,15,19,15,20,6,17,3,12,12,12,12,12,17,19,7,10,1,20,12,14,8,15,6,6,24,5,12,18,7,6,14,2,11,12,9,4,19,18,12,4,4,12,9,15,8,10,6,17,13,7,13,6,18,9,21,13,10,10,2,16,6,19,19,4,15,18,0,15,17,4,10,12,6,12,13,8,16
151,25,25,26,13,12,6,12,25,8,4,9,25,10,6,3,5,9,28,27,6,6,20,18,10,14,12,7,13,14,4,6,3,22,9,4,6,6,9,6,5,6,26,4,6,20,22,26,27,6,28,8,14,27,8,28,27,9,6,25,6,9,9,7,11,6,8,9,10,25,21,9,5,9,13,2,11,6,8,6,4,26,18,6,22,4,12,28,9,8,14,2,8,28,20,22,23,10,8,10,14,5,4,26,16,5,10,9,9,13,8,4,10,9,6,15,16,27,17,18,6,10,22,11,13,7,9,12,12,11,9,26,26,8,10,12,13,6,6,6,23,5,16,4,9,28,6,13,11,4,15,0,8,12,16,10,9,6,26,20,6
152,30,29,28,16,15,9,15,28,12,10,12,29,13,14,10,11,12,31,28,14,14,23,22,17,15,16,9,16,18,10,14,11,24,16,12,13,12,16,10,10,14,30,8,13,22,24,28,30,14,29,11,16,30,11,31,28,12,13,28,13,12,12,10,14,14,10,15,13,28,24,11,8,12,15,6,14,14,10,11,8,29,22,11,27,12,19,30,12,1,17,8,15,31,23,23,26,3,10,14,16,12,11,27,18,12,13,12,6,16,15,12,12,12,13,17,20,30,19,22,12,3,26,14,17,5,12,19,15,14,12,29,29,10,18,14,20,8,10,13,26,8,18,12,11,30,14,15,18,11,17,8,0,16,20,5,12,13,30,22,13
153,14,12,14,5,2,6,6,12,4,16,4,15,3,14,10,18,4,14,14,7,7,8,6,11,1,2,20,9,3,11,7,14,10,10,14,8,7,10,18,8,7,15,9,17,6,10,14,15,7,15,5,2,14,5,15,14,4,8,13,7,4,6,6,2,7,5,10,6,14,9,4,8,4,5,13,6,7,6,19,8,15,6,7,12,16,12,16,4,16,2,11,9,15,9,9,14,18,5,6,4,17,10,12,5,13,3,4,20,1,9,15,4,4,11,2,8,14,6,6,18,15,10,2,2,10,6,12,4,6,4,14,14,5,10,2,14,8,18,11,12,8,3,14,4,16,16,1,11,16,4,12,16,0,8,11,4,11,15,8,14
154,10,9,10,12,6,12,5,9,9,20,8,10,6,19,14,21,8,11,10,11,10,4,3,10,6,9,24,4,4,15,11,17,6,14,18,12,11,15,22,12,10,10,13,20,2,6,10,10,11,10,9,6,11,9,11,10,8,12,8,11,8,8,10,6,11,9,14,8,10,4,8,12,8,4,18,6,11,10,23,12,10,7,11,7,20,13,12,8,19,8,14,11,11,4,5,7,21,9,6,11,22,14,8,2,18,6,9,25,6,12,20,7,8,15,8,1,10,2,6,21,18,6,7,7,15,8,13,5,6,8,9,11,10,14,6,8,11,22,16,8,12,9,18,8,11,20,7,10,20,10,16,20,8,0,17,8,14,11,4,19
155,26,22,25,11,11,6,16,22,12,12,9,25,12,17,12,13,9,26,24,16,16,20,17,21,11,11,12,20,13,14,17,14,20,19,14,16,14,19,12,12,16,26,11,15,16,20,24,25,16,25,14,12,25,14,25,24,9,16,24,16,9,16,12,11,16,9,18,15,24,18,9,9,9,15,10,17,16,9,14,10,26,18,13,22,15,23,28,10,5,13,10,18,25,18,21,23,7,12,16,13,14,14,24,15,14,13,8,10,11,18,14,13,10,16,12,17,24,15,17,14,5,21,10,13,4,15,21,13,16,10,24,24,12,20,12,22,9,13,16,23,8,14,14,9,26,17,11,21,15,12,10,5,11,17,0,10,15,26,18,15
156,17,15,18,5,2,5,5,16,2,13,1,17,3,12,6,14,2,18,18,6,6,12,10,11,4,3,16,9,6,7,6,10,13,9,10,6,4,10,15,5,6,18,6,14,10,13,18,17,6,18,5,5,18,5,18,17,2,6,16,6,2,6,3,2,6,2,9,6,18,12,2,5,2,5,10,6,6,2,16,5,18,10,4,14,13,12,19,1,12,5,8,9,18,11,12,15,14,2,6,5,14,7,16,7,10,3,2,18,4,9,13,4,1,8,6,8,17,8,10,14,12,14,2,5,7,5,12,4,6,1,17,18,2,10,2,14,4,15,9,16,4,7,10,2,18,13,4,11,13,6,9,12,4,8,10,0,7,18,11,12
157,24,23,24,11,10,10,10,22,6,6,7,25,8,4,4,7,8,25,24,4,4,18,16,5,10,10,9,11,13,3,4,3,19,3,3,3,4,4,8,4,4,26,5,7,17,20,25,25,4,25,5,12,25,6,26,24,8,3,23,4,8,7,4,9,4,7,3,8,23,19,8,8,8,11,7,8,4,8,8,7,25,17,4,21,6,6,26,7,15,12,6,4,24,18,20,21,15,5,9,12,8,3,22,14,3,8,8,12,11,3,6,8,7,1,13,15,23,15,17,8,16,20,9,11,13,6,6,10,8,7,23,25,6,4,10,8,7,9,2,23,8,14,4,7,26,6,11,6,6,12,6,13,11,14,15,7,0,24,18,4
158,2,4,2,15,16,22,14,3,20,32,17,2,17,28,24,30,18,1,3,22,21,7,8,20,14,15,34,15,12,24,21,28,5,25,28,23,22,25,32,22,21,1,24,31,9,5,2,2,20,2,20,14,1,19,7,2,18,22,3,22,18,18,21,17,22,20,25,18,2,6,19,22,18,15,29,16,20,21,33,24,2,9,21,4,32,24,8,18,31,13,25,21,1,8,6,5,32,20,16,13,32,25,3,12,28,18,19,36,14,24,30,18,18,26,13,10,2,10,9,32,31,5,17,13,25,18,23,16,17,19,5,1,20,26,15,20,23,31,25,3,22,11,28,19,8,32,15,20,30,13,26,30,15,11,26,18,24,0,7,29
159,7,8,7,10,9,14,8,5,13,25,11,7,10,23,18,25,11,8,7,15,14,4,2,14,7,8,28,8,6,18,14,22,4,18,22,16,15,18,25,15,14,7,16,24,2,5,6,7,15,7,13,7,7,12,10,6,12,16,6,15,12,11,14,10,14,13,17,10,6,4,11,15,12,8,20,10,14,13,26,16,7,4,14,7,24,17,12,11,22,7,19,14,7,4,4,9,25,13,10,9,25,17,6,5,21,10,12,28,7,17,24,11,12,20,6,4,6,4,4,25,23,4,10,7,18,12,18,9,10,11,9,7,13,17,9,12,14,27,19,4,15,8,22,12,11,25,8,13,24,8,20,22,8,4,18,11,18,7,0,22
160,28,27,28,15,13,10,14,28,10,4,11,28,12,1,5,3,12,29,28,8,8,23,22,9,14,14,5,14,17,4,8,3,24,5,2,7,8,5,4,7,8,28,6,3,20,25,28,28,8,27,10,16,29,9,28,28,11,7,26,8,11,11,9,12,8,9,5,11,30,22,11,8,11,14,7,12,8,9,4,7,28,20,8,24,2,6,31,11,14,15,6,8,28,23,23,26,16,10,12,16,4,4,28,18,2,12,11,13,15,6,2,12,12,4,17,20,27,19,22,4,16,25,13,15,13,11,6,13,12,10,28,30,10,5,14,11,8,4,3,25,8,17,2,10,29,2,15,10,2,16,6,13,14,19,15,12,4,29,22,0
