Locations,1,2,3,4,5,6,7,8,9,10,11,12,13,14,15,16,17,18,19,20,21,22,23,24,25,26,27,28,29,30,31,32,33,34,35,36,37,38,39,40,41,42,43,44,45,46,47,48,49,50,51,52,53,54,55,56,57,58,59,60,61,62,63,64,65,66,67,68,69,70,71,72,73,74,75,76,77,78,79,80,81,82,83,84,85,86,87,88,89,90,91,92,93,94,95,96,97,98,99,100,101,102,103,104,105,106,107,108,109,110,111,112,113,114,115,116,117,118,119,120,121,122,123,124,125,126,127,128,129,130,131,132
1,0,31,7,12,2,10,8,5,7,2,4,4,2,1,2,18,11,10,4,15,9,3,10,4,8,2,2,6,2,1,5,8,3,3,4,11,6,8,2,2,1,3,8,4,16,2,9,1,2,1,17,4,15,1,6,7,2,10,5,1,16,10,2,12,8,7,3,4,2,12,16,8,9,2,4,5,2,10,4,16,6,10,6,17,3,10,4,8,3,4,2,8,2,12,2,14,2,7,6,18,14,2,7,7,6,10,5,24,2,19,6,17,4,16,14,8,14,5,2,2,5,10,4,4,2,4,21,3,6,8,2,20
2,31,0,24,17,29,29,21,27,34,30,26,27,29,28,28,36,20,31,32,16,21,29,30,32,23,28,28,28,26,30,31,25,26,32,29,29,31,38,28,31,31,29,22,26,45,27,31,28,28,29,35,32,39,30,24,23,26,20,26,29,44,20,26,43,22,31,28,32,27,30,34,22,28,29,26,25,27,20,25,46,30,42,29,49,26,31,30,29,32,27,29,21,29,41,28,34,28,36,23,35,41,29,24,28,26,21,26,40,27,34,26,36,26,46,16,21,30,26,27,30,35,30,30,33,28,27,49,28,24,38,29,34
3,7,24,0,6,5,11,2,6,10,5,3,3,5,6,5,19,5,11,10,9,3,6,11,8,2,4,5,7,4,6,6,9,4,9,5,12,7,14,5,8,7,6,5,3,22,5,11,6,4,7,19,8,17,6,1,2,4,4,6,7,22,9,5,18,2,6,4,10,5,14,17,2,10,5,2,3,4,4,6,22,8,18,7,24,4,12,7,9,9,5,7,2,5,20,5,16,4,14,4,19,19,5,1,8,4,4,6,26,5,20,7,18,3,23,8,2,16,2,4,6,11,9,7,10,4,3,27,4,5,14,5,22
4,12,17,6,0,11,14,4,10,16,11,8,8,11,12,12,22,2,16,16,7,4,12,15,14,5,10,11,11,10,12,12,14,10,15,10,16,13,20,11,14,13,12,9,9,27,11,14,12,10,12,23,14,24,12,6,6,11,2,10,12,28,4,11,26,5,12,10,16,11,18,22,5,14,11,8,8,11,3,10,29,12,23,12,28,10,16,13,12,15,11,14,5,11,26,11,21,11,19,8,24,24,11,6,13,8,6,11,28,11,25,12,22,8,29,2,5,20,8,10,12,16,12,13,17,10,9,34,9,7,19,12,25
5,2,29,5,11,0,8,7,3,6,1,3,3,3,1,1,16,10,8,5,13,8,2,7,3,7,4,2,4,2,2,3,6,2,5,2,9,4,10,2,3,2,5,7,2,18,1,7,1,4,2,16,3,13,1,5,6,1,10,4,2,17,12,3,14,6,8,2,6,3,11,15,7,7,1,3,4,1,9,2,18,5,13,4,18,3,8,3,6,4,2,3,6,2,14,2,14,1,9,5,16,14,1,5,5,4,8,3,22,1,17,4,15,3,19,13,7,13,3,1,3,6,12,3,6,1,2,23,2,8,9,1,19
6,10,29,11,14,8,0,11,5,5,8,8,11,10,9,8,8,14,2,9,14,12,6,1,6,10,11,9,4,9,10,5,4,9,9,6,2,5,10,10,10,8,12,8,9,18,8,2,9,12,9,8,6,13,9,11,10,8,14,5,10,16,19,11,14,12,17,9,7,11,4,7,10,1,8,10,8,8,12,6,16,3,12,4,19,11,3,6,2,10,6,9,10,10,14,10,6,8,9,8,8,14,9,11,3,8,10,5,14,8,12,4,8,11,19,14,10,6,10,8,10,9,19,6,7,8,9,23,9,15,9,8,12
7,8,21,2,4,7,11,0,6,12,7,4,5,7,8,7,19,4,11,12,7,2,8,11,10,1,6,7,8,7,8,8,9,6,12,7,12,9,16,7,10,9,8,4,5,24,8,11,8,6,9,19,9,20,8,3,2,7,4,6,8,24,8,6,22,1,8,6,12,7,14,17,1,10,8,5,4,6,2,6,24,8,19,8,26,6,12,9,9,11,8,9,1,7,22,7,16,6,16,4,19,22,7,2,9,3,2,6,26,8,20,7,19,5,24,6,1,16,4,6,9,13,9,10,13,6,5,30,6,5,16,7,23
8,5,27,6,10,3,5,6,0,8,4,4,6,6,4,3,12,10,5,7,12,8,3,4,5,6,6,4,3,4,5,4,3,4,7,2,7,4,11,5,6,4,8,5,5,19,3,5,4,6,4,13,5,15,4,6,5,3,9,1,5,19,14,6,16,7,12,4,8,6,8,12,6,4,3,6,4,4,8,1,19,3,14,3,21,6,6,5,3,6,2,4,6,5,17,5,11,3,11,3,12,17,4,6,3,3,6,1,19,4,14,2,13,6,21,11,6,10,6,3,6,8,15,5,8,4,4,24,5,11,12,4,16
9,7,34,10,16,6,5,12,8,0,6,8,8,7,6,5,11,15,4,6,19,13,4,4,3,12,8,6,5,6,6,4,10,6,6,6,5,3,8,7,7,6,10,12,7,12,6,3,6,8,6,12,3,8,6,10,11,6,14,7,7,12,16,7,9,11,13,7,4,7,6,11,12,6,6,8,8,6,14,8,12,5,7,5,13,7,5,3,4,6,6,6,12,6,9,6,10,6,4,10,11,10,6,10,5,10,13,8,18,5,17,9,11,7,13,18,12,9,8,6,7,6,16,3,4,6,8,17,7,12,4,5,15
10,2,30,5,11,1,8,7,4,6,0,3,3,2,1,1,17,10,9,5,14,8,2,8,3,7,3,1,5,1,2,4,7,2,4,2,10,4,9,2,3,2,4,7,2,17,1,8,1,3,2,16,3,14,1,5,6,1,10,4,2,17,11,2,15,7,8,2,6,2,12,15,7,7,1,3,4,1,9,4,18,6,12,5,18,2,9,3,7,4,2,3,7,2,14,2,14,1,8,5,17,14,1,6,6,4,8,4,21,1,17,5,16,3,19,13,7,13,3,1,2,6,12,3,6,1,2,22,2,8,9,1,20
11,4,26,3,8,3,8,4,4,8,3,0,3,3,4,3,16,7,9,7,11,6,4,8,6,4,3,3,5,2,4,4,7,2,7,2,10,5,12,3,6,4,5,5,1,20,3,8,4,3,4,17,5,15,4,3,3,2,6,4,4,20,10,2,18,4,8,2,8,3,11,16,4,8,3,2,1,2,6,3,20,6,14,5,22,2,10,6,7,7,3,5,4,3,18,3,14,2,11,2,17,17,3,3,6,2,6,4,22,3,18,5,16,2,22,10,4,13,2,2,4,9,12,5,9,2,1,26,2,7,12,3,19
12,4,27,3,8,3,11,5,6,8,3,3,0,3,3,3,19,7,10,7,11,6,4,10,5,4,2,2,7,2,4,6,9,2,6,5,12,7,12,2,6,4,3,5,2,19,3,10,3,2,4,18,5,15,4,3,4,4,7,6,4,19,8,2,16,4,6,2,8,2,13,17,4,10,3,1,3,3,6,5,19,8,14,7,22,2,11,5,8,7,4,5,4,2,17,2,16,3,11,4,19,17,2,3,8,3,6,6,26,3,20,8,18,1,20,10,4,15,1,3,4,8,9,6,8,2,2,24,2,5,12,3,22
13,2,29,5,11,3,10,7,6,7,2,3,3,0,2,3,18,9,10,5,14,8,4,10,4,7,1,2,6,2,2,6,8,2,4,4,12,6,9,1,3,2,3,7,2,18,3,9,2,1,2,18,4,15,2,5,6,3,9,6,2,18,9,1,14,6,6,2,6,1,14,16,7,9,3,3,4,2,9,5,16,7,13,6,19,1,11,4,8,4,4,3,6,1,14,1,16,3,9,5,18,14,2,6,8,4,8,6,24,2,20,6,17,2,18,12,7,15,3,3,2,6,10,5,6,2,2,22,2,6,9,2,21
14,1,28,6,12,1,9,8,4,6,1,4,3,2,0,1,17,10,9,4,14,8,2,8,3,8,3,1,5,2,1,4,7,2,4,3,11,4,8,2,3,2,4,8,3,18,1,8,1,3,1,17,3,14,1,6,6,2,10,4,2,17,11,2,14,7,8,2,5,2,12,16,7,8,1,4,4,2,9,4,17,6,11,5,18,2,10,3,6,4,3,2,7,1,14,1,14,2,8,5,17,14,1,6,6,5,9,4,22,1,18,5,16,3,18,13,7,14,4,2,2,6,11,3,6,2,3,22,2,7,8,1,20
15,2,28,5,12,1,8,7,3,5,1,3,3,3,1,0,15,9,8,5,14,8,2,8,3,7,4,2,4,2,2,3,6,2,5,2,10,4,9,2,3,2,5,7,3,17,1,8,1,4,2,15,3,13,1,5,6,1,9,4,2,17,12,3,15,7,8,2,6,3,11,14,7,7,1,3,4,1,8,3,17,5,12,4,19,3,9,2,6,4,2,2,7,2,15,2,14,1,8,5,16,15,1,5,5,4,8,4,22,1,18,4,16,3,18,13,7,13,3,1,3,6,12,3,6,1,2,22,2,8,9,1,20
16,18,36,19,22,16,8,19,12,11,17,16,19,18,17,15,0,21,8,16,22,20,14,9,14,18,19,16,12,17,17,13,13,17,16,14,7,12,19,18,17,17,20,15,16,19,16,9,17,19,16,1,14,5,16,18,18,15,22,12,18,20,28,19,20,20,24,17,14,18,6,1,19,9,16,18,16,16,22,14,18,11,16,12,20,18,7,14,10,16,14,16,19,17,20,17,3,16,16,16,1,13,17,19,10,16,17,13,6,16,20,12,1,19,21,22,19,8,19,16,19,17,27,14,14,16,17,22,17,22,13,16,4
17,11,20,5,2,10,14,4,10,15,10,7,7,9,10,9,21,0,15,14,6,2,10,14,12,4,9,10,10,9,10,11,12,8,14,9,15,11,18,9,13,11,10,8,8,27,10,13,10,9,11,21,11,22,10,5,5,9,1,10,11,25,5,9,22,3,11,8,15,9,16,21,4,13,10,7,6,9,2,8,26,11,22,11,28,8,14,11,12,14,9,12,4,9,24,10,20,9,18,7,21,24,9,4,12,6,5,10,29,10,23,11,21,7,27,4,4,19,6,9,11,15,10,12,15,9,7,31,8,6,19,10,25
18,10,31,11,16,8,2,11,5,4,9,9,10,10,9,8,8,15,0,9,15,13,7,1,6,11,11,9,4,9,9,5,6,9,9,7,2,4,11,10,10,9,13,9,9,16,8,2,9,11,9,8,7,12,9,12,10,8,14,5,10,16,20,10,13,12,16,9,7,11,3,7,11,2,8,11,8,8,14,6,16,4,10,4,18,10,1,6,2,9,6,8,10,10,13,10,6,8,8,8,8,12,9,12,3,8,9,5,14,8,13,5,8,10,17,14,11,5,11,8,12,9,20,6,7,9,8,22,10,15,8,9,11
19,4,32,10,16,5,9,12,7,6,5,7,7,5,4,5,16,14,9,0,17,12,4,8,3,12,6,5,5,6,4,4,9,6,1,6,10,5,5,5,2,3,4,11,7,13,5,9,4,6,3,16,3,14,4,9,10,6,14,6,4,12,12,6,10,12,8,6,2,5,12,16,11,8,5,7,8,5,14,7,14,6,8,5,14,6,10,3,7,1,5,2,12,5,10,5,15,5,4,9,16,10,5,10,6,8,13,7,23,5,18,8,16,7,14,17,11,14,8,6,4,2,11,3,2,6,7,19,6,9,5,5,19
20,15,16,9,7,13,14,7,12,19,14,11,11,14,14,14,22,6,15,17,0,6,14,14,16,7,13,13,14,13,15,15,10,12,17,13,15,16,23,13,16,16,14,7,11,31,14,16,15,12,16,21,15,26,15,9,8,13,6,12,14,31,11,13,28,7,14,12,19,13,17,21,7,14,13,11,10,12,5,12,31,15,26,14,32,13,16,16,15,16,13,16,7,14,26,13,18,13,21,9,21,29,14,8,14,10,6,11,26,13,18,11,22,11,32,6,7,15,11,13,14,20,14,16,19,13,11,37,12,10,22,13,20
21,9,21,3,4,8,12,2,8,13,8,6,6,8,8,8,20,2,13,12,6,0,9,12,10,2,7,8,8,7,9,9,10,6,12,8,14,10,16,8,11,10,9,6,6,25,8,12,9,7,10,20,10,21,9,3,3,7,2,8,10,24,7,8,21,2,9,7,13,8,15,20,2,11,8,6,4,8,1,7,25,10,19,9,26,7,13,10,10,12,8,10,2,8,21,8,17,7,16,5,21,23,8,3,10,5,3,8,25,8,21,9,20,6,26,5,2,18,5,8,9,14,8,10,14,7,6,31,6,4,16,8,22
22,3,29,6,12,2,6,8,3,4,2,4,4,4,2,2,14,10,7,4,14,9,0,6,2,8,5,2,3,3,3,2,5,3,4,2,8,2,8,4,4,2,6,8,4,16,2,6,2,5,2,15,2,13,2,6,6,2,10,3,4,16,13,4,14,8,10,3,5,4,10,13,8,6,2,4,5,2,9,3,16,4,12,3,18,4,8,2,5,4,1,2,8,4,13,3,12,2,8,6,14,13,2,6,4,5,9,4,21,2,16,4,14,4,18,13,8,12,5,2,4,5,13,2,5,2,3,21,3,9,8,2,17
23,10,30,11,15,7,1,11,4,4,8,8,10,10,8,8,9,14,1,8,14,12,6,0,6,10,11,8,4,9,9,4,5,9,8,6,2,4,10,10,10,8,13,8,9,17,7,2,8,11,8,8,6,12,8,11,10,7,14,4,9,16,18,10,13,12,15,8,6,10,4,8,10,2,8,10,8,8,12,5,17,3,11,4,18,10,2,6,2,8,6,8,10,10,13,9,6,8,8,7,9,13,8,11,2,7,9,4,15,8,12,4,9,10,17,13,10,6,10,8,10,9,19,6,6,8,8,21,9,14,8,8,12
24,4,32,8,14,3,6,10,5,3,3,6,5,4,3,3,14,12,6,3,16,10,2,6,0,9,5,3,2,4,4,2,7,4,3,4,8,2,6,4,4,3,7,10,5,15,3,6,3,5,3,14,1,11,3,7,8,4,12,4,4,14,13,5,12,9,10,4,3,5,9,13,10,5,3,6,6,4,11,5,16,3,9,2,16,5,7,1,4,4,3,3,10,4,12,4,12,4,6,8,14,12,3,8,4,7,10,5,20,3,16,6,14,5,16,16,9,11,6,4,5,4,14,1,3,4,5,20,4,9,7,3,17
25,8,23,2,5,7,10,1,6,12,7,4,4,7,8,7,18,4,11,12,7,2,8,10,9,0,6,7,8,6,8,8,8,6,12,6,12,9,15,6,10,8,7,4,5,23,7,10,8,6,8,18,10,20,8,2,2,6,4,6,8,24,9,6,21,2,8,6,12,6,13,17,1,10,7,4,4,6,3,5,24,8,19,8,25,6,12,10,8,10,7,9,1,7,20,7,15,6,16,3,19,22,7,2,8,3,2,6,24,7,20,7,18,5,25,6,1,15,4,6,8,13,9,9,13,6,4,30,6,5,16,7,23
26,2,28,4,10,4,11,6,6,8,3,3,2,1,3,4,19,9,11,6,13,7,5,11,5,6,0,2,7,2,2,6,9,2,5,5,12,7,10,2,4,3,2,6,2,18,4,10,2,1,3,18,5,16,3,4,5,4,8,7,3,18,8,1,15,6,5,3,6,1,14,17,6,10,4,2,3,3,8,6,19,8,13,8,20,1,12,5,9,5,5,3,6,2,16,2,16,4,9,4,18,16,2,4,8,4,7,6,26,3,21,8,18,2,19,11,6,16,2,4,2,7,9,6,7,3,3,23,2,5,10,3,22
27,2,28,5,11,2,9,7,4,6,1,3,2,2,1,2,16,10,9,5,13,8,2,8,3,7,2,0,5,1,2,4,7,2,4,3,10,5,9,1,4,2,4,7,2,18,2,8,1,2,2,16,3,14,2,5,6,2,9,4,2,17,10,2,14,6,8,2,6,2,12,15,7,8,2,3,4,1,9,4,18,6,13,5,18,2,10,3,7,4,3,3,7,1,14,1,14,2,8,5,17,15,1,5,7,4,8,4,22,1,18,5,18,2,19,13,7,14,3,2,2,6,12,3,6,1,2,22,2,6,9,1,20
28,6,28,7,11,4,4,8,3,5,5,5,7,6,5,4,12,10,4,5,14,8,3,4,2,8,7,5,0,5,6,1,5,5,5,3,6,2,9,6,6,5,9,7,6,16,4,4,5,8,5,11,3,13,5,7,6,4,10,2,6,16,16,7,14,8,13,5,5,6,7,11,8,3,4,7,4,4,9,3,17,1,12,1,19,7,5,3,2,5,3,5,7,6,14,6,10,4,8,6,12,14,5,8,2,5,9,3,18,5,14,4,12,7,17,13,7,10,7,4,7,6,16,2,6,5,5,22,6,12,9,5,15
29,2,26,4,10,2,9,7,4,6,1,2,2,2,2,2,17,9,9,6,13,7,3,9,4,6,2,1,5,0,2,4,8,1,5,3,10,5,10,1,4,3,4,6,2,17,2,8,2,2,3,17,4,15,2,4,5,2,8,4,2,18,10,2,16,6,8,1,7,2,12,16,6,8,2,2,3,1,8,4,18,6,12,5,20,2,10,4,7,5,3,3,6,1,14,1,14,2,10,4,16,16,1,5,7,4,7,5,22,1,18,5,16,2,20,11,6,14,2,2,2,7,11,4,7,1,2,24,1,7,10,1,21
30,1,30,6,12,2,10,8,5,6,2,4,4,2,1,2,17,10,9,4,15,9,3,9,4,8,2,2,6,2,0,5,7,3,4,3,11,5,8,2,2,1,4,9,4,16,2,9,1,2,1,16,3,15,1,6,7,2,10,5,1,15,10,2,13,8,7,3,4,2,12,16,8,9,2,4,5,2,10,4,16,6,11,6,18,2,10,4,8,3,4,2,8,2,12,2,14,2,7,6,17,13,2,7,7,6,10,5,23,2,19,6,17,4,18,14,8,14,4,2,2,5,11,4,5,2,4,22,3,6,8,2,20
31,5,31,6,12,3,5,8,4,4,4,4,6,6,4,3,13,11,5,4,15,9,2,4,2,8,6,4,1,4,5,0,6,4,4,2,6,1,8,6,6,4,8,8,5,16,3,4,4,7,4,12,2,12,4,6,7,3,10,4,5,16,14,6,12,8,11,4,4,6,8,12,8,4,3,6,5,4,10,4,16,2,11,1,18,6,6,2,3,5,2,4,8,5,13,5,10,3,7,6,12,13,4,6,2,6,10,4,18,4,14,5,12,6,18,13,8,10,6,3,6,5,14,2,5,4,4,21,5,11,8,4,16
32,8,25,9,14,6,4,9,3,10,7,7,9,8,7,6,13,12,6,9,10,10,5,5,7,8,9,7,5,8,7,6,0,7,9,4,6,6,12,8,9,7,11,5,8,20,6,7,7,9,7,12,7,18,7,10,8,6,12,3,8,21,16,8,18,10,14,7,10,8,7,12,9,4,6,9,7,6,11,4,22,5,17,5,22,9,7,6,6,8,5,7,8,8,18,8,10,6,13,6,12,19,7,10,5,6,8,3,15,6,12,2,13,9,23,12,8,7,9,6,9,10,17,7,10,7,7,26,7,14,13,7,14
33,3,26,4,10,2,9,6,4,6,2,2,2,2,2,2,17,8,9,6,12,6,3,9,4,6,2,2,5,1,3,4,7,0,6,3,11,4,10,2,4,3,4,6,1,18,2,8,2,3,3,17,4,15,3,4,4,2,8,5,3,19,10,2,16,6,8,1,7,2,12,15,6,8,2,2,2,1,7,4,19,6,14,5,19,2,10,4,7,6,3,4,6,2,16,2,14,2,10,4,17,16,2,4,7,3,7,4,22,2,19,6,17,2,20,12,6,14,2,1,3,7,11,4,7,1,1,24,1,7,10,2,20
34,3,32,9,15,5,9,12,7,6,4,7,6,4,4,5,16,14,9,1,17,12,4,8,3,12,5,4,5,5,4,4,9,6,0,5,10,4,5,5,2,3,4,11,7,13,5,8,4,5,3,16,2,14,4,10,10,5,13,6,3,12,12,5,10,11,8,6,2,5,11,15,11,8,4,7,8,5,13,7,13,6,8,5,14,5,10,3,6,1,5,2,11,4,10,4,14,6,4,9,17,10,5,10,6,8,12,7,23,5,19,8,17,7,14,17,11,14,8,5,3,2,12,3,2,6,7,18,6,9,5,4,20
35,4,29,5,10,2,6,7,2,6,2,2,5,4,3,2,14,9,7,6,13,8,2,6,4,6,5,3,3,3,3,2,4,3,5,0,8,3,10,4,4,3,7,6,3,18,2,6,3,5,3,15,4,14,3,5,5,2,8,2,4,18,13,4,16,6,10,3,6,5,10,13,6,6,2,4,3,2,8,2,19,4,12,3,19,4,7,4,5,5,1,3,6,4,14,4,12,2,9,4,15,15,3,5,4,4,7,2,20,2,16,3,14,4,19,12,6,11,4,2,4,7,14,4,7,2,3,23,3,10,10,2,18
36,11,29,12,16,9,2,12,7,5,10,10,12,12,11,10,7,15,2,10,15,14,8,2,8,12,12,10,6,10,11,6,6,11,10,8,0,6,12,12,12,11,14,9,10,16,9,2,10,12,11,6,8,11,10,12,11,9,15,6,11,15,20,12,14,14,18,10,8,12,2,6,12,3,10,12,10,10,14,7,15,5,11,6,17,12,1,8,4,11,8,10,12,12,13,11,4,9,8,9,7,13,10,13,4,10,10,6,12,10,14,6,6,12,16,15,12,4,12,9,12,10,21,7,8,10,10,21,11,17,8,10,10
37,6,31,7,13,4,5,9,4,3,4,5,7,6,4,4,12,11,4,5,16,10,2,4,2,9,7,5,2,5,5,1,6,4,4,3,6,0,7,6,6,4,9,9,5,15,4,4,4,7,4,12,2,11,4,7,8,3,12,4,6,14,15,6,12,8,12,4,4,6,8,11,10,4,4,6,6,4,11,5,15,2,10,2,16,6,6,2,2,5,3,4,9,6,12,5,10,4,6,7,13,12,5,8,2,6,10,5,18,4,14,6,12,6,16,14,9,9,7,4,6,5,15,2,4,4,5,20,5,12,7,4,16
38,8,38,14,20,10,10,16,11,8,9,12,12,9,8,9,19,18,11,5,23,16,8,10,6,15,10,9,9,10,8,8,12,10,5,10,12,7,0,9,6,8,9,16,11,8,9,10,9,10,7,18,7,16,8,13,14,10,18,10,8,8,17,10,6,15,8,10,4,9,13,18,15,10,9,11,12,10,18,12,8,8,4,8,10,10,11,7,9,5,9,6,15,9,6,9,17,10,4,14,19,6,9,14,8,13,18,11,24,9,20,12,19,12,10,20,16,15,12,10,8,3,10,7,4,10,12,14,10,13,7,9,21
39,2,28,5,11,2,10,7,5,7,2,3,2,1,2,2,18,9,10,5,13,8,4,10,4,6,2,1,6,1,2,6,8,2,5,4,12,6,9,0,3,2,3,7,2,17,2,9,1,2,2,17,4,14,2,5,6,2,9,6,2,17,10,1,14,6,6,2,6,1,13,17,7,9,2,3,4,2,9,5,17,7,12,6,20,1,11,4,8,4,4,3,7,1,14,1,16,2,8,5,18,15,1,6,7,4,8,6,23,2,18,6,17,2,18,12,7,14,3,2,2,6,10,4,6,2,2,22,2,6,9,2,20
40,2,31,8,14,3,10,10,6,7,3,6,6,3,3,3,17,13,10,2,16,11,4,10,4,10,4,4,6,4,2,6,9,4,2,4,12,6,6,3,0,2,3,10,6,15,3,9,3,4,2,19,4,15,2,8,8,4,12,6,2,14,11,4,12,9,6,4,4,4,13,18,10,10,3,6,6,4,12,5,14,7,10,7,15,4,11,4,8,1,4,2,10,3,11,4,16,4,6,8,17,12,4,8,8,7,11,6,24,3,19,7,19,5,16,16,10,14,6,4,2,4,10,5,4,4,5,20,5,7,6,3,20
41,1,31,7,13,2,8,9,4,6,2,4,4,2,2,2,17,11,9,3,16,10,2,8,3,8,3,2,5,3,1,4,7,3,3,3,11,4,8,2,2,0,4,8,4,16,2,8,1,3,1,16,3,14,1,6,7,3,11,4,1,15,10,2,12,8,8,3,4,2,12,16,9,8,2,4,6,3,10,4,16,6,11,5,18,3,10,3,7,2,3,1,9,2,13,2,14,3,7,7,16,12,2,7,6,6,10,4,23,2,19,5,17,4,16,15,8,14,5,3,2,4,12,3,5,3,4,20,4,7,7,2,20
42,3,29,6,12,5,12,8,8,10,4,5,3,3,4,5,20,10,13,4,14,9,6,13,7,7,2,4,9,4,4,8,11,4,4,7,14,9,9,3,3,4,0,7,4,17,5,12,4,2,4,20,6,18,4,6,6,5,10,8,3,17,9,2,13,7,4,4,6,2,16,19,8,11,5,4,4,5,9,7,16,10,12,9,19,2,14,6,10,4,6,4,7,3,14,4,18,6,8,6,20,13,4,6,10,5,8,8,26,5,21,9,20,3,18,13,8,18,4,5,2,6,7,7,6,4,4,22,4,5,9,5,24
43,8,22,5,9,7,8,4,5,12,7,5,5,7,8,7,15,8,9,11,7,6,8,8,10,4,6,7,7,6,9,8,5,6,11,6,9,9,16,7,10,8,7,0,5,25,7,9,8,6,9,15,9,20,8,5,4,7,8,6,8,23,13,7,20,6,10,6,12,6,10,14,4,6,7,4,4,7,7,5,25,8,18,8,26,6,10,10,8,11,7,9,4,7,22,7,12,7,15,2,16,20,7,5,8,4,3,5,21,7,16,4,16,5,24,8,4,12,5,6,9,13,13,10,13,6,5,29,5,9,16,7,17
44,4,26,3,9,2,9,5,5,7,2,1,2,2,3,3,16,8,9,7,11,6,4,9,5,5,2,2,6,2,4,5,8,1,7,3,10,5,11,2,6,4,4,5,0,20,2,9,3,2,4,16,5,16,4,3,4,2,7,5,4,20,10,2,17,4,7,1,8,2,12,16,5,8,3,2,2,2,6,4,20,6,15,6,20,2,10,5,7,7,3,5,5,2,16,2,14,2,10,3,16,17,2,3,7,2,6,5,23,2,18,6,17,2,21,10,5,14,2,2,4,9,11,5,8,2,1,24,1,6,12,2,20
45,16,45,22,27,18,18,24,19,12,17,20,19,18,18,17,19,27,16,13,31,25,16,17,15,23,18,18,16,17,16,16,20,18,13,18,16,15,8,17,15,16,17,25,20,0,17,15,16,19,16,19,16,16,17,21,23,18,25,20,15,3,25,18,3,24,16,18,12,17,14,18,24,18,17,20,21,18,25,20,1,17,6,16,2,19,15,15,16,13,18,16,24,17,4,17,16,19,9,23,19,5,18,22,17,22,26,20,24,17,28,21,18,19,2,31,24,16,20,17,16,11,16,15,12,19,20,6,19,22,8,18,22
46,2,27,5,11,1,8,8,3,6,1,3,3,3,1,1,16,10,8,5,14,8,2,7,3,7,4,2,4,2,2,3,6,2,5,2,9,4,9,2,3,2,5,7,2,17,0,7,1,4,2,16,3,13,2,5,6,1,10,3,2,16,11,3,14,6,8,2,6,3,10,14,7,7,1,3,4,1,9,3,18,5,12,4,18,3,9,3,6,4,2,3,7,2,15,2,13,1,8,5,15,15,1,6,6,4,8,4,22,1,18,4,15,3,18,12,7,12,3,1,4,6,12,3,6,1,2,23,2,8,9,1,18
47,9,31,11,14,7,2,11,5,3,8,8,10,9,8,8,9,13,2,9,16,12,6,2,6,10,10,8,4,8,9,4,7,8,8,6,2,4,10,9,9,8,12,9,9,15,7,0,8,11,8,8,6,11,9,10,10,7,13,4,9,14,18,10,12,12,16,8,6,10,4,8,10,3,7,10,8,8,12,5,15,3,9,4,16,10,2,6,2,9,6,8,10,9,12,10,6,7,7,8,9,12,8,10,2,8,11,5,15,8,14,6,9,10,15,16,10,6,10,7,11,8,19,5,6,8,8,19,8,15,6,8,12
48,1,28,6,12,1,9,8,4,6,1,4,3,2,1,1,17,10,9,4,15,9,2,8,3,8,2,1,5,2,1,4,7,2,4,3,10,4,9,1,3,1,4,8,3,16,1,8,0,2,1,16,3,13,1,6,6,2,10,4,1,16,10,2,14,7,8,2,5,2,11,16,7,8,1,4,4,2,9,4,16,6,11,5,19,2,10,3,7,4,3,2,8,1,13,1,14,2,8,6,18,14,1,6,6,5,9,4,24,1,18,6,16,3,18,13,7,14,4,2,2,6,11,3,6,2,3,23,2,7,8,1,20
49,2,28,4,10,4,12,6,6,8,3,3,2,1,3,4,19,9,11,6,12,7,5,11,5,6,1,2,8,2,2,7,9,3,5,5,12,7,10,2,4,3,2,6,2,19,4,11,2,0,3,19,5,16,2,4,5,4,8,7,3,18,8,1,16,6,6,2,6,1,14,18,6,10,4,2,3,3,8,6,18,8,14,8,20,1,12,5,9,5,5,3,6,2,16,2,17,4,10,4,19,14,3,5,8,3,8,7,24,3,20,8,20,2,20,12,6,16,2,4,3,7,8,6,7,3,2,23,2,5,10,3,22
50,1,29,7,12,2,9,9,4,6,2,4,4,2,1,2,16,11,9,3,16,10,2,8,3,8,3,2,5,3,1,4,7,3,3,3,11,4,7,2,2,1,4,9,4,16,2,8,1,3,0,16,3,14,1,6,7,2,11,4,1,15,10,2,13,8,7,3,4,2,12,16,8,8,2,4,5,2,10,4,16,6,11,5,17,3,10,3,7,3,3,1,9,2,12,2,14,2,7,6,17,12,2,7,6,6,10,4,22,2,18,6,17,4,18,14,9,14,5,2,2,5,11,3,4,3,4,22,4,7,8,2,20
51,17,35,19,23,16,8,19,13,12,16,17,18,18,17,15,1,21,8,16,21,20,15,8,14,18,18,16,11,17,16,12,12,17,16,15,6,12,18,17,19,16,20,15,16,19,16,8,16,19,16,0,14,5,17,19,18,16,22,12,17,21,28,18,20,20,24,17,14,19,6,1,18,9,16,19,16,16,20,14,19,11,18,12,19,18,8,14,10,17,14,17,19,18,19,18,3,16,15,16,1,13,17,18,10,16,17,13,6,15,20,12,1,19,21,22,18,8,18,16,18,17,26,14,15,16,17,21,17,23,12,16,4
52,4,32,8,14,3,6,9,5,3,3,5,5,4,3,3,14,11,7,3,15,10,2,6,1,10,5,3,3,4,3,2,7,4,2,4,8,2,7,4,4,3,6,9,5,16,3,6,3,5,3,14,0,11,3,7,8,4,12,4,4,15,13,4,12,9,10,4,4,4,9,14,9,6,3,5,6,3,11,5,15,4,10,3,17,4,7,1,5,3,3,2,9,4,12,4,12,3,6,7,15,12,3,8,4,7,11,5,20,2,16,6,14,5,16,14,9,12,6,3,4,4,14,1,4,3,5,21,4,9,7,3,18
53,15,39,17,24,13,13,20,15,8,14,15,15,15,14,13,5,22,12,14,26,21,13,12,11,20,16,14,13,15,15,12,18,15,14,14,11,11,16,14,15,14,18,20,16,16,13,11,13,16,14,5,11,0,14,17,19,14,22,15,15,18,24,15,17,20,20,15,12,15,10,6,20,14,13,16,17,14,20,16,15,13,15,13,17,16,11,12,12,14,14,14,20,15,17,14,8,13,12,17,6,10,14,18,12,17,20,16,9,13,25,17,5,16,18,26,20,13,16,14,15,14,25,11,11,14,15,19,14,21,9,13,6
54,1,30,6,12,1,9,8,4,6,1,4,4,2,1,1,16,10,9,4,15,9,2,8,3,8,3,2,5,2,1,4,7,3,4,3,10,4,8,2,2,1,4,8,4,17,2,9,1,2,1,17,3,14,0,6,7,2,11,4,1,16,11,2,13,7,7,2,5,2,12,15,8,8,1,4,5,2,9,4,17,6,11,5,18,2,10,3,7,3,3,2,8,2,14,2,14,2,8,6,17,13,2,6,6,5,9,4,22,1,18,5,17,4,18,14,8,14,4,2,2,6,11,3,5,2,4,22,3,7,8,1,20
55,6,24,1,6,5,11,3,6,10,5,3,3,5,6,5,18,5,12,9,9,3,6,11,7,2,4,5,7,4,6,6,10,4,10,5,12,7,13,5,8,6,6,5,3,21,5,10,6,4,6,19,7,17,6,0,2,4,5,7,6,22,8,4,20,2,6,4,10,4,14,18,2,10,5,2,3,4,4,6,21,8,18,8,23,4,12,7,9,9,5,7,2,5,19,5,17,4,12,4,18,19,5,1,8,4,4,7,24,5,20,8,18,3,23,8,2,16,2,4,6,11,8,7,11,4,3,27,4,5,14,5,21
56,7,23,2,6,6,10,2,5,11,6,3,4,6,6,6,18,5,10,10,8,3,6,10,8,2,5,6,6,5,7,7,8,4,10,5,11,8,14,6,8,7,6,4,4,23,6,10,6,5,7,18,8,19,7,2,0,5,5,5,7,23,9,5,19,2,7,5,12,5,13,16,2,9,6,3,2,5,4,4,23,6,17,6,24,5,10,8,8,10,6,8,1,6,20,6,16,5,14,3,17,19,6,2,7,2,3,5,22,6,19,6,18,4,23,7,2,14,3,5,7,12,10,8,12,5,4,28,4,6,15,6,21
57,2,26,4,11,1,8,7,3,6,1,2,4,3,2,1,15,9,8,6,13,7,2,7,4,6,4,2,4,2,2,3,6,2,5,2,9,3,10,2,4,3,5,7,2,18,1,7,2,4,2,16,4,14,2,4,5,0,9,3,2,17,11,3,15,6,8,2,6,3,10,14,6,7,1,3,3,1,8,2,17,4,13,4,19,3,9,3,6,5,2,3,6,2,16,2,14,1,9,4,16,15,2,5,5,4,8,3,21,1,17,4,16,3,19,12,6,12,4,1,3,7,12,3,7,1,2,22,2,8,10,1,18
58,10,20,4,2,10,14,4,9,14,10,6,7,9,10,9,22,1,14,14,6,2,10,14,12,4,8,9,10,8,10,10,12,8,13,8,15,12,18,9,12,11,10,8,7,25,10,13,10,8,11,22,12,22,11,5,5,9,0,9,11,27,6,9,24,3,11,8,15,9,17,21,4,13,10,7,6,9,1,9,26,11,22,10,27,8,14,11,12,13,9,12,4,9,24,9,20,9,17,7,23,22,9,4,11,6,5,9,28,9,24,11,22,7,28,4,4,19,6,9,10,15,10,12,15,9,7,32,8,5,18,9,26
59,5,26,6,10,4,5,6,1,7,4,4,6,6,4,4,12,10,5,6,12,8,3,4,4,6,7,4,2,4,5,4,3,5,6,2,6,4,10,6,6,4,8,6,5,20,3,4,4,7,4,12,4,15,4,7,5,3,9,0,5,18,14,6,16,8,12,4,8,6,8,12,6,4,3,6,4,4,8,1,20,3,14,3,20,6,6,4,3,6,2,4,6,6,16,5,10,3,10,3,13,16,4,7,2,4,6,1,18,4,14,2,13,6,21,11,6,10,6,4,6,8,15,4,8,4,4,23,5,10,10,4,16
60,1,29,7,12,2,10,8,5,7,2,4,4,2,2,2,18,11,10,4,14,10,4,9,4,8,3,2,6,2,1,5,8,3,3,4,11,6,8,2,2,1,3,8,4,15,2,9,1,3,1,17,4,15,1,6,7,2,11,5,0,16,9,2,13,8,6,3,4,2,13,16,9,8,2,4,5,2,10,4,16,7,11,6,18,3,10,4,8,3,4,2,8,2,13,2,15,2,8,6,18,13,2,7,7,6,9,5,24,2,18,6,18,4,17,14,8,14,4,2,1,5,10,4,5,2,4,22,3,6,8,2,20
61,16,44,22,28,17,16,24,19,12,17,20,19,18,17,17,20,25,16,12,31,24,16,16,14,24,18,17,16,18,15,16,21,19,12,18,15,14,8,17,14,15,17,23,20,3,16,14,16,18,15,21,15,18,16,22,23,17,27,18,16,0,23,18,3,24,15,18,12,17,16,21,22,18,16,19,20,18,26,20,3,16,5,16,2,17,15,15,15,13,17,15,22,17,3,16,18,17,9,21,20,8,18,22,16,21,24,19,27,17,27,21,22,18,2,30,24,18,19,18,16,11,16,14,11,17,19,6,18,21,9,16,25
62,10,20,9,4,12,19,8,14,16,11,10,8,9,11,12,28,5,20,12,11,7,13,18,13,9,8,10,16,10,10,14,16,10,12,13,20,15,17,10,11,10,9,13,10,25,11,18,10,8,10,28,13,24,11,8,9,11,6,14,9,23,0,9,22,8,10,11,13,9,22,26,9,18,12,9,10,11,6,14,24,16,19,16,27,9,19,13,16,11,12,11,9,10,22,10,24,12,16,11,28,23,10,8,17,11,10,15,32,11,27,16,27,9,26,5,9,24,8,12,9,14,8,14,13,11,11,31,10,4,17,11,31
63,2,26,5,11,3,11,6,6,7,2,2,2,1,2,3,19,9,10,6,13,8,4,10,5,6,1,2,7,2,2,6,8,2,5,4,12,6,10,1,4,2,2,7,2,18,3,10,2,1,2,18,4,15,2,4,5,3,9,6,2,18,9,0,14,6,6,2,6,1,14,17,7,9,3,2,3,3,8,5,18,8,13,7,19,1,11,5,9,5,4,3,6,1,15,1,15,3,9,4,18,15,2,5,8,4,8,6,24,3,21,7,18,2,19,12,6,16,3,3,2,6,9,5,6,2,2,22,2,5,10,3,22
64,12,43,18,26,14,14,22,16,9,15,18,16,14,14,15,20,22,13,10,28,21,14,13,12,21,15,14,14,16,13,12,18,16,10,16,14,12,6,14,12,12,13,20,17,3,14,12,14,16,13,20,12,17,13,20,19,15,24,16,13,3,22,14,0,21,13,15,10,14,15,20,22,15,14,17,17,15,23,17,4,13,3,13,5,16,13,12,13,10,14,12,21,14,1,14,18,16,6,19,20,7,15,20,13,17,21,17,27,15,26,17,20,17,4,26,20,18,18,15,12,8,14,12,9,16,17,9,16,19,8,14,24
65,8,22,2,5,6,12,1,7,11,7,4,4,6,7,7,20,3,12,12,7,2,8,12,9,2,6,6,8,6,8,8,10,6,11,6,14,8,15,6,9,8,7,6,4,24,6,12,7,6,8,20,9,20,7,2,2,6,3,8,8,24,8,6,21,0,8,6,12,6,15,20,1,11,7,4,4,6,2,6,22,8,19,8,26,6,13,9,10,10,6,9,2,7,20,7,18,6,14,5,20,20,6,2,10,4,3,7,26,7,22,8,19,4,26,6,2,17,4,6,8,13,8,10,12,6,4,29,5,4,16,7,22
66,7,31,6,12,8,17,8,12,13,8,8,6,6,8,8,24,11,16,8,14,9,10,15,10,8,5,8,13,8,7,11,14,8,8,10,18,12,8,6,6,8,4,10,7,16,8,16,8,6,7,24,10,20,7,6,7,8,11,12,6,15,10,6,13,8,0,8,10,6,18,22,8,15,8,6,8,8,10,10,16,14,11,12,18,6,17,10,14,7,10,8,8,6,13,7,20,9,9,9,25,13,8,6,14,9,10,11,28,8,26,12,24,6,18,14,8,21,6,9,5,7,4,11,9,8,8,22,7,6,12,8,26
67,3,28,4,10,2,9,6,4,7,2,2,2,2,2,2,17,8,9,6,12,7,3,8,4,6,3,2,5,1,3,4,7,1,6,3,10,4,10,2,4,3,4,6,1,18,2,8,2,2,3,17,4,15,2,4,5,2,8,4,3,18,11,2,15,6,8,0,7,2,12,16,6,8,2,2,2,1,7,4,18,6,14,5,19,2,10,4,7,5,3,4,6,2,15,2,15,2,10,4,16,16,2,4,6,3,7,4,24,2,18,5,16,2,19,11,6,14,2,1,3,8,11,4,8,1,1,23,1,7,10,2,20
68,4,32,10,16,6,7,12,8,4,6,8,8,6,5,6,14,15,7,2,19,13,5,6,3,12,6,6,5,7,4,4,10,7,2,6,8,4,4,6,4,4,6,12,8,12,6,6,5,6,4,14,4,12,5,10,12,6,15,8,4,12,13,6,10,12,10,7,0,6,10,14,12,6,6,8,9,6,14,8,12,5,7,5,14,7,8,3,5,3,6,4,12,6,9,6,12,6,3,10,15,9,6,11,5,9,14,8,20,6,17,8,14,8,13,18,12,12,8,6,4,2,13,3,1,7,8,17,7,10,4,6,19
69,2,27,5,11,3,11,7,6,7,2,3,2,1,2,3,18,9,11,5,13,8,4,10,5,6,1,2,6,2,2,6,8,2,5,5,12,6,9,1,4,2,2,6,2,17,3,10,2,1,2,19,4,15,2,4,5,3,9,6,2,17,9,1,14,6,6,2,6,0,13,17,6,9,3,2,4,3,8,5,18,8,12,7,18,1,11,4,8,4,4,3,6,1,15,1,16,3,9,4,19,14,2,5,8,4,8,6,24,3,20,7,19,2,20,12,6,15,3,3,2,6,9,5,6,2,2,24,2,5,10,3,21
70,12,30,14,18,11,4,14,8,6,12,11,13,14,12,11,6,16,3,12,17,15,10,4,9,13,14,12,7,12,12,8,7,12,11,10,2,8,13,13,13,12,16,10,12,14,10,4,11,14,12,6,9,10,12,14,13,10,17,8,13,16,22,14,15,15,18,12,10,13,0,5,14,4,11,14,11,11,16,9,15,6,12,7,16,13,2,10,5,13,9,12,14,13,15,13,3,10,10,10,5,12,12,14,6,10,12,8,11,11,15,6,6,13,15,17,13,2,14,11,13,12,23,9,10,12,11,19,13,19,7,11,8
71,16,34,17,22,15,7,17,12,11,15,16,17,16,16,14,1,21,7,16,21,20,13,8,13,17,17,15,11,16,16,12,12,15,15,13,6,11,18,17,18,16,19,14,16,18,14,8,16,18,16,1,14,6,15,18,16,14,21,12,16,21,26,17,20,20,22,16,14,17,5,0,18,8,14,18,16,15,20,13,18,10,16,11,19,18,7,14,9,16,14,16,17,16,18,17,2,15,15,14,1,12,16,18,10,14,16,11,7,15,20,11,1,17,19,22,18,6,17,15,18,16,28,14,14,15,16,21,17,22,12,16,4
72,8,22,2,5,7,10,1,6,12,7,4,4,7,7,7,19,4,11,11,7,2,8,10,10,1,6,7,8,6,8,8,9,6,11,6,12,10,15,7,10,9,8,4,5,24,7,10,7,6,8,18,9,20,8,2,2,6,4,6,9,22,9,7,22,1,8,6,12,6,14,18,0,10,7,4,4,6,2,6,25,8,19,8,24,6,12,9,9,11,7,9,1,7,21,7,16,6,15,4,18,21,7,2,8,3,2,6,23,7,21,8,19,4,26,6,1,15,4,6,8,13,9,10,12,6,5,29,5,5,16,7,23
73,9,28,10,14,7,1,10,4,6,7,8,10,9,8,7,9,13,2,8,14,11,6,2,5,10,10,8,3,8,9,4,4,8,8,6,3,4,10,9,10,8,11,6,8,18,7,3,8,10,8,9,6,14,8,10,9,7,13,4,8,18,18,9,15,11,15,8,6,9,4,8,10,0,7,9,7,7,12,4,17,2,12,3,19,10,3,6,2,8,6,8,9,9,15,8,7,6,9,7,9,14,8,10,2,7,8,4,15,8,12,3,9,10,19,14,10,6,10,7,10,8,18,5,7,7,8,22,8,15,10,8,12
74,2,29,5,11,1,8,8,3,6,1,3,3,3,1,1,16,10,8,5,13,8,2,8,3,7,4,2,4,2,2,3,6,2,4,2,10,4,9,2,3,2,5,7,3,17,1,7,1,4,2,16,3,13,1,5,6,1,10,3,2,16,12,3,14,7,8,2,6,3,11,14,7,7,0,3,4,1,8,3,17,5,12,4,19,3,9,3,6,4,2,3,7,2,14,2,13,1,8,5,16,15,1,6,5,4,8,3,22,1,18,4,15,3,18,13,7,13,3,1,3,6,12,3,6,1,2,24,2,8,9,1,18
75,4,26,2,8,3,10,5,6,8,3,2,1,3,4,3,18,7,11,7,11,6,4,10,6,4,2,3,7,2,4,6,9,2,7,4,12,6,11,3,6,4,4,4,2,20,3,10,4,2,4,19,5,16,4,2,3,3,7,6,4,19,9,2,17,4,6,2,8,2,14,18,4,9,3,0,2,2,6,5,20,8,14,7,21,2,12,6,8,6,4,5,4,3,17,3,16,3,11,3,19,16,3,3,8,3,6,6,24,3,21,7,18,1,20,10,4,15,1,3,4,9,9,6,9,2,2,25,2,5,12,3,22
76,5,25,3,8,4,8,4,4,8,4,1,3,4,4,4,16,6,8,8,10,4,5,8,6,4,3,4,4,3,5,5,7,2,8,3,10,6,12,4,6,6,4,4,2,21,4,8,4,3,5,16,6,17,5,3,2,3,6,4,5,20,10,3,17,4,8,2,9,4,11,16,4,7,4,2,0,3,5,3,20,5,15,4,21,3,9,6,6,7,4,6,3,4,18,4,14,3,12,2,17,18,4,3,6,1,5,4,22,4,18,5,17,3,22,10,4,13,3,3,5,9,12,6,10,3,2,26,2,7,12,4,20
77,2,27,4,11,1,8,6,4,6,1,2,3,2,2,1,16,9,8,5,12,8,2,8,4,6,3,1,4,1,2,4,6,1,5,2,10,4,10,2,4,3,5,7,2,18,1,8,2,3,2,16,3,14,2,4,5,1,9,4,2,18,11,3,15,6,8,1,6,3,11,15,6,7,1,2,3,0,8,3,19,6,13,5,20,3,9,3,6,5,2,3,6,2,15,2,14,1,10,4,16,14,1,5,6,4,7,4,22,1,17,5,16,3,19,12,6,13,3,1,3,7,11,4,7,1,2,22,2,8,10,1,20
78,10,20,4,3,9,12,2,8,14,9,6,6,9,9,8,22,2,14,14,5,1,9,12,11,3,8,9,9,8,10,10,11,7,13,8,14,11,18,9,12,10,9,7,6,25,9,12,9,8,10,20,11,20,9,4,4,8,1,8,10,26,6,8,23,2,10,7,14,8,16,20,2,12,8,6,5,8,0,8,25,10,20,9,26,7,14,11,11,13,9,11,3,9,23,8,19,8,18,6,22,23,9,4,10,6,4,8,26,9,22,9,20,7,26,4,3,17,6,8,10,15,9,11,14,8,6,30,7,4,18,8,24
79,4,25,6,10,2,6,6,1,8,4,3,5,5,4,3,14,8,6,7,12,7,3,5,5,5,6,4,3,4,4,4,4,4,7,2,7,5,12,5,5,4,7,5,4,20,3,5,4,6,4,14,5,16,4,6,4,2,9,1,4,20,14,5,17,6,10,4,8,5,9,13,6,4,3,5,3,3,8,0,19,3,14,3,20,5,6,4,4,6,2,5,5,4,16,5,11,2,10,3,13,16,4,6,3,3,6,1,19,3,16,2,13,5,21,10,6,11,6,3,6,8,14,4,8,3,4,24,4,10,11,3,17
80,16,46,22,29,18,16,24,19,12,18,20,19,16,17,17,18,26,16,14,31,25,16,17,16,24,19,18,17,18,16,16,22,19,13,19,15,15,8,17,14,16,16,25,20,1,18,15,16,18,16,19,15,15,17,21,23,17,26,20,16,3,24,18,4,22,16,18,12,18,15,18,25,17,17,20,20,19,25,19,0,16,6,17,2,18,14,16,17,14,18,15,23,17,4,18,16,17,9,21,18,6,17,21,16,22,24,20,25,17,27,20,18,19,2,29,24,16,20,19,16,11,17,16,12,18,20,6,19,21,9,18,22
81,6,30,8,12,5,3,8,3,5,6,6,8,7,6,5,11,11,4,6,15,10,4,3,3,8,8,6,1,6,6,2,5,6,6,4,5,2,8,7,7,6,10,8,6,17,5,3,6,8,6,11,4,13,6,8,6,4,11,3,7,16,16,8,13,8,14,6,5,8,6,10,8,2,5,8,5,6,10,3,16,0,11,1,17,8,4,4,2,6,4,6,8,7,13,7,8,5,7,6,11,13,6,8,1,5,9,4,18,6,12,4,11,8,18,13,8,8,8,5,8,6,17,3,5,6,6,23,7,12,8,6,15
82,10,42,18,23,13,12,19,14,7,12,14,14,13,11,12,16,22,10,8,26,19,12,11,9,19,13,13,12,12,11,11,17,14,8,12,11,10,4,12,10,11,12,18,15,6,12,9,11,14,11,18,10,15,11,18,17,13,22,14,11,5,19,13,3,19,11,14,7,12,12,16,19,12,12,14,15,13,20,14,6,11,0,11,7,13,10,10,11,8,12,10,18,12,3,12,15,13,4,17,18,4,12,18,12,16,20,15,23,12,22,15,17,14,6,24,18,14,15,13,11,6,12,9,6,12,14,10,14,17,5,12,20
83,6,29,7,12,4,4,8,3,5,5,5,7,6,5,4,12,11,4,5,14,9,3,4,2,8,8,5,1,5,6,1,5,5,5,3,6,2,8,6,7,5,9,8,6,16,4,4,5,8,5,12,3,13,5,8,6,4,10,3,6,16,16,7,13,8,12,5,5,7,7,11,8,3,4,7,4,5,9,3,17,1,11,0,17,7,5,3,2,6,3,5,8,6,13,6,10,4,8,6,12,14,5,7,2,5,9,4,18,5,13,4,12,7,18,13,8,9,7,4,7,5,16,2,5,5,5,22,6,11,8,5,15
84,17,49,24,28,18,19,26,21,13,18,22,22,19,18,19,20,28,18,14,32,26,18,18,16,25,20,18,19,20,18,18,22,19,14,19,17,16,10,20,15,18,19,26,20,2,18,16,19,20,17,19,17,17,18,23,24,19,27,20,18,2,27,19,5,26,18,19,14,18,16,19,24,19,19,21,21,20,26,20,2,17,7,17,0,20,16,17,18,14,19,16,25,20,5,19,18,20,11,24,21,7,19,25,19,23,28,22,25,19,30,21,20,20,1,30,24,18,22,20,17,13,19,16,13,20,21,4,21,22,10,19,22
85,3,26,4,10,3,11,6,6,7,2,2,2,1,2,3,18,8,10,6,13,7,4,10,5,6,1,2,7,2,2,6,9,2,5,4,12,6,10,1,4,3,2,6,2,19,3,10,2,1,3,18,4,16,2,4,5,3,8,6,3,17,9,1,16,6,6,2,7,1,13,18,6,10,3,2,3,3,7,5,18,8,13,7,20,0,12,4,9,5,4,4,6,1,15,1,16,3,9,4,18,15,2,4,8,3,8,6,24,2,20,7,18,2,19,12,6,16,2,3,3,7,10,5,7,2,2,24,2,5,10,2,21
86,10,31,12,16,8,3,12,6,5,9,10,11,11,10,9,7,14,1,10,16,13,8,2,7,12,12,10,5,10,10,6,7,10,10,7,1,6,11,11,11,10,14,10,10,15,9,2,10,12,10,8,7,11,10,12,10,9,14,6,10,15,19,11,13,13,17,10,8,11,2,7,12,3,9,12,9,9,14,6,14,4,10,5,16,12,0,7,3,10,7,9,12,11,14,10,5,9,8,8,8,12,10,12,4,9,11,6,14,9,14,6,8,11,16,16,12,4,12,8,11,10,20,7,7,10,10,20,11,16,7,10,11
87,4,30,7,13,3,6,9,5,3,3,6,5,4,3,2,14,11,6,3,16,10,2,6,1,10,5,3,3,4,4,2,6,4,3,4,8,2,7,4,4,3,6,10,5,15,3,6,3,5,3,14,1,12,3,7,8,3,11,4,4,15,13,5,12,9,10,4,3,4,10,14,9,6,3,6,6,3,11,4,16,4,10,3,17,4,7,0,5,3,3,2,9,4,12,4,12,3,6,8,14,12,3,8,4,7,10,5,21,3,16,6,14,5,16,14,9,11,6,4,4,4,14,1,4,3,5,21,4,10,7,3,17
88,8,29,9,12,6,2,9,3,4,7,7,8,8,6,6,10,12,2,7,15,10,5,2,4,8,9,7,2,7,8,3,6,7,6,5,4,2,9,8,8,7,10,8,7,16,6,2,7,9,7,10,5,12,7,9,8,6,12,3,8,15,16,9,13,10,14,7,5,8,5,9,9,2,6,8,6,6,11,4,17,2,11,2,18,9,3,5,0,7,4,6,8,8,14,8,8,6,8,6,10,13,7,9,1,6,9,4,16,7,13,4,10,8,18,14,9,8,9,6,9,7,18,4,5,7,7,21,8,14,8,6,14
89,3,32,9,15,4,10,11,6,6,4,7,7,4,4,4,16,14,9,1,16,12,4,8,4,10,5,4,5,5,3,5,8,6,1,5,11,5,5,4,1,2,4,11,7,13,4,9,4,5,3,17,3,14,3,9,10,5,13,6,3,13,11,5,10,10,7,5,3,4,13,16,11,8,4,6,7,5,13,6,14,6,8,6,14,5,10,3,7,0,4,2,11,4,10,4,15,5,5,9,17,10,4,9,7,8,12,6,23,4,20,8,18,6,14,17,10,14,7,5,3,2,11,4,3,5,6,19,6,9,5,4,21
90,4,27,5,11,2,6,8,2,6,2,3,4,4,3,2,14,9,6,5,13,8,1,6,3,7,5,3,3,3,4,2,5,3,5,1,8,3,9,4,4,3,6,7,3,18,2,6,3,5,3,14,3,14,3,5,6,2,9,2,4,17,12,4,14,6,10,3,6,4,9,14,7,6,2,4,4,2,9,2,18,4,12,3,19,4,7,3,4,4,0,3,7,4,14,4,12,2,9,5,15,15,3,6,4,4,8,3,20,2,16,3,15,5,18,12,7,12,4,2,5,6,13,3,6,2,3,23,3,10,9,2,18
91,2,29,7,14,3,9,9,4,6,3,5,5,3,2,2,16,12,8,2,16,10,2,8,3,9,3,3,5,3,2,4,7,4,2,3,10,4,6,3,2,1,4,9,5,16,3,8,2,3,1,17,2,14,2,7,8,3,12,4,2,15,11,3,12,9,8,4,4,3,12,16,9,8,3,5,6,3,11,5,15,6,10,5,16,4,9,2,6,2,3,0,9,3,12,3,14,3,6,7,17,12,3,8,6,6,11,5,23,2,19,6,17,5,16,15,9,14,6,3,2,4,12,3,4,4,5,20,4,7,7,2,20
92,8,21,2,5,6,10,1,6,12,7,4,4,6,7,7,19,4,10,12,7,2,8,10,10,1,6,7,7,6,8,8,8,6,11,6,12,9,15,7,10,9,7,4,5,24,7,10,8,6,9,19,9,20,8,2,1,6,4,6,8,22,9,6,21,2,8,6,12,6,14,17,1,9,7,4,3,6,3,5,23,8,18,8,25,6,12,9,8,11,7,9,0,6,22,7,15,6,16,3,18,22,7,2,8,3,2,6,25,7,20,7,18,5,26,6,1,15,4,6,8,12,9,9,12,6,4,29,5,6,16,7,21
93,2,29,5,11,2,10,7,5,6,2,3,2,1,1,2,17,9,10,5,14,8,4,10,4,7,2,1,6,1,2,5,8,2,4,4,12,6,9,1,3,2,3,7,2,17,2,9,1,2,2,18,4,15,2,5,6,2,9,6,2,17,10,1,14,7,6,2,6,1,13,16,7,9,2,3,4,2,9,4,17,7,12,6,20,1,11,4,8,4,4,3,6,0,14,1,16,2,9,5,17,14,1,6,7,4,8,6,24,2,19,6,18,2,19,12,7,14,3,2,2,6,10,4,6,2,2,22,2,6,9,2,21
94,12,41,20,26,14,14,22,17,9,14,18,17,14,14,15,20,24,13,10,26,21,13,13,12,20,16,14,14,14,12,13,18,16,10,14,13,12,6,14,11,13,14,22,16,4,15,12,13,16,12,19,12,17,14,19,20,16,24,16,13,3,22,15,1,20,13,15,9,15,15,18,21,15,14,17,18,15,23,16,4,13,3,13,5,15,14,12,14,10,14,12,22,14,0,14,18,15,6,19,20,7,14,19,14,18,22,17,25,14,26,18,20,16,5,26,20,17,18,15,13,8,14,12,9,15,17,9,15,18,8,14,24
95,2,28,5,11,2,10,7,5,6,2,3,2,1,1,2,17,10,10,5,13,8,3,9,4,7,2,1,6,1,2,5,8,2,4,4,11,5,9,1,4,2,4,7,2,17,2,10,1,2,2,18,4,14,2,5,6,2,9,5,2,16,10,1,14,7,7,2,6,1,13,17,7,8,2,3,4,2,8,5,18,7,12,6,19,1,10,4,8,4,4,3,7,1,14,0,16,2,8,5,17,15,1,6,7,4,8,6,24,2,19,6,17,2,18,13,7,14,3,2,2,6,10,4,6,2,2,23,2,6,9,2,22
96,14,34,16,21,14,6,16,11,10,14,14,16,16,14,14,3,20,6,15,18,17,12,6,12,15,16,14,10,14,14,10,10,14,14,12,4,10,17,16,16,14,18,12,14,16,13,6,14,17,14,3,12,8,14,17,16,14,20,10,15,18,24,15,18,18,20,15,12,16,3,2,16,7,13,16,14,14,19,11,16,8,15,10,18,16,5,12,8,15,12,14,15,16,18,16,0,14,14,14,3,11,14,16,8,13,15,11,9,14,17,10,3,15,17,19,17,5,16,13,16,15,25,11,12,14,14,19,15,20,10,14,6
97,2,28,4,11,1,8,6,3,6,1,2,3,3,2,1,16,9,8,5,13,7,2,8,4,6,4,2,4,2,2,3,6,2,6,2,9,4,10,2,4,3,6,7,2,19,1,7,2,4,2,16,3,13,2,4,5,1,9,3,2,17,12,3,16,6,9,2,6,3,10,15,6,6,1,3,3,1,8,2,17,5,13,4,20,3,9,3,6,5,2,3,6,2,15,2,14,0,9,4,15,14,2,5,5,4,8,3,22,1,18,4,16,3,20,12,6,13,3,1,4,7,12,3,7,1,2,24,2,8,10,1,19
98,7,36,14,19,9,9,16,11,4,8,11,11,9,8,8,16,18,8,4,21,16,8,8,6,16,9,8,8,10,7,7,13,10,4,9,8,6,4,8,6,7,8,15,10,9,8,7,8,10,7,15,6,12,8,12,14,9,17,10,8,9,16,9,6,14,9,10,3,9,10,15,15,9,8,11,12,10,18,10,9,7,4,8,11,9,8,6,8,5,9,6,16,9,6,8,14,9,0,13,16,6,9,14,8,12,17,11,21,8,21,12,15,11,10,20,16,13,11,9,7,3,13,6,3,10,11,15,10,12,3,8,18
99,6,23,4,8,5,8,4,3,10,5,2,4,5,5,5,16,7,8,9,9,5,6,7,8,3,4,5,6,4,6,6,6,4,9,4,9,7,14,5,8,7,6,2,3,23,5,8,6,4,6,16,7,17,6,4,3,4,7,3,6,21,11,4,19,5,9,4,10,4,10,14,4,7,5,3,2,4,6,3,21,6,17,6,24,4,8,8,6,9,5,7,3,5,19,5,14,4,13,0,15,19,5,4,6,1,4,3,21,5,17,4,16,3,23,8,4,12,4,4,6,11,12,7,10,4,3,26,3,8,14,5,18
100,18,35,19,24,16,8,19,12,11,17,17,19,18,17,16,1,21,8,16,21,21,14,9,14,19,18,17,12,16,17,12,12,17,17,15,7,13,19,18,17,16,20,16,16,19,15,9,18,19,17,1,15,6,17,18,17,16,23,13,18,20,28,18,20,20,25,16,15,19,5,1,18,9,16,19,17,16,22,13,18,11,18,12,21,18,8,14,10,17,15,17,18,17,20,17,3,15,16,15,0,13,17,19,11,16,18,13,6,16,20,12,1,18,20,22,18,8,19,16,19,18,27,13,14,16,16,20,18,22,12,16,4
101,14,41,19,24,14,14,22,17,10,14,17,17,14,14,15,13,24,12,10,29,23,13,13,12,22,16,15,14,16,13,13,19,16,10,15,13,12,6,15,12,12,13,20,17,5,15,12,14,14,12,13,12,10,13,19,19,15,22,16,13,8,23,15,7,20,13,16,9,14,12,12,21,14,15,16,18,14,23,16,6,13,4,14,7,15,12,12,13,10,15,12,22,14,7,15,11,14,6,19,13,0,15,19,14,17,23,16,19,14,27,17,14,16,8,28,21,14,18,16,13,8,14,12,9,15,17,8,16,19,6,14,17
102,2,29,5,11,1,9,7,4,6,1,3,2,2,1,1,17,9,9,5,14,8,2,8,3,7,2,1,5,1,2,4,7,2,5,3,10,5,9,1,4,2,4,7,2,18,1,8,1,3,2,17,3,14,2,5,6,2,9,4,2,18,10,2,15,6,8,2,6,2,12,16,7,8,1,3,4,1,9,4,17,6,12,5,19,2,10,3,7,4,3,3,7,1,14,1,14,2,9,5,17,15,0,6,6,4,8,4,23,1,18,6,17,2,18,13,7,14,3,1,2,6,11,4,6,1,2,23,2,7,10,1,21
103,7,24,1,6,5,11,2,6,10,6,3,3,6,6,5,19,4,12,10,8,3,6,11,8,2,4,5,8,5,7,6,10,4,10,5,13,8,14,6,8,7,6,5,3,22,6,10,6,5,7,18,8,18,6,1,2,5,4,7,7,22,8,5,20,2,6,4,11,5,14,18,2,10,6,3,3,5,4,6,21,8,18,7,25,4,12,8,9,9,6,8,2,6,19,6,16,5,14,4,19,19,6,0,9,4,3,6,24,5,21,8,19,4,22,7,2,17,3,5,7,11,9,8,11,4,4,29,4,4,14,6,22
104,7,28,8,13,5,3,9,3,5,6,6,8,8,6,5,10,12,3,6,14,10,4,2,4,8,8,7,2,7,7,2,5,7,6,4,4,2,8,7,8,6,10,8,7,17,6,2,6,8,6,10,4,12,6,8,7,5,11,2,7,16,17,8,13,10,14,6,5,8,6,10,8,2,5,8,6,6,10,3,16,1,12,2,19,8,4,4,1,7,4,6,8,7,14,7,8,5,8,6,11,14,6,9,0,6,8,4,16,6,12,4,10,8,17,12,8,8,8,5,9,6,18,4,6,6,6,22,7,12,8,6,14
105,6,26,4,8,4,8,3,3,10,4,2,3,4,5,4,16,6,8,8,10,5,5,7,7,3,4,4,5,4,6,6,6,3,8,4,10,6,13,4,7,6,5,4,2,22,4,8,5,3,6,16,7,17,5,4,2,4,6,4,6,21,11,4,17,4,9,3,9,4,10,14,3,7,4,3,1,4,6,3,22,5,16,5,23,3,9,7,6,8,4,6,3,4,18,4,13,4,12,1,16,17,4,4,6,0,4,3,20,4,18,4,16,3,22,8,3,13,3,4,6,10,12,6,10,3,2,26,3,8,12,4,19
106,10,21,4,6,8,10,2,6,13,8,6,6,8,9,8,17,5,9,13,6,3,9,9,10,2,7,8,9,7,10,10,8,7,12,7,10,10,18,8,11,10,8,3,6,26,8,11,9,8,10,17,11,20,9,4,3,8,5,6,9,24,10,8,21,3,10,7,14,8,12,16,2,8,8,6,5,7,4,6,24,9,20,9,28,8,11,10,9,12,8,11,2,8,22,8,15,8,17,4,18,23,8,3,8,4,0,6,24,8,19,6,17,6,27,5,2,15,5,8,9,14,10,11,14,8,6,30,6,6,17,8,20
107,5,26,6,11,3,5,6,1,8,4,4,6,6,4,4,13,10,5,7,11,8,4,4,5,6,6,4,3,5,5,4,3,4,7,2,6,5,11,6,6,4,8,5,5,20,4,5,4,7,4,13,5,16,4,7,5,3,9,1,5,19,15,6,17,7,11,4,8,6,8,11,6,4,3,6,4,4,8,1,20,4,15,4,22,6,6,5,4,6,3,5,6,6,17,6,11,3,11,3,13,16,4,6,4,3,6,0,18,4,14,1,12,6,20,10,6,10,6,4,6,9,15,5,8,4,4,24,5,11,12,4,16
108,24,40,26,28,22,14,26,19,18,21,22,26,24,22,22,6,29,14,23,26,25,21,15,20,24,26,22,18,22,23,18,15,22,23,20,12,18,24,23,24,23,26,21,23,24,22,15,24,24,22,6,20,9,22,24,22,21,28,18,24,27,32,24,27,26,28,24,20,24,11,7,23,15,22,24,22,22,26,19,25,18,23,18,25,24,14,21,16,23,20,23,25,24,25,24,9,22,21,21,6,19,23,24,16,20,24,18,0,23,23,17,6,23,25,28,25,11,25,21,25,24,33,20,21,23,23,28,24,30,17,22,5
109,2,27,5,11,1,8,8,4,5,1,3,3,2,1,1,16,10,8,5,13,8,2,8,3,7,3,1,5,1,2,4,6,2,5,2,10,4,9,2,3,2,5,7,2,17,1,8,1,3,2,15,2,13,1,5,6,1,9,4,2,17,11,3,15,7,8,2,6,3,11,15,7,8,1,3,4,1,9,3,17,6,12,5,19,2,9,3,7,4,2,2,7,2,14,2,14,1,8,5,16,14,1,5,6,4,8,4,23,0,18,5,16,3,19,12,7,14,4,1,3,6,12,3,6,1,3,24,2,7,10,1,20
110,19,34,20,25,17,12,20,14,17,17,18,20,20,18,18,20,23,13,18,18,21,16,12,16,20,21,18,14,18,19,14,12,19,19,16,14,14,20,18,19,19,21,16,18,28,18,14,18,20,18,20,16,25,18,20,19,17,24,14,18,27,27,21,26,22,26,18,17,20,15,20,21,12,18,21,18,17,22,16,27,12,22,13,30,20,14,16,13,20,16,19,20,19,26,19,17,18,21,17,20,27,18,21,12,18,19,14,23,18,0,13,20,20,30,23,21,12,21,17,20,18,29,16,18,19,18,32,18,24,21,17,18
111,6,26,7,12,4,4,7,2,9,5,5,8,6,5,4,12,11,5,8,11,9,4,4,6,7,8,5,4,5,6,5,2,6,8,3,6,6,12,6,7,5,9,4,6,21,4,6,6,8,6,12,6,17,5,8,6,4,11,2,6,21,16,7,17,8,12,5,8,7,6,11,8,3,4,7,5,5,9,2,20,4,15,4,21,7,6,6,4,8,3,6,7,6,18,6,10,4,12,4,12,17,6,8,4,4,6,1,17,5,13,0,12,7,22,11,7,8,7,4,8,10,16,6,9,5,6,24,6,12,12,5,14
112,17,36,18,22,15,8,19,13,11,16,16,18,17,16,16,1,21,8,16,22,20,14,9,14,18,18,18,12,16,17,12,13,17,17,14,6,12,19,17,19,17,20,16,17,18,15,9,16,20,17,1,14,5,17,18,18,16,22,13,18,22,27,18,20,19,24,16,14,19,6,1,19,9,15,18,17,16,20,13,18,11,17,12,20,18,8,14,10,18,15,17,18,18,20,17,3,16,15,16,1,14,17,19,10,16,17,12,6,16,20,12,0,19,20,23,19,8,19,15,19,16,26,14,15,17,16,21,18,22,12,16,4
113,4,26,3,8,3,11,5,6,7,3,2,1,2,3,3,19,7,10,7,11,6,4,10,5,5,2,2,7,2,4,6,9,2,7,4,12,6,12,2,5,4,3,5,2,19,3,10,3,2,4,19,5,16,4,3,4,3,7,6,4,18,9,2,17,4,6,2,8,2,13,17,4,10,3,1,3,3,7,5,19,8,14,7,20,2,11,5,8,6,5,5,5,2,16,2,15,3,11,3,18,16,2,4,8,3,6,6,23,3,20,7,19,0,21,10,5,16,1,3,4,8,9,5,8,2,2,26,2,5,11,2,22
114,16,46,23,29,19,19,24,21,13,19,22,20,18,18,18,21,27,17,14,32,26,18,17,16,25,19,19,17,20,18,18,23,20,14,19,16,16,10,18,16,16,18,24,21,2,18,15,18,20,18,21,16,18,18,23,23,19,28,21,17,2,26,19,4,26,18,19,13,20,15,19,26,19,18,20,22,19,26,21,2,18,6,18,1,19,16,16,18,14,18,16,26,19,5,18,17,20,10,23,20,8,18,22,17,22,27,20,25,19,30,22,20,21,0,32,25,17,21,20,18,13,18,15,13,19,22,5,20,22,10,18,22
115,14,16,8,2,13,14,6,11,18,13,10,10,12,13,13,22,4,14,17,6,5,13,13,16,6,11,13,13,11,14,13,12,12,17,12,15,14,20,12,16,15,13,8,10,31,12,16,13,12,14,22,14,26,14,8,7,12,4,11,14,30,5,12,26,6,14,11,18,12,17,22,6,14,13,10,10,12,4,10,29,13,24,13,30,12,16,14,14,17,12,15,6,12,26,13,19,12,20,8,22,28,13,7,12,8,5,10,28,12,23,11,23,10,32,0,6,20,10,12,14,19,13,15,18,12,10,35,12,8,22,13,25
116,8,21,2,5,7,10,1,6,12,7,4,4,7,7,7,19,4,11,11,7,2,8,10,9,1,6,7,7,6,8,8,8,6,11,6,12,9,16,7,10,8,8,4,5,24,7,10,7,6,9,18,9,20,8,2,2,6,4,6,8,24,9,6,20,2,8,6,12,6,13,18,1,10,7,4,4,6,3,6,24,8,18,8,24,6,12,9,9,10,7,9,1,7,20,7,17,6,16,4,18,21,7,2,8,3,2,6,25,7,21,7,19,5,25,6,0,16,4,6,8,12,9,9,12,6,5,30,6,5,15,7,22
117,14,30,16,20,13,6,16,10,9,13,13,15,15,14,13,8,19,5,14,15,18,12,6,11,15,16,14,10,14,14,10,7,14,14,11,4,9,15,14,14,14,18,12,14,16,12,6,14,16,14,8,12,13,14,16,14,12,19,10,14,18,24,16,18,17,21,14,12,15,2,6,15,6,13,15,13,13,17,11,16,8,14,9,18,16,4,11,8,14,12,14,15,14,17,14,5,13,13,12,8,14,14,17,8,13,15,10,11,14,12,8,8,16,17,20,16,0,16,13,16,14,26,11,12,14,14,22,15,20,10,14,7
118,5,26,2,8,3,10,4,6,8,3,2,1,3,4,3,19,6,11,8,11,5,5,10,6,4,2,3,7,2,4,6,9,2,8,4,12,7,12,3,6,5,4,5,2,20,3,10,4,2,5,18,6,16,4,2,3,4,6,6,4,19,8,3,18,4,6,2,8,3,14,17,4,10,3,1,3,3,6,6,20,8,15,7,22,2,12,6,9,7,4,6,4,3,18,3,16,3,11,4,19,18,3,3,8,3,5,6,25,4,21,7,19,1,21,10,4,16,0,3,5,9,10,6,9,2,2,26,2,5,12,4,21
119,2,27,4,10,1,8,6,3,6,1,2,3,3,2,1,16,9,8,6,13,8,2,8,4,6,4,2,4,2,2,3,6,1,5,2,9,4,10,2,4,3,5,6,2,17,1,7,2,4,2,16,3,14,2,4,5,1,9,4,2,18,12,3,15,6,9,1,6,3,11,15,6,7,1,3,3,1,8,3,19,5,13,4,20,3,8,4,6,5,2,3,6,2,15,2,13,1,9,4,16,16,1,5,5,4,8,4,21,1,17,4,15,3,20,12,6,13,3,0,3,7,12,4,7,1,2,24,2,8,10,1,19
120,2,30,6,12,3,10,9,6,7,2,4,4,2,2,3,19,11,12,4,14,9,4,10,5,8,2,2,7,2,2,6,9,3,3,4,12,6,8,2,2,2,2,9,4,16,4,11,2,3,2,18,4,15,2,6,7,3,10,6,1,16,9,2,12,8,5,3,4,2,13,18,8,10,3,4,5,3,10,6,16,8,11,7,17,3,11,4,9,3,5,2,8,2,13,2,16,4,7,6,19,13,2,7,9,6,9,6,25,3,20,8,19,4,18,14,8,16,5,3,0,5,9,5,5,2,4,22,3,6,8,3,22
121,5,35,11,16,6,9,13,8,6,6,9,8,6,6,6,17,15,9,2,20,14,5,9,4,13,7,6,6,7,5,5,10,7,2,7,10,5,3,6,4,4,6,13,9,11,6,8,6,7,5,17,4,14,6,11,12,7,15,8,5,11,14,6,8,13,7,8,2,6,12,16,13,8,6,9,9,7,15,8,11,6,6,5,13,7,10,4,7,2,6,4,12,6,8,6,15,7,3,11,18,8,6,11,6,10,14,9,24,6,18,10,16,8,13,19,12,14,9,7,5,0,11,4,3,7,8,16,8,10,5,6,21
122,10,30,9,12,12,19,9,15,16,12,12,9,10,11,12,27,10,20,11,14,8,13,19,14,9,9,12,16,11,11,14,17,11,12,14,21,15,10,10,10,12,7,13,11,16,12,19,11,8,11,26,14,25,11,8,10,12,10,15,10,16,8,9,14,8,4,11,13,9,23,28,9,18,12,9,12,11,9,14,17,17,12,16,19,10,20,14,18,11,13,12,9,10,14,10,25,12,13,12,27,14,11,9,18,12,10,15,33,12,29,16,26,9,18,13,9,26,10,12,9,11,0,15,12,11,11,22,11,5,15,12,31
123,4,30,7,13,3,6,10,5,3,3,5,6,5,3,3,14,12,6,3,16,10,2,6,1,9,6,3,2,4,4,2,7,4,3,4,7,2,7,4,5,3,7,10,5,15,3,5,3,6,3,14,1,11,3,7,8,3,12,4,4,14,14,5,12,10,11,4,3,5,9,14,10,5,3,6,6,4,11,4,16,3,9,2,16,5,7,1,4,4,3,3,9,4,12,4,11,3,6,7,13,12,4,8,4,6,11,5,20,3,16,6,14,5,15,15,9,11,6,4,5,4,15,0,4,4,5,20,4,10,7,3,16
124,4,33,10,17,6,7,13,8,4,6,9,8,6,6,6,14,15,7,2,19,14,5,6,3,13,7,6,6,7,5,5,10,7,2,7,8,4,4,6,4,5,6,13,8,12,6,6,6,7,4,15,4,11,5,11,12,7,15,8,5,11,13,6,9,12,9,8,1,6,10,14,12,7,6,9,10,7,14,8,12,5,6,5,13,7,7,4,5,3,6,4,12,6,9,6,12,7,3,10,14,9,6,11,6,10,14,8,21,6,18,9,15,8,13,18,12,12,9,7,5,3,12,4,0,7,8,17,8,10,4,6,18
125,2,28,4,10,1,8,6,4,6,1,2,2,2,2,1,16,9,9,6,13,7,2,8,4,6,3,1,5,1,2,4,7,1,6,2,10,4,10,2,4,3,4,6,2,19,1,8,2,3,3,16,3,14,2,4,5,1,9,4,2,17,11,2,16,6,8,1,7,2,12,15,6,7,1,2,3,1,8,3,18,6,12,5,20,2,10,3,7,5,2,4,6,2,15,2,14,1,10,4,16,15,1,4,6,3,8,4,23,1,19,5,17,2,19,12,6,14,2,1,2,7,11,4,7,0,2,24,1,7,10,1,20
126,4,27,3,9,2,9,5,4,8,2,1,2,2,3,2,17,7,8,7,11,6,3,8,5,4,3,2,5,2,4,4,7,1,7,3,10,5,12,2,5,4,4,5,1,20,2,8,3,2,4,17,5,15,4,3,4,2,7,4,4,19,11,2,17,4,8,1,8,2,11,16,5,8,2,2,2,2,6,4,20,6,14,5,21,2,10,5,7,6,3,5,4,2,17,2,14,2,11,3,16,17,2,4,6,2,6,4,23,3,18,6,16,2,22,10,5,14,2,2,4,8,11,5,8,2,0,24,1,7,12,2,20
127,21,49,27,34,23,23,30,24,17,22,26,24,22,22,22,22,31,22,19,37,31,21,21,20,30,23,22,22,24,22,21,26,24,18,23,21,20,14,22,20,20,22,29,24,6,23,19,23,23,22,21,21,19,22,27,28,22,32,23,22,6,31,22,9,29,22,23,17,24,19,21,29,22,24,25,26,22,30,24,6,23,10,22,4,24,20,21,21,19,23,20,29,22,9,23,19,24,15,26,20,8,23,29,22,26,30,24,28,24,32,24,21,26,5,35,30,22,26,24,22,16,22,20,17,24,24,0,23,28,14,23,25
128,3,28,4,9,2,9,6,5,7,2,2,2,2,2,2,17,8,10,6,12,6,3,9,4,6,2,2,6,1,3,5,7,1,6,3,11,5,10,2,5,4,4,5,1,19,2,8,2,2,4,17,4,14,3,4,4,2,8,5,3,18,10,2,16,5,7,1,7,2,13,17,5,8,2,2,2,2,7,4,19,7,14,6,21,2,11,4,8,6,3,4,5,2,15,2,15,2,10,3,18,16,2,4,7,3,6,5,24,2,18,6,18,2,20,12,6,15,2,2,3,8,11,4,8,1,1,23,0,6,11,2,21
129,6,24,5,7,8,15,5,11,12,8,7,5,6,7,8,22,6,15,9,10,4,9,14,9,5,5,6,12,7,6,11,14,7,9,10,17,12,13,6,7,7,5,9,6,22,8,15,7,5,7,23,9,21,7,5,6,8,5,10,6,21,4,5,19,4,6,7,10,5,19,22,5,15,8,5,7,8,4,10,21,12,17,11,22,5,16,10,14,9,10,7,6,6,18,6,20,8,12,8,22,19,7,4,12,8,6,11,30,7,24,12,22,5,22,8,5,20,5,8,6,10,5,10,10,7,7,28,6,0,13,7,26
130,8,38,14,19,9,9,16,12,4,9,12,12,9,8,9,13,19,8,5,22,16,8,8,7,16,10,9,9,10,8,8,13,10,5,10,8,7,7,9,6,7,9,16,12,8,9,6,8,10,8,12,7,9,8,14,15,10,18,10,8,9,17,10,8,16,12,10,4,10,7,12,16,10,9,12,12,10,18,11,9,8,5,8,10,10,7,7,8,5,9,7,16,9,8,9,10,10,3,14,12,6,10,14,8,12,17,12,17,10,21,12,12,11,10,22,15,10,12,10,8,5,15,7,4,10,12,14,11,13,0,9,16
131,2,29,5,12,1,8,7,4,5,1,3,3,2,1,1,16,10,9,5,13,8,2,8,3,7,3,1,5,1,2,4,7,2,4,2,10,4,9,2,3,2,5,7,2,18,1,8,1,3,2,16,3,13,1,5,6,1,9,4,2,16,11,3,14,7,8,2,6,3,11,16,7,8,1,3,4,1,8,3,18,6,12,5,19,2,10,3,6,4,2,2,7,2,14,2,14,1,8,5,16,14,1,6,6,4,8,4,22,1,17,5,16,2,18,13,7,14,4,1,3,6,12,3,6,1,2,23,2,7,9,0,19
132,20,34,22,25,19,12,23,16,15,20,19,22,21,20,20,4,25,11,19,20,22,17,12,17,23,22,20,15,21,20,16,14,20,20,18,10,16,21,20,20,20,24,17,20,22,18,12,20,22,20,4,18,6,20,21,21,18,26,16,20,25,31,22,24,22,26,20,19,21,8,4,23,12,18,22,20,20,24,17,22,15,20,15,22,21,11,17,14,21,18,20,21,21,24,22,6,19,18,18,4,17,21,22,14,19,20,16,5,20,18,14,4,22,22,25,22,7,21,19,22,21,31,16,18,20,20,25,21,26,16,19,0
