Locations,1,2,3,4,5,6,7,8,9,10,11,12,13,14,15,16,17,18,19,20,21,22,23,24,25,26,27,28,29,30,31,32,33,34,35,36,37,38,39,40,41,42,43,44,45,46,47,48,49,50,51,52,53,54,55,56,57,58,59,60,61,62,63,64,65,66,67,68,69,70,71,72,73,74,75,76,77,78,79,80,81,82,83,84,85,86,87,88,89,90,91,92,93,94,95,96,97,98,99,100,101,102,103,104,105,106,107,108,109,110,111,112,113,114,115,116,117,118,119,120,121,122,123,124
1,0,81,1,15,16,16,5,17,1,9,1,24,22,28,18,18,17,5,1,12,79,25,10,4,18,12,3,9,16,16,4,16,15,65,16,41,4,4,17,18,10,4,35,9,15,22,16,20,1,15,4,17,16,7,10,40,16,6,24,7,17,8,4,10,8,70,18,139,13,32,9,20,8,82,56,26,1,4,72,20,18,22,17,62,22,15,29,18,29,20,3,20,40,4,18,17,67,101,12,38,41,15,10,7,18,9,34,9,22,56,22,26,16,20,9,38,55,28,44,5,109,11,47,139
2,81,0,75,95,96,91,73,95,80,76,77,103,100,57,98,97,96,80,80,92,1,97,72,81,90,91,80,74,98,97,81,96,92,140,90,47,84,82,96,94,68,75,119,86,61,56,91,100,78,90,81,94,98,74,77,124,96,80,76,81,98,69,84,71,87,151,92,218,64,45,85,103,71,155,134,61,80,72,4,92,94,90,61,40,94,91,58,98,90,96,78,99,121,76,95,95,140,21,89,118,117,88,66,74,96,69,113,90,96,38,58,101,90,94,90,44,124,52,34,86,27,65,30,210
3,1,75,0,16,18,16,4,17,1,9,1,24,21,30,17,18,17,6,1,11,77,23,9,4,18,12,4,9,17,17,4,16,15,63,18,41,4,4,18,18,10,4,36,9,13,22,15,18,1,16,4,18,16,6,8,40,16,6,24,7,17,8,4,10,8,70,17,135,14,32,9,20,8,76,55,25,1,4,72,20,18,23,18,66,21,15,28,18,30,20,3,20,40,3,18,17,67,97,11,37,42,16,10,7,18,9,35,10,24,57,22,27,16,20,9,38,53,28,44,5,108,10,50,141
4,15,95,16,0,3,6,19,3,15,20,16,12,11,38,7,3,3,10,15,8,94,9,20,12,3,4,12,19,3,3,12,3,2,56,19,48,12,12,2,10,25,18,21,11,28,38,1,8,16,4,12,3,2,21,20,26,1,10,26,9,3,23,12,26,7,54,3,123,30,47,6,6,24,67,48,32,15,18,85,5,8,24,32,68,6,1,39,7,32,5,13,12,24,18,11,6,59,113,4,21,26,2,26,22,3,24,20,6,8,56,38,10,3,6,7,49,38,41,60,11,117,26,61,123
5,16,96,18,3,0,3,22,1,17,20,17,10,9,40,5,1,1,12,16,6,99,8,20,13,1,5,13,20,1,1,14,1,2,60,15,49,13,13,3,8,26,21,20,12,29,40,4,6,16,2,14,1,2,22,20,26,4,12,23,10,1,25,14,25,8,58,1,120,29,48,8,4,24,63,44,33,16,20,95,3,6,21,34,65,5,3,40,5,29,3,15,9,23,19,8,4,52,118,5,20,24,2,26,22,2,24,18,7,7,56,39,10,1,4,8,54,36,43,58,12,125,26,68,125
6,16,91,16,6,3,0,20,3,16,20,16,8,6,40,3,4,4,11,16,5,90,9,21,12,3,5,13,19,3,3,13,3,4,53,12,48,12,13,6,5,26,19,21,12,28,40,6,3,16,3,13,4,5,21,19,26,6,11,20,9,4,23,13,25,8,55,4,116,28,48,7,6,24,63,39,33,16,20,86,4,3,19,34,66,6,6,40,2,26,4,13,6,22,20,5,2,52,114,6,21,24,4,24,23,5,24,18,7,7,58,38,10,4,6,8,49,37,44,58,12,115,26,64,125
7,5,73,4,19,22,20,0,20,4,9,4,27,27,29,22,21,22,10,5,16,73,29,9,8,21,16,8,9,22,21,8,21,20,72,18,39,8,8,20,23,9,1,39,10,14,18,20,22,4,19,8,22,20,6,9,45,21,10,24,11,22,4,8,8,12,76,21,142,10,33,14,25,4,84,62,26,5,1,72,23,24,24,18,64,25,20,27,21,30,25,7,25,43,3,23,22,72,98,16,42,45,19,10,6,23,4,38,14,28,53,18,30,20,24,13,37,59,28,40,9,104,7,43,135
8,17,95,17,3,1,3,20,0,17,21,17,10,8,37,4,2,1,11,16,6,97,8,20,14,1,4,14,20,1,1,12,1,1,56,16,48,13,14,3,8,26,19,21,12,31,37,4,6,16,1,13,2,2,23,20,27,4,11,22,10,2,24,13,26,9,54,2,116,30,45,8,5,23,62,43,34,17,20,86,4,6,22,33,64,6,3,38,4,30,4,14,9,23,18,8,3,56,109,5,20,25,2,25,22,2,26,19,7,7,57,38,10,1,5,8,50,36,41,62,12,124,27,67,116
9,1,80,1,15,17,16,4,17,0,8,1,22,22,29,19,17,18,6,1,12,76,25,9,4,17,12,3,8,17,16,4,17,15,66,18,39,4,4,18,18,10,4,37,10,13,24,15,19,1,15,4,18,17,6,9,41,16,6,26,7,18,8,4,10,8,74,17,139,14,30,9,21,8,82,57,26,1,4,76,20,20,24,18,64,22,15,28,17,31,19,3,19,40,3,18,18,70,99,12,38,38,15,10,6,17,8,34,10,23,54,21,26,16,21,9,38,55,29,42,5,108,10,48,139
10,9,76,9,20,20,20,9,21,8,0,9,28,26,20,23,21,20,10,8,16,74,28,1,9,21,16,11,1,21,20,11,20,19,66,26,30,11,11,22,21,6,8,40,17,10,19,20,23,8,20,9,22,20,3,1,45,20,10,32,11,22,10,11,6,12,79,22,146,10,26,14,24,8,86,60,34,9,9,69,22,23,30,25,54,26,18,21,21,41,24,8,23,44,6,21,22,71,98,15,40,45,19,6,3,21,10,37,14,26,49,18,29,21,24,12,33,56,22,41,9,104,7,46,140
11,1,77,1,16,17,16,4,17,1,9,0,24,22,28,18,18,18,6,1,11,74,24,8,4,16,12,3,9,16,17,4,17,16,68,17,37,4,4,16,18,10,4,35,10,14,22,16,18,1,16,4,18,16,6,8,44,15,6,25,7,18,8,4,10,8,71,18,135,14,31,10,21,8,79,54,25,1,4,77,20,18,22,18,66,21,15,29,17,31,20,3,20,39,3,18,18,71,92,11,36,40,16,10,7,18,9,36,10,22,56,21,26,16,21,9,36,52,27,42,5,103,10,50,135
12,24,103,24,12,10,8,27,10,22,28,24,0,2,44,6,10,10,19,24,13,101,9,27,20,10,12,20,28,10,10,20,10,11,48,15,53,20,20,13,6,33,28,13,19,38,48,13,5,24,9,21,10,12,29,26,18,13,18,20,17,10,33,20,32,16,47,10,119,36,52,15,8,32,58,35,40,23,28,101,10,5,12,41,71,12,13,48,6,19,11,20,4,19,27,6,7,47,123,14,14,17,10,33,28,12,33,11,14,9,66,46,6,10,10,14,59,28,52,69,20,132,35,72,112
13,22,100,21,11,9,6,27,8,22,26,22,2,0,44,4,8,9,16,21,11,100,7,25,18,8,10,20,26,8,9,19,8,9,48,14,53,18,18,11,4,30,26,14,18,35,44,12,4,21,7,19,8,10,27,26,19,12,17,20,15,8,29,18,31,14,49,8,111,36,50,12,6,31,59,35,38,22,26,91,8,4,13,38,70,10,12,46,5,20,9,20,3,17,26,4,5,48,118,11,16,19,9,30,29,10,29,12,12,6,62,43,4,9,8,13,59,31,46,66,18,128,33,68,111
14,28,57,30,38,40,40,29,37,29,20,28,44,44,0,40,40,40,30,30,34,58,45,21,28,40,34,30,20,41,40,31,39,38,86,47,12,30,32,40,42,21,30,61,36,16,23,40,40,27,39,29,41,38,22,20,62,38,29,55,31,40,29,30,20,31,91,40,161,25,8,33,45,28,97,76,52,28,28,52,40,40,49,48,36,45,37,1,40,59,40,28,42,60,25,42,39,88,76,34,61,60,39,19,24,40,30,56,31,48,28,11,48,38,44,31,13,74,4,21,29,84,22,26,164
15,18,98,17,7,5,3,22,4,19,23,18,6,4,40,0,5,5,12,17,7,98,6,22,14,5,6,16,22,4,5,15,4,5,55,12,51,15,14,7,4,27,22,19,14,33,40,8,1,18,4,14,5,6,23,23,23,7,13,18,12,5,25,14,27,10,55,4,120,33,50,10,3,26,64,41,35,19,20,92,5,1,16,36,68,6,7,40,1,24,5,16,5,21,22,4,2,53,116,7,19,22,5,28,25,7,27,16,9,6,64,40,8,4,5,10,51,36,45,64,14,122,30,66,116
16,18,97,18,3,1,4,21,2,17,21,18,10,8,40,5,0,1,13,17,7,98,7,22,14,1,6,15,22,1,1,14,1,2,54,16,48,14,14,3,8,26,21,19,13,30,40,4,6,18,2,14,1,2,23,21,24,4,12,24,11,1,26,14,27,10,55,1,117,31,47,8,4,24,62,46,35,17,21,94,2,6,20,33,66,4,3,38,4,29,2,15,9,21,20,8,4,52,118,6,20,22,2,26,23,2,27,16,8,6,61,38,8,1,4,9,55,34,42,63,13,122,27,66,119
17,17,96,17,3,1,4,22,1,18,20,18,10,9,40,5,1,0,12,17,6,90,8,21,13,1,5,14,21,1,1,13,1,2,55,16,45,14,14,3,8,27,20,19,12,29,38,3,6,18,2,13,1,2,22,20,26,3,11,24,11,1,25,14,27,9,56,1,115,31,47,8,4,25,63,44,34,16,20,94,3,6,21,33,67,5,3,40,4,28,4,14,10,23,19,9,4,53,112,6,20,24,2,25,23,2,26,18,7,6,56,38,9,1,4,8,50,38,41,59,12,114,26,68,123
18,5,80,6,10,12,11,10,11,6,10,6,19,16,30,12,13,12,0,6,6,86,19,11,2,11,7,3,10,12,12,2,11,10,59,16,41,2,2,12,13,16,9,30,8,20,28,10,13,6,10,2,12,12,12,10,35,11,1,24,4,12,14,2,14,4,64,12,134,18,36,4,16,13,74,48,24,6,9,80,14,14,22,23,62,15,10,28,12,30,15,3,14,34,8,13,12,62,105,6,32,36,10,15,12,13,14,29,4,18,56,26,21,11,15,4,39,47,30,50,4,114,16,56,128
19,1,80,1,15,16,16,5,16,1,8,1,24,21,30,17,17,17,6,0,11,82,24,9,4,16,12,3,8,16,16,3,17,16,65,17,39,4,4,16,18,10,4,38,10,14,22,16,18,1,14,4,18,17,7,9,40,16,6,26,7,17,8,4,10,8,70,18,134,13,32,9,21,8,81,55,25,1,4,72,20,19,23,17,66,20,16,28,16,32,19,3,19,38,4,17,18,67,96,11,35,40,15,10,7,18,9,35,9,22,54,23,24,17,21,9,37,54,29,45,5,106,10,50,139
20,12,92,11,8,6,5,16,6,12,16,11,13,11,34,7,7,6,6,11,0,92,14,16,8,6,8,8,15,6,6,8,6,6,53,10,47,8,8,8,7,21,15,26,8,26,33,9,8,11,4,8,7,7,18,16,32,9,6,18,8,7,20,8,21,9,63,7,126,25,42,3,10,19,69,46,27,12,15,87,9,8,16,27,71,11,8,34,6,24,9,9,9,29,14,7,6,58,113,8,26,28,6,21,18,8,19,23,9,12,60,32,14,6,10,4,45,40,39,57,10,116,21,57,127
21,79,1,77,94,99,90,73,97,76,74,74,101,100,58,98,98,90,86,82,92,0,97,74,80,95,89,82,73,94,92,78,98,95,146,82,47,82,82,98,93,69,74,111,83,65,58,90,97,78,92,85,94,94,74,73,125,97,80,83,82,92,70,78,66,84,156,99,217,65,46,88,98,67,149,131,59,79,78,4,96,96,94,63,40,96,92,55,94,94,97,79,93,115,74,97,94,145,20,88,109,114,98,68,69,100,70,116,85,97,37,54,105,90,102,86,44,134,51,35,85,26,65,31,209
22,25,97,23,9,8,9,29,8,25,28,24,9,7,45,6,7,8,19,24,14,97,0,29,21,8,12,21,29,8,8,20,8,9,53,15,52,20,21,7,7,34,26,14,21,37,46,9,6,23,9,21,7,8,30,28,18,8,19,22,18,7,32,20,32,16,48,7,109,37,56,16,4,31,56,44,42,24,28,96,5,6,20,41,77,3,9,47,8,27,5,22,8,14,28,7,7,52,122,12,14,17,9,33,31,6,32,10,14,1,63,47,3,8,4,15,60,28,51,68,20,126,34,74,118
23,10,72,9,20,20,21,9,20,9,1,8,27,25,21,22,22,21,11,9,16,74,29,0,10,20,16,11,1,21,21,12,20,20,72,27,30,11,12,21,21,6,8,42,18,10,20,19,23,9,18,9,21,21,3,1,44,20,10,34,10,20,9,11,6,12,76,21,147,10,27,12,26,8,79,58,32,9,8,70,23,22,30,25,57,24,20,19,22,39,22,8,23,44,6,22,21,74,89,16,42,42,20,6,3,22,10,38,14,27,45,18,29,20,26,12,33,56,22,39,9,97,6,46,139
24,4,81,4,12,13,12,8,14,4,9,4,20,18,28,14,14,13,2,4,8,80,21,10,0,14,9,3,9,14,13,2,14,12,64,17,41,2,2,14,15,13,7,33,9,16,26,13,15,4,12,1,14,13,10,10,39,12,2,24,3,14,11,2,13,5,71,15,136,17,32,6,18,11,78,51,24,4,7,80,16,16,21,21,66,17,12,27,14,31,16,2,16,36,6,15,14,65,101,8,34,35,12,14,10,14,12,30,6,19,56,26,22,13,17,6,38,50,30,48,4,111,14,52,139
25,18,90,18,3,1,3,21,1,17,21,16,10,8,40,5,1,1,11,16,6,95,8,20,14,0,5,14,21,1,1,14,1,2,54,15,45,14,14,3,8,25,21,19,12,31,39,4,5,17,2,14,1,2,23,20,24,4,12,24,10,1,24,14,27,9,54,1,126,30,46,8,4,25,60,44,34,16,19,90,3,6,20,34,69,5,3,40,4,28,3,15,9,22,20,8,4,52,117,6,19,24,2,25,24,3,26,18,7,7,55,38,9,1,4,8,54,36,44,62,12,124,26,63,124
26,12,91,12,4,5,5,16,4,12,16,12,12,10,34,6,6,5,7,12,8,89,12,16,9,5,0,9,16,5,5,9,5,4,59,18,41,9,9,6,10,21,15,26,10,26,34,4,8,12,4,8,6,5,18,16,31,4,7,26,6,6,20,9,22,4,62,6,120,25,40,5,9,20,66,47,28,12,15,89,8,7,22,30,66,10,4,34,6,30,8,10,11,26,15,10,6,59,105,2,26,28,4,21,18,6,21,22,3,12,54,33,13,5,9,4,49,41,38,57,8,120,22,61,130
27,3,80,4,12,13,13,8,14,3,11,3,20,20,30,16,15,14,3,3,8,82,21,11,3,14,9,0,12,14,14,1,13,13,63,14,42,1,1,14,14,13,7,34,7,17,26,13,16,3,13,3,15,14,10,12,38,12,3,23,5,14,12,1,13,6,72,15,138,16,34,6,18,11,78,54,24,3,7,76,17,16,20,21,64,18,12,32,14,27,17,4,17,35,6,15,15,65,96,8,32,35,12,13,9,15,12,32,7,19,59,25,23,14,17,6,40,50,33,45,6,112,14,51,130
28,9,74,9,19,20,19,9,20,8,1,9,28,26,20,22,22,21,10,8,15,73,29,1,9,21,16,12,0,22,20,12,20,19,67,25,30,12,11,21,21,6,8,42,18,10,18,20,22,9,18,9,21,22,3,1,46,20,11,33,11,21,9,12,6,12,76,22,143,10,27,14,25,8,86,57,35,9,9,72,24,22,32,27,53,24,18,19,21,39,23,8,23,44,6,22,20,69,95,16,41,46,20,6,3,23,10,36,14,26,47,18,30,21,26,13,33,57,23,40,9,102,6,42,136
29,16,98,17,3,1,3,22,1,17,21,16,10,8,41,4,1,1,12,16,6,94,8,21,14,1,5,14,22,0,1,14,1,2,54,15,46,14,14,3,8,25,20,20,14,31,38,4,6,17,2,13,1,2,22,21,25,4,12,24,11,1,24,14,27,10,55,1,114,29,45,8,4,24,65,44,34,18,20,91,3,5,20,33,66,4,3,39,4,29,3,14,9,22,20,8,3,57,111,6,20,24,2,26,24,3,25,17,8,6,60,39,9,1,4,8,54,36,42,58,12,119,28,66,122
30,16,97,17,3,1,3,21,1,16,20,17,10,9,40,5,1,1,12,16,6,92,8,21,13,1,5,14,20,1,0,14,1,2,58,16,46,14,14,3,8,25,21,20,13,29,38,3,6,16,2,14,1,2,24,20,26,3,11,23,10,1,26,13,26,9,54,1,116,30,48,8,4,24,62,44,35,16,21,91,3,6,22,35,65,5,3,38,5,30,3,14,10,22,20,8,4,55,112,6,20,24,2,27,23,2,24,18,8,7,59,38,10,1,4,8,54,35,42,58,12,121,26,64,119
31,4,81,4,12,14,13,8,12,4,11,4,20,19,31,15,14,13,2,3,8,78,20,12,2,14,9,1,12,14,14,0,14,12,66,14,43,1,1,14,15,12,6,33,7,17,26,12,16,4,12,3,14,14,10,11,38,13,2,22,5,14,12,1,12,6,69,14,132,16,33,6,17,11,77,50,23,4,7,77,16,16,20,21,65,18,13,30,15,30,16,4,16,34,6,15,14,68,99,8,34,36,12,13,10,15,12,32,6,20,56,25,22,14,18,6,41,50,32,49,6,106,13,50,129
32,16,96,16,3,1,3,21,1,17,20,17,10,8,39,4,1,1,11,17,6,98,8,20,14,1,5,13,20,1,1,14,0,2,58,15,47,13,13,3,8,25,20,20,12,31,40,4,6,17,2,13,2,2,22,21,25,4,12,24,10,2,24,13,25,8,58,2,122,31,47,7,5,25,60,44,34,16,20,90,4,6,21,34,64,5,3,39,4,29,4,15,9,23,19,8,3,54,116,5,21,24,2,27,24,3,24,17,7,7,60,37,9,1,5,8,49,36,44,58,12,119,26,62,124
33,15,92,15,2,2,4,20,1,15,19,16,11,9,38,5,2,2,10,16,6,95,9,20,12,2,4,13,19,2,2,12,2,0,56,16,48,12,12,2,9,25,19,22,11,27,37,3,6,16,2,12,2,2,21,19,27,3,10,24,9,2,23,12,24,7,56,2,121,30,45,6,6,23,64,43,31,15,19,86,4,6,22,31,64,6,2,37,6,30,4,12,10,24,18,9,4,55,107,4,22,25,1,25,23,3,23,20,6,8,56,36,11,2,6,6,51,39,42,57,11,117,25,66,121
34,65,140,63,56,60,53,72,56,66,66,68,48,48,86,55,54,55,59,65,53,146,53,72,64,54,59,63,67,54,58,66,58,56,0,57,100,62,65,58,51,75,66,41,59,80,92,60,51,62,54,65,55,58,74,71,44,62,62,65,60,54,70,63,77,63,36,55,73,82,96,59,53,71,14,14,82,67,66,134,59,52,49,80,120,59,58,88,53,52,60,61,50,66,66,51,51,4,165,60,40,38,56,75,75,56,78,50,63,53,110,90,54,59,57,55,102,50,95,107,64,172,78,111,71
35,16,90,18,19,15,12,18,16,18,26,17,15,14,47,12,16,16,16,17,10,82,15,27,17,15,18,14,25,15,16,14,15,16,57,0,54,14,14,18,9,25,18,28,8,30,31,19,10,18,15,18,15,18,22,25,32,18,16,8,19,16,17,15,26,20,62,16,133,21,46,13,13,19,68,50,25,18,17,86,16,11,9,24,78,18,19,47,12,14,17,17,11,29,20,10,12,60,101,19,28,32,17,27,22,18,17,26,18,16,75,37,18,15,16,14,57,45,48,53,19,115,23,56,125
36,41,47,41,48,49,48,39,48,39,30,37,53,53,12,51,48,45,41,39,47,47,52,30,41,45,41,42,30,46,46,43,47,48,100,54,0,44,43,47,47,32,41,65,49,25,36,46,47,38,46,40,50,47,33,31,70,45,41,61,36,50,40,43,31,38,107,47,169,36,8,46,50,38,106,87,67,38,40,42,48,50,61,55,24,50,46,11,47,71,48,37,52,70,38,48,50,95,69,43,68,71,45,30,32,50,42,62,42,53,16,22,54,45,49,44,5,84,11,20,38,75,34,19,169
37,4,84,4,12,13,12,8,13,4,11,4,20,18,30,15,14,14,2,4,8,82,20,11,2,14,9,1,12,14,14,1,13,12,62,14,44,0,1,13,14,13,7,33,7,16,26,12,15,4,12,3,14,13,10,11,37,12,2,22,5,14,11,1,14,6,68,14,128,17,33,6,17,12,73,52,22,4,7,81,16,15,20,20,64,18,12,31,14,29,17,4,16,34,6,14,14,64,104,8,34,36,12,13,10,14,13,30,6,19,61,26,23,13,17,6,38,47,31,49,5,104,14,51,129
38,4,82,4,12,13,13,8,14,4,11,4,20,18,32,14,14,14,2,4,8,82,21,12,2,14,9,1,11,14,14,1,13,12,65,14,43,1,0,14,15,12,7,33,7,16,26,12,15,4,12,3,15,14,10,11,37,12,2,22,5,14,12,1,13,6,69,14,138,17,33,6,17,11,75,51,24,4,7,74,16,15,21,21,66,18,12,32,14,30,16,4,16,36,7,15,14,63,100,8,34,37,12,14,10,14,12,30,6,20,60,26,23,14,17,5,41,50,32,47,5,112,14,52,128
39,17,96,18,2,3,6,20,3,18,22,16,13,11,40,7,3,3,12,16,8,98,7,21,14,3,6,14,21,3,3,14,3,2,58,18,47,13,14,0,10,26,20,19,14,31,38,2,8,17,4,14,3,1,24,22,24,2,12,26,10,3,26,14,26,10,54,3,120,30,46,9,5,25,64,47,36,17,20,94,3,8,22,32,67,4,2,40,7,32,3,15,12,21,19,10,6,56,114,6,20,23,2,26,24,1,25,17,8,6,58,38,8,3,4,9,52,37,42,58,13,119,28,66,116
40,18,94,18,10,8,5,23,8,18,21,18,6,4,42,4,8,8,13,18,7,93,7,21,15,8,10,14,21,8,8,15,8,9,51,9,47,14,15,10,0,28,21,19,14,30,42,11,3,18,8,15,8,10,25,22,23,11,12,15,11,8,27,15,27,12,57,8,122,31,48,8,6,25,64,39,36,18,20,88,8,3,13,35,73,9,11,38,4,22,9,16,2,21,21,1,5,52,110,10,18,24,9,26,24,10,25,16,12,6,64,39,8,8,8,9,52,36,45,64,13,124,27,64,114
41,10,68,10,25,26,26,9,26,10,6,10,33,30,21,27,26,27,16,10,21,69,34,6,13,25,21,13,6,25,25,12,25,25,75,25,32,13,12,26,28,0,8,44,17,6,14,24,28,10,24,12,27,25,4,6,49,25,15,31,16,27,9,12,1,18,81,28,142,4,24,18,31,7,85,67,33,10,8,64,29,29,30,25,56,31,25,19,25,39,30,12,28,46,7,26,27,77,89,22,46,48,25,1,3,26,9,43,20,34,47,13,34,25,29,18,30,61,21,34,14,98,2,41,140
42,4,75,4,18,21,19,1,19,4,8,4,28,26,30,22,21,20,9,4,15,74,26,8,7,21,15,7,8,20,21,6,20,19,66,18,41,7,7,20,21,8,0,41,10,14,19,20,21,4,18,7,20,20,6,9,46,19,9,26,10,22,5,7,8,12,75,20,140,10,30,12,23,5,82,56,26,4,1,73,24,22,22,19,61,24,18,28,20,30,24,6,22,40,3,21,21,70,92,14,38,43,18,9,6,20,5,37,14,26,58,19,28,20,24,12,38,58,28,41,8,99,7,44,145
43,35,119,36,21,20,21,39,21,37,40,35,13,14,61,19,19,19,30,38,26,111,14,42,33,19,26,34,42,20,20,33,20,22,41,28,65,33,33,19,19,44,41,0,33,49,60,22,18,38,22,32,20,20,42,41,6,21,30,34,29,20,43,32,44,30,36,20,104,52,68,28,17,44,43,28,52,35,41,113,17,17,20,56,90,17,21,57,20,21,18,35,17,24,40,20,20,38,128,25,1,4,22,46,42,18,46,7,28,14,80,60,12,21,16,28,72,16,61,76,31,137,46,82,102
44,9,86,9,11,12,12,10,12,10,17,10,19,18,36,14,13,12,8,10,8,83,21,18,9,12,10,7,18,14,13,7,12,11,59,8,49,7,7,14,14,17,10,33,0,23,26,12,15,10,11,10,13,13,16,18,38,12,8,16,11,14,13,7,18,12,69,13,128,18,40,5,18,12,74,52,22,10,9,75,15,14,14,20,72,18,12,38,13,22,15,11,15,35,12,14,13,66,99,11,34,37,11,19,15,13,13,30,11,20,66,27,22,13,17,6,46,46,38,46,12,106,16,51,138
45,15,61,13,28,29,28,14,31,13,10,14,38,35,16,33,30,29,20,14,26,65,37,10,16,31,26,17,10,31,29,17,31,27,80,30,25,16,16,31,30,6,14,49,23,0,10,30,32,14,29,17,32,31,8,9,54,30,18,40,20,31,14,18,6,22,81,30,154,9,18,24,34,13,96,71,38,14,13,62,34,32,36,32,51,33,29,15,30,45,33,16,34,52,10,32,32,84,83,24,51,53,28,5,8,30,15,50,24,37,44,8,39,31,33,22,24,65,16,32,19,88,7,36,143
46,22,56,22,38,40,40,18,37,24,19,22,48,44,23,40,40,38,28,22,33,58,46,20,26,39,34,26,18,38,38,26,40,37,92,31,36,26,26,38,42,14,19,60,26,10,0,39,40,24,39,27,41,40,16,20,66,40,26,31,28,40,14,25,13,31,97,38,158,9,26,33,42,14,101,78,30,24,18,50,42,39,41,24,56,42,38,22,38,38,41,24,44,63,19,40,40,91,72,33,61,60,36,13,16,41,14,57,30,46,49,13,48,38,43,31,34,75,23,21,26,82,12,28,159
47,16,91,15,1,4,6,20,4,15,20,16,13,12,40,8,4,3,10,16,9,90,9,19,13,4,4,13,20,4,3,12,4,3,60,19,46,12,12,2,11,24,20,22,12,30,39,0,8,16,4,13,4,2,21,20,26,1,11,26,9,3,24,12,26,8,57,4,122,28,46,7,6,24,65,46,32,16,20,90,4,9,24,33,68,6,1,40,8,33,4,13,12,24,19,12,7,58,113,5,21,24,3,25,23,2,25,18,6,8,56,39,10,3,5,7,52,36,40,60,12,117,26,63,120
48,20,100,18,8,6,3,22,6,19,23,18,5,4,40,1,6,6,13,18,8,97,6,23,15,5,8,16,22,6,6,16,6,6,51,10,47,15,15,8,3,28,21,18,15,32,40,8,0,18,5,16,6,8,26,23,24,9,14,18,12,6,27,16,28,11,55,6,113,32,50,10,3,27,62,39,37,20,23,88,6,1,15,36,67,7,8,42,2,25,7,17,4,21,21,3,2,50,121,9,18,21,6,29,24,8,28,16,9,5,60,40,7,6,5,10,55,35,47,62,14,125,27,69,112
49,1,78,1,16,16,16,4,16,1,8,1,24,21,27,18,18,18,6,1,11,78,23,9,4,17,12,3,9,17,16,4,17,16,62,18,38,4,4,17,18,10,4,38,10,14,24,16,18,0,15,4,18,16,6,9,42,16,6,25,7,18,8,4,10,8,71,18,141,14,31,9,20,8,77,57,25,1,4,75,20,19,22,19,60,20,15,28,17,30,19,3,19,38,3,18,18,69,97,11,37,40,15,10,7,18,9,34,9,23,57,22,25,17,22,9,38,53,29,44,5,107,10,51,142
50,15,90,16,4,2,3,19,1,15,20,16,9,7,39,4,2,2,10,14,4,92,9,18,12,2,4,13,18,2,2,12,2,2,54,15,46,12,12,4,8,24,18,22,11,29,39,4,5,15,0,12,2,3,22,18,28,4,10,23,9,2,22,12,25,7,56,2,118,28,44,7,6,23,62,44,31,15,19,92,4,5,21,32,64,6,4,37,4,28,5,13,9,24,18,8,3,56,118,4,22,26,2,26,21,3,23,18,6,8,57,37,11,2,6,7,50,37,40,57,11,120,26,61,118
51,4,81,4,12,14,13,8,13,4,9,4,21,19,29,14,14,13,2,4,8,85,21,9,1,14,8,3,9,13,14,3,13,12,65,18,40,3,3,14,15,12,7,32,10,17,27,13,16,4,12,0,15,14,10,9,37,12,2,24,3,14,12,3,14,5,71,14,130,16,35,6,17,12,77,54,25,4,7,78,16,15,23,21,66,18,12,28,14,32,16,2,16,36,6,14,15,64,103,8,33,37,12,14,10,14,12,31,6,19,57,24,22,14,18,6,37,52,30,49,3,106,13,52,139
52,17,94,18,3,1,4,22,2,18,22,18,10,8,41,5,1,1,12,18,7,94,7,21,14,1,6,15,21,1,1,14,2,2,55,15,50,14,15,3,8,27,20,20,13,32,41,4,6,18,2,15,0,2,24,22,25,3,12,22,10,1,26,14,26,10,56,1,118,32,47,8,4,24,63,46,35,17,21,93,2,6,22,33,70,4,3,40,5,30,2,16,9,22,20,8,4,53,110,6,20,23,3,28,24,2,26,17,8,6,58,41,8,1,4,9,50,36,43,61,12,120,28,64,125
53,16,98,16,2,2,5,20,2,17,20,16,12,10,38,6,2,2,12,17,7,94,8,21,13,2,5,14,22,2,2,14,2,2,58,18,47,13,14,1,10,25,20,20,13,31,40,2,8,16,3,14,2,0,22,21,25,2,11,24,10,2,24,14,26,9,55,2,120,28,46,8,5,24,60,46,34,17,20,86,3,7,22,34,69,5,2,39,6,31,3,14,11,22,20,10,5,54,118,6,19,24,2,26,22,1,26,18,7,6,56,39,9,2,4,8,51,36,44,62,12,125,27,68,126
54,7,74,6,21,22,21,6,23,6,3,6,29,27,22,23,23,22,12,7,18,74,30,3,10,23,18,10,3,22,24,10,22,21,74,22,33,10,10,24,25,4,6,42,16,8,16,21,26,6,22,10,24,22,0,3,48,21,12,30,12,23,6,10,4,15,80,24,145,7,26,15,27,5,88,64,30,7,6,66,26,24,30,23,55,28,22,23,24,35,26,9,26,46,4,23,23,72,87,18,44,46,21,4,1,24,6,42,16,28,51,16,32,23,28,15,33,59,23,37,11,98,4,44,145
55,10,77,8,20,20,19,9,20,9,1,8,26,26,20,23,21,20,10,9,16,73,28,1,10,20,16,12,1,21,20,11,21,19,71,25,31,11,11,22,22,6,9,41,18,9,20,20,23,9,18,9,22,21,3,0,46,20,10,35,11,22,9,11,6,12,78,20,145,9,28,14,24,8,86,57,33,9,9,68,22,22,32,27,56,26,20,20,20,40,24,8,23,42,6,21,21,73,96,15,40,44,20,6,3,22,10,38,14,26,46,18,29,20,24,12,31,57,23,40,9,96,6,43,146
56,40,124,40,26,26,26,45,27,41,45,44,18,19,62,23,24,26,35,40,32,125,18,44,39,24,31,38,46,25,26,38,25,27,44,32,70,37,37,24,23,49,46,6,38,54,66,26,24,42,28,37,25,25,48,46,0,26,38,40,36,25,50,40,53,34,31,26,100,56,69,33,22,49,40,34,58,40,43,116,22,23,26,60,92,21,28,65,24,26,21,39,23,21,46,24,24,43,137,31,5,6,28,50,48,24,50,8,32,19,84,64,16,25,21,33,79,12,64,88,36,149,50,89,92
57,16,96,16,1,4,6,21,4,16,20,15,13,12,38,7,4,3,11,16,9,97,8,20,12,4,4,12,20,4,3,13,4,3,62,18,45,12,12,2,11,25,19,21,12,30,40,1,9,16,4,12,3,2,21,20,26,0,10,27,9,3,24,12,26,8,58,3,116,28,48,7,6,24,66,45,31,16,19,89,4,8,23,33,68,6,1,39,8,34,4,14,12,24,18,11,6,59,114,5,21,24,3,24,23,2,25,19,7,8,56,38,10,3,6,8,52,38,44,56,12,114,26,62,122
58,6,80,6,10,12,11,10,11,6,10,6,18,17,29,13,12,11,1,6,6,80,19,10,2,12,7,3,11,12,11,2,12,10,62,16,41,2,2,12,12,15,9,30,8,18,26,11,14,6,10,2,12,11,12,10,38,10,0,24,4,12,13,2,15,4,66,13,136,18,36,4,15,13,78,52,25,6,9,77,15,14,22,22,63,16,10,29,12,30,14,4,14,34,8,12,12,65,103,6,32,36,10,16,12,12,15,28,4,18,57,26,20,12,15,4,41,49,32,48,4,111,16,51,133
59,24,76,24,26,23,20,24,22,26,32,25,20,20,55,18,24,24,24,26,18,83,22,34,24,24,26,23,33,24,23,22,24,24,65,8,61,22,22,26,15,31,26,34,16,40,31,26,18,25,23,24,22,24,30,35,40,27,24,0,28,23,25,22,33,27,68,22,132,30,55,20,21,27,80,53,20,24,24,75,23,18,14,20,92,25,26,50,19,14,24,25,16,35,27,15,21,64,104,27,34,38,25,32,31,26,23,30,26,22,77,41,23,23,23,22,62,49,51,46,28,108,32,51,133
60,7,81,7,9,10,9,11,10,7,11,7,17,15,31,12,11,11,4,7,8,82,18,10,3,10,6,5,11,11,10,5,10,9,60,19,36,5,5,10,11,16,10,29,11,20,28,9,12,7,9,3,10,10,12,11,36,9,4,28,0,11,15,5,16,2,68,12,134,20,38,6,14,14,72,50,27,7,10,78,14,12,25,24,59,14,9,28,10,32,14,4,13,32,9,12,12,63,107,5,31,33,9,16,13,12,16,28,3,17,53,30,20,10,14,6,41,47,32,51,2,110,16,54,136
61,17,98,17,3,1,4,22,2,18,22,18,10,8,40,5,1,1,12,17,7,92,7,20,14,1,6,14,21,1,1,14,2,2,54,16,50,14,14,3,8,27,22,20,14,31,40,3,6,18,2,14,1,2,23,22,25,3,12,23,11,0,26,15,26,10,54,1,116,31,48,8,4,24,62,45,35,18,20,88,2,6,21,34,64,4,3,42,5,30,2,15,9,22,21,8,4,56,113,6,20,22,2,28,24,2,25,17,8,6,61,40,8,1,4,9,55,36,45,62,14,123,27,63,119
62,8,69,8,23,25,23,4,24,8,10,8,33,29,29,25,26,25,14,8,20,70,32,9,11,24,20,12,9,24,26,12,24,23,70,17,40,11,12,26,27,9,5,43,13,14,14,24,27,8,22,12,26,24,6,9,50,24,13,25,15,26,0,12,8,16,82,24,149,6,32,17,28,2,87,62,26,8,5,67,26,26,24,17,64,30,24,30,25,29,28,11,27,45,5,24,26,80,94,20,43,48,23,10,7,26,1,42,17,30,56,19,33,25,28,17,39,59,29,35,13,93,7,41,148
63,4,84,4,12,14,13,8,13,4,11,4,20,18,30,14,14,14,2,4,8,78,20,11,2,14,9,1,12,14,13,1,13,12,63,15,43,1,1,14,15,12,7,32,7,18,25,12,16,4,12,3,14,14,10,11,40,12,2,22,5,15,12,0,13,6,66,14,127,18,33,6,16,12,77,52,23,4,7,78,16,16,20,21,66,18,12,31,14,29,16,4,17,35,6,14,14,68,104,8,32,38,12,13,10,14,12,31,6,20,59,25,23,13,18,6,41,51,32,45,6,108,14,51,134
64,10,71,10,26,25,25,8,26,10,6,10,32,31,20,27,27,27,14,10,21,66,32,6,13,27,22,13,6,27,26,12,25,24,77,26,31,14,13,26,27,1,8,44,18,6,13,26,28,10,25,14,26,26,4,6,53,26,15,33,16,26,8,13,0,17,83,27,140,4,23,20,30,7,87,66,34,10,8,64,28,28,30,25,54,31,24,20,27,37,28,12,29,50,7,28,26,78,84,21,44,51,25,1,4,28,9,42,18,34,46,13,36,26,30,18,30,61,20,34,14,90,2,38,148
65,8,87,8,7,8,8,12,9,8,12,8,16,14,31,10,10,9,4,8,9,84,16,12,5,9,4,6,12,10,9,6,8,7,63,20,38,6,6,10,12,18,12,30,12,22,31,8,11,8,7,5,10,9,15,12,34,8,4,27,2,10,16,6,17,0,62,10,135,21,39,7,13,17,74,47,28,8,11,78,12,12,26,25,61,13,7,30,10,33,12,6,14,31,11,13,10,60,108,4,30,34,8,18,14,10,17,27,2,15,56,30,17,9,13,6,42,46,35,49,4,110,18,59,127
66,70,151,70,54,58,55,76,54,74,79,71,47,49,91,55,55,56,64,70,63,156,48,76,71,54,62,72,76,55,54,69,58,56,36,62,107,68,69,54,57,81,75,36,69,81,97,57,55,71,56,71,56,55,80,78,31,58,66,68,68,54,82,66,83,62,0,55,63,88,102,61,50,78,20,22,90,73,76,144,51,54,56,92,121,49,57,94,52,56,50,73,53,32,78,56,54,33,177,61,36,32,58,84,76,52,84,37,63,51,109,97,47,53,50,66,110,20,100,119,68,183,81,118,68
67,18,92,17,3,1,4,21,2,17,22,18,10,8,40,4,1,1,12,18,7,99,7,21,15,1,6,15,22,1,1,14,2,2,55,16,47,14,14,3,8,28,20,20,13,30,38,4,6,18,2,14,1,2,24,20,26,3,13,22,12,1,24,14,27,10,55,0,118,32,46,8,4,26,64,43,34,18,22,88,2,6,22,32,70,4,3,38,4,29,3,15,9,22,20,8,4,57,110,6,19,22,2,26,24,2,26,18,8,6,59,38,8,1,4,9,51,36,44,59,13,119,26,64,120
68,139,218,135,123,120,116,142,116,139,146,135,119,111,161,120,117,115,134,134,126,217,109,147,136,126,120,138,143,114,116,132,122,121,73,133,169,128,138,120,122,142,140,104,128,154,158,122,113,141,118,130,118,120,145,145,100,116,136,132,134,116,149,127,140,135,63,118,0,147,172,132,112,149,57,78,161,135,135,213,120,122,124,146,185,120,125,166,122,124,121,140,122,98,136,120,119,69,224,125,96,100,120,150,139,116,140,108,132,112,169,160,113,124,122,126,170,83,169,174,133,231,140,179,1
69,13,64,14,30,29,28,10,30,14,10,14,36,36,25,33,31,31,18,13,25,65,37,10,17,30,25,16,10,29,30,16,31,30,82,21,36,17,17,30,31,4,10,52,18,9,9,28,32,14,28,16,32,28,7,9,56,28,18,30,20,31,6,18,4,21,88,32,147,0,26,21,33,6,88,72,30,13,10,62,32,31,30,22,58,35,27,24,29,34,31,16,31,50,11,31,30,84,81,26,50,54,27,5,7,30,6,46,24,37,53,14,41,29,35,22,32,64,24,32,18,90,4,36,148
70,32,45,32,47,48,48,33,45,30,26,31,52,50,8,50,47,47,36,32,42,46,56,27,32,46,40,34,27,45,48,33,47,45,96,46,8,33,33,46,48,24,30,68,40,18,26,46,50,31,44,35,47,46,26,28,69,48,36,55,38,48,32,33,23,39,102,46,172,26,0,40,52,30,113,84,56,31,32,43,48,49,56,48,34,54,44,8,46,62,48,33,50,70,29,47,48,104,66,42,66,70,44,23,26,49,31,66,41,55,25,13,55,46,52,38,7,80,4,14,34,74,24,19,168
71,9,85,9,6,8,7,14,8,9,14,10,15,12,33,10,8,8,4,9,3,88,16,12,6,8,5,6,14,8,8,6,7,6,59,13,46,6,6,9,8,18,12,28,5,24,33,7,10,9,7,6,8,8,15,14,33,7,4,20,6,8,17,6,20,7,61,8,132,21,40,0,12,17,69,48,27,10,13,86,10,10,19,26,64,12,6,31,8,26,10,7,11,30,12,9,9,59,104,6,26,31,7,18,15,9,18,26,7,14,60,30,17,8,12,2,42,46,34,52,7,108,19,55,133
72,20,103,20,6,4,6,25,5,21,24,21,8,6,45,3,4,4,16,21,10,98,4,26,18,4,9,18,25,4,4,17,5,6,53,13,50,17,17,5,6,31,23,17,18,34,42,6,3,20,6,17,4,5,27,24,22,6,15,21,14,4,28,16,30,13,50,4,112,33,52,12,0,28,62,43,37,21,24,97,2,3,19,38,72,4,6,42,4,28,4,19,6,18,24,6,4,54,120,10,16,20,6,29,27,5,30,14,12,3,64,41,5,5,3,12,54,32,47,64,16,123,30,68,116
73,8,71,8,24,24,24,4,23,8,8,8,32,31,28,26,24,25,13,8,19,67,31,8,11,25,20,11,8,24,24,11,25,23,71,19,38,12,11,25,25,7,5,44,12,13,14,24,27,8,23,12,24,24,5,8,49,24,13,27,14,24,2,12,7,17,78,26,149,6,30,17,28,0,83,66,26,8,5,65,28,26,23,20,64,28,24,27,25,32,26,10,26,46,6,24,25,76,91,20,45,48,22,8,6,26,2,41,18,30,53,18,34,25,30,17,36,60,28,34,12,100,6,41,140
74,82,155,76,67,63,63,84,62,82,86,79,58,59,97,64,62,63,74,81,69,149,56,79,78,60,66,78,86,65,62,77,60,64,14,68,106,73,75,64,64,85,82,43,74,96,101,65,62,77,62,77,63,60,88,86,40,66,78,80,72,62,87,77,87,74,20,64,57,88,113,69,62,83,0,24,98,80,85,148,57,60,64,100,132,60,67,99,64,63,60,80,60,52,79,61,64,12,168,67,43,41,64,88,84,63,90,43,67,54,116,96,54,60,61,72,118,34,101,122,71,174,88,133,60
75,56,134,55,48,44,39,62,43,57,60,54,35,35,76,41,46,44,48,55,46,131,44,58,51,44,47,54,57,44,44,50,44,43,14,50,87,52,51,47,39,67,56,28,52,71,78,46,39,57,44,54,46,46,64,57,34,45,52,53,50,45,62,52,66,47,22,43,78,72,84,48,43,66,24,0,74,58,57,135,45,38,37,69,106,45,48,78,41,40,43,52,36,51,58,37,39,14,151,46,30,27,43,63,65,47,64,34,48,41,104,80,41,42,42,44,91,37,78,100,52,165,64,101,84
76,26,61,25,32,33,33,26,34,26,34,25,40,38,52,35,35,34,24,25,27,59,42,32,24,34,28,24,35,34,35,23,34,31,82,25,67,22,24,36,36,33,26,52,22,38,30,32,37,25,31,25,35,34,30,33,58,31,25,20,27,35,26,23,34,28,90,34,161,30,56,27,37,26,98,74,0,26,26,55,35,35,34,8,84,37,31,53,34,33,36,27,35,56,28,33,34,84,78,29,54,60,32,34,32,33,24,51,27,38,81,45,41,34,36,25,64,66,52,42,28,84,30,50,154
77,1,80,1,15,16,16,5,17,1,9,1,23,22,28,19,17,16,6,1,12,79,24,9,4,16,12,3,9,18,16,4,16,15,67,18,38,4,4,17,18,10,4,35,10,14,24,16,20,1,15,4,17,17,7,9,40,16,6,24,7,18,8,4,10,8,73,18,135,13,31,10,21,8,80,58,26,0,4,77,19,19,24,18,62,20,14,28,18,31,19,3,19,37,3,18,17,66,94,11,35,38,16,10,7,18,9,34,9,24,56,21,25,16,21,9,37,54,30,44,5,107,10,46,142
78,4,72,4,18,20,20,1,20,4,9,4,28,26,28,20,21,20,9,4,15,78,28,8,7,19,15,7,9,20,21,7,20,19,66,17,40,7,7,20,20,8,1,41,9,13,18,20,23,4,19,7,21,20,6,9,43,19,9,24,10,20,5,7,8,11,76,22,135,10,32,13,24,5,85,57,26,4,0,68,22,22,24,18,61,26,19,29,21,32,22,6,23,41,3,20,22,76,97,15,41,45,18,9,6,20,6,37,13,28,55,19,28,20,23,13,38,54,28,40,8,102,7,44,139
79,72,4,72,85,95,86,72,86,76,69,77,101,91,52,92,94,94,80,72,87,4,96,70,80,90,89,76,72,91,91,77,90,86,134,86,42,81,74,94,88,64,73,113,75,62,50,90,88,75,92,78,93,86,66,68,116,89,77,75,78,88,67,78,64,78,144,88,213,62,43,86,97,65,148,135,55,77,68,0,96,96,91,55,38,92,93,54,93,90,92,74,91,115,69,90,92,141,22,83,113,112,87,63,68,96,62,108,82,97,35,55,101,94,97,82,40,120,48,32,79,30,62,27,218
80,20,92,20,5,3,4,23,4,20,22,20,10,8,40,5,2,3,14,20,9,96,5,23,16,3,8,17,24,3,3,16,4,4,59,16,48,16,16,3,8,29,24,17,15,34,42,4,6,20,4,16,2,3,26,22,22,4,15,23,14,2,26,16,28,12,51,2,120,32,48,10,2,28,57,45,35,19,22,96,0,5,21,36,69,2,4,41,4,28,2,17,9,19,23,8,3,53,115,8,17,22,5,30,26,2,29,15,10,4,60,40,7,3,2,11,53,34,46,62,15,122,30,70,114
81,18,94,18,8,6,3,24,6,20,23,18,5,4,40,1,6,6,14,19,8,96,6,22,16,6,7,16,22,5,6,16,6,6,52,11,50,15,15,8,3,29,22,17,14,32,39,9,1,19,5,15,6,7,24,22,23,8,14,18,12,6,26,16,28,12,54,6,122,31,49,10,3,26,60,38,35,19,22,96,5,0,16,36,70,7,8,41,2,25,6,16,4,21,21,3,2,50,113,8,19,22,6,29,26,8,28,15,10,5,64,41,7,6,6,11,56,34,45,63,14,118,29,68,120
82,22,90,23,24,21,19,24,22,24,30,22,12,13,49,16,20,21,22,23,16,94,20,30,21,20,22,20,32,20,22,20,21,22,49,9,61,20,21,22,13,30,22,20,14,36,41,24,15,22,21,23,22,22,30,32,26,23,22,14,25,21,24,20,30,26,56,22,124,30,56,19,19,23,64,37,34,24,24,91,21,16,0,32,89,23,24,50,16,8,22,24,13,29,26,14,18,53,117,23,21,24,22,32,29,24,25,18,25,20,77,39,17,20,20,20,58,36,51,60,26,122,29,63,125
83,17,61,18,32,34,34,18,33,18,25,18,41,38,48,36,33,33,23,17,27,63,41,25,21,34,30,21,27,33,35,21,34,31,80,24,55,20,21,32,35,25,19,56,20,32,24,33,36,19,32,21,33,34,23,27,60,33,22,20,24,34,17,21,25,25,92,32,146,22,48,26,38,20,100,69,8,18,18,55,36,36,32,0,80,38,32,47,33,32,37,20,37,57,20,36,34,90,83,29,51,57,33,26,24,34,17,52,27,42,71,38,40,33,37,25,53,70,44,38,21,87,24,42,160
84,62,40,66,68,65,66,64,64,64,54,66,71,70,36,68,66,67,62,66,71,40,77,57,66,69,66,64,53,66,65,65,64,64,120,78,24,64,66,67,73,56,61,90,72,51,56,68,67,60,64,66,70,69,55,56,92,68,63,92,59,64,64,66,54,61,121,70,185,58,34,64,72,64,132,106,84,62,61,38,69,70,89,80,0,72,68,34,66,97,69,64,75,86,62,71,70,122,50,61,85,89,68,56,58,68,64,80,64,70,10,46,74,67,72,70,26,99,35,46,63,54,55,38,185
85,22,94,21,6,5,6,25,6,22,26,21,12,10,45,6,4,5,15,20,11,96,3,24,17,5,10,18,24,4,5,18,5,6,59,18,50,18,18,4,9,31,24,17,18,33,42,6,7,20,6,18,4,5,28,26,21,6,16,25,14,4,30,18,31,13,49,4,120,35,54,12,4,28,60,45,37,20,26,92,2,7,23,38,72,0,6,44,6,31,2,18,10,19,23,9,5,58,117,10,17,20,6,32,28,4,29,14,12,4,64,44,6,5,2,13,56,33,48,66,17,127,31,66,119
86,15,91,15,1,3,6,20,3,15,18,15,13,12,37,7,3,3,10,16,8,92,9,20,12,3,4,12,18,3,3,13,3,2,58,19,46,12,12,2,11,25,18,21,12,29,38,1,8,15,4,12,3,2,22,20,28,1,10,26,9,3,24,12,24,7,57,3,125,27,44,6,6,24,67,48,31,14,19,93,4,8,24,32,68,6,0,38,7,32,5,13,12,24,18,10,6,58,115,4,22,26,2,25,22,3,23,20,6,8,56,38,10,3,6,7,52,40,41,59,11,119,26,66,116
87,29,58,28,39,40,40,27,38,28,21,29,48,46,1,40,38,40,28,28,34,55,47,19,27,40,34,32,19,39,38,30,39,37,88,47,11,31,32,40,38,19,28,57,38,15,22,40,42,28,37,28,40,39,23,20,65,39,29,50,28,42,30,31,20,30,94,38,166,24,8,31,42,27,99,78,53,28,29,54,41,41,50,47,34,44,38,0,38,58,42,28,40,62,26,41,41,93,77,36,60,64,39,19,22,38,29,59,33,45,29,10,50,38,44,33,13,72,4,20,27,85,21,25,156
88,18,98,18,7,5,2,21,4,17,21,17,6,5,40,1,4,4,12,16,6,94,8,22,14,4,6,14,21,4,5,15,4,6,53,12,47,14,14,7,4,25,20,20,13,30,38,8,2,17,4,14,5,6,24,20,24,8,12,19,10,5,25,14,27,10,52,4,122,29,46,8,4,25,64,41,34,18,21,93,4,2,16,33,66,6,7,38,0,26,5,15,5,22,20,4,2,50,109,8,19,23,5,28,24,7,24,18,8,6,59,40,9,4,5,9,54,34,46,63,13,121,26,64,118
89,29,90,30,32,29,26,30,30,31,41,31,19,20,59,24,29,28,30,32,24,94,27,39,31,28,30,27,39,29,30,30,29,30,52,14,71,29,30,32,22,39,30,21,22,45,38,33,25,30,28,32,30,31,35,40,26,34,30,14,32,30,29,29,37,33,56,29,124,34,62,26,28,32,63,40,33,31,32,90,28,25,8,32,97,31,32,58,26,0,30,33,20,38,34,22,26,50,114,32,21,24,29,40,35,32,31,22,34,27,84,48,26,29,30,26,71,37,60,62,32,117,38,67,125
90,20,96,20,5,3,4,25,4,19,24,20,11,9,40,5,2,4,15,19,9,97,5,22,16,3,8,17,23,3,3,16,4,4,60,17,48,17,16,3,9,30,24,18,15,33,41,4,7,19,5,16,2,3,26,24,21,4,14,24,14,2,28,16,28,12,50,3,121,31,48,10,4,26,60,43,36,19,22,92,2,6,22,37,69,2,5,42,5,30,0,17,10,19,22,9,4,57,119,9,18,20,4,28,26,2,27,14,10,4,61,40,6,4,2,12,53,35,46,60,15,126,29,67,112
91,3,78,3,13,15,13,7,14,3,8,3,20,20,28,16,15,14,3,3,9,79,22,8,2,15,10,4,8,14,14,4,15,12,61,17,37,4,4,15,16,12,6,35,11,16,24,13,17,3,13,2,16,14,9,8,39,14,4,25,4,15,11,4,12,6,73,15,140,16,33,7,19,10,80,52,27,3,6,74,17,16,24,20,64,18,13,28,15,33,17,0,16,35,5,16,15,69,96,9,34,39,12,12,9,15,11,32,7,20,54,25,23,15,19,7,38,51,30,48,3,108,13,51,128
92,20,99,20,12,9,6,25,9,19,23,20,4,3,42,5,9,10,14,19,9,93,8,23,16,9,11,17,23,9,10,16,9,10,50,11,52,16,16,12,2,28,22,17,15,34,44,12,4,19,9,16,9,11,26,23,23,12,14,16,13,9,27,17,29,14,53,9,122,31,50,11,6,26,60,36,35,19,23,91,9,4,13,37,75,10,12,40,5,20,10,16,0,19,23,2,6,50,113,13,18,21,10,29,26,11,29,15,13,7,68,41,6,9,9,11,55,35,44,60,16,126,29,67,116
93,40,121,40,24,23,22,43,23,40,44,39,19,17,60,21,21,23,34,38,29,115,14,44,36,22,26,35,44,22,22,34,23,24,66,29,70,34,36,21,21,46,40,24,35,52,63,24,21,38,24,36,22,22,46,42,21,24,34,35,32,22,45,35,50,31,32,22,98,50,70,30,18,46,52,51,56,37,41,115,19,21,29,57,86,19,24,62,22,38,19,35,19,0,42,21,21,65,135,27,23,25,24,47,45,21,47,16,28,16,81,57,13,23,18,30,77,17,68,80,34,144,47,82,101
94,4,76,3,18,19,20,3,18,3,6,3,27,26,25,22,20,19,8,4,14,74,28,6,6,20,15,6,6,20,20,6,19,18,66,20,38,6,7,19,21,7,3,40,12,10,19,19,21,3,18,6,20,20,4,6,46,18,8,27,9,21,5,6,7,11,78,20,136,11,29,12,24,6,79,58,28,3,3,69,23,21,26,20,62,23,18,26,20,34,22,5,23,42,0,20,20,73,96,14,41,44,18,7,4,21,6,36,12,26,54,19,28,20,23,12,36,53,26,40,7,99,8,47,134
95,18,95,18,11,8,5,23,8,18,21,18,6,4,42,4,8,9,13,17,7,97,7,22,15,8,10,15,22,8,8,15,8,9,51,10,48,14,15,10,1,26,21,20,14,32,40,12,3,18,8,14,8,10,23,21,24,11,12,15,12,8,24,14,28,13,56,8,120,31,47,9,6,24,61,37,33,18,20,90,8,3,14,36,71,9,10,41,4,22,9,16,2,21,20,0,5,49,118,11,20,22,8,27,24,10,26,16,12,7,64,40,8,8,8,10,51,37,42,59,13,123,28,67,123
96,17,95,17,6,4,2,22,3,18,22,18,7,5,39,2,4,4,12,18,6,94,7,21,14,4,6,15,20,3,4,14,3,4,51,12,50,14,14,6,5,27,21,20,13,32,40,7,2,18,3,15,4,5,23,21,24,6,12,21,12,4,26,14,26,10,54,4,119,30,48,9,4,25,64,39,34,17,22,92,3,2,18,34,70,5,6,41,2,26,4,15,6,21,20,5,0,51,116,6,20,23,4,26,24,6,25,16,8,6,62,40,9,4,4,9,54,37,45,61,13,127,27,68,117
97,67,140,67,59,52,52,72,56,70,71,71,47,48,88,53,52,53,62,67,58,145,52,74,65,52,59,65,69,57,55,68,54,55,4,60,95,64,63,56,52,77,70,38,66,84,91,58,50,69,56,64,53,54,72,73,43,59,65,64,63,56,80,68,78,60,33,57,69,84,104,59,54,76,12,14,84,66,76,141,53,50,53,90,122,58,58,93,50,50,57,69,50,65,73,49,51,0,168,55,39,36,58,80,77,58,76,48,60,50,106,93,50,56,56,60,108,45,91,113,66,180,80,116,67
98,101,21,97,113,118,114,98,109,99,98,92,123,118,76,116,118,112,105,96,113,20,122,89,101,117,105,96,95,111,112,99,116,107,165,101,69,104,100,114,110,89,92,128,99,83,72,113,121,97,118,103,110,118,87,96,137,114,103,104,107,113,94,104,84,108,177,110,224,81,66,104,120,91,168,151,78,94,97,22,115,113,117,83,50,117,115,77,109,114,119,96,113,135,96,118,116,168,0,108,134,135,109,90,95,112,90,125,102,114,57,74,127,112,116,106,60,148,71,52,102,30,84,48,234
99,12,89,11,4,5,6,16,5,12,15,11,14,11,34,7,6,6,6,11,8,88,12,16,8,6,2,8,16,6,6,8,5,4,60,19,43,8,8,6,10,22,14,25,11,24,33,5,9,11,4,8,6,6,18,15,31,5,6,27,5,6,20,8,21,4,61,6,125,26,42,6,10,20,67,46,29,11,15,83,8,8,23,29,61,10,4,36,8,32,9,9,13,27,14,11,6,55,108,0,26,30,4,20,19,6,20,23,2,12,56,32,15,6,9,5,48,40,38,54,7,111,21,60,131
100,38,118,37,21,20,21,42,20,38,40,36,14,16,61,19,20,20,32,35,26,109,14,42,34,19,26,32,41,20,20,34,21,22,40,28,68,34,34,20,18,46,38,1,34,51,61,21,18,37,22,33,20,19,44,40,5,21,32,34,31,20,43,32,44,30,36,19,96,50,66,26,16,45,43,30,54,35,41,113,17,19,21,51,85,17,22,60,19,21,18,34,18,23,41,20,20,39,134,26,0,4,22,45,44,19,47,7,28,14,75,56,12,19,16,29,71,17,63,76,30,140,46,81,100
101,41,117,42,26,24,24,45,25,38,45,40,17,19,60,22,22,24,36,40,28,114,17,42,35,24,28,35,46,24,24,36,24,25,38,32,71,36,37,23,24,48,43,4,37,53,60,24,21,40,26,37,23,24,46,44,6,24,36,38,33,22,48,38,51,34,32,22,100,54,70,31,20,48,41,27,60,38,45,112,22,22,24,57,89,20,26,64,23,24,20,39,21,25,44,22,23,36,135,30,4,0,24,48,48,22,48,10,30,18,79,59,14,24,19,31,73,13,66,80,36,149,48,88,100
102,15,88,16,2,2,4,19,2,15,19,16,10,9,39,5,2,2,10,15,6,98,9,20,12,2,4,12,20,2,2,12,2,1,56,17,45,12,12,2,9,25,18,22,11,28,36,3,6,15,2,12,3,2,21,20,28,3,10,25,9,2,23,12,25,8,58,2,120,27,44,7,6,22,64,43,32,16,18,87,5,6,22,33,68,6,2,39,5,29,4,12,10,24,18,8,4,58,109,4,22,24,0,26,22,3,24,19,6,8,56,37,10,2,6,6,48,36,42,60,11,117,24,64,123
103,10,66,10,26,26,24,10,25,10,6,10,33,30,19,28,26,25,15,10,21,68,33,6,14,25,21,13,6,26,27,13,27,25,75,27,30,13,14,26,26,1,9,46,19,5,13,25,29,10,26,14,28,26,4,6,50,24,16,32,16,28,10,13,1,18,84,26,150,5,23,18,29,8,88,63,34,10,9,63,30,29,32,26,56,32,25,19,28,40,28,12,29,47,7,27,26,80,90,20,45,48,26,0,4,26,10,42,18,31,46,13,36,27,30,18,29,59,20,35,15,92,3,38,152
104,7,74,7,22,22,23,6,22,6,3,7,28,29,24,25,23,23,12,7,18,69,31,3,10,24,18,9,3,24,23,10,24,23,75,22,32,10,10,24,24,3,6,42,15,8,16,23,24,7,21,10,24,22,1,3,48,23,12,31,13,24,7,10,4,14,76,24,139,7,26,15,27,6,84,65,32,7,6,68,26,26,29,24,58,28,22,22,24,35,26,9,26,45,4,24,24,77,95,19,44,48,22,4,0,23,7,40,17,30,52,15,32,23,28,14,32,58,24,36,12,93,4,41,143
105,18,96,18,3,2,5,23,2,17,21,18,12,10,40,7,2,2,13,18,8,100,6,22,14,3,6,15,23,3,2,15,3,3,56,18,50,14,14,1,10,26,20,18,13,30,41,2,8,18,3,14,2,1,24,22,24,2,12,26,12,2,26,14,28,10,52,2,116,30,49,9,5,26,63,47,33,18,20,96,2,8,24,34,68,4,3,38,7,32,2,15,11,21,21,10,6,58,112,6,19,22,3,26,23,0,27,17,9,6,58,41,8,2,4,10,50,35,42,62,13,121,27,66,118
106,9,69,9,24,24,24,4,26,8,10,9,33,29,30,27,27,26,14,9,19,70,32,10,12,26,21,12,10,25,24,12,24,23,78,17,42,13,12,25,25,9,5,46,13,15,14,25,28,9,23,12,26,26,6,10,50,25,15,23,16,25,1,12,9,17,84,26,140,6,31,18,30,2,90,64,24,9,6,62,29,28,25,17,64,29,23,29,24,31,27,11,29,47,6,26,25,76,90,20,47,48,24,10,7,27,0,42,18,30,54,19,34,24,29,17,40,61,30,35,14,92,8,40,139
107,34,113,35,20,18,18,38,19,34,37,36,11,12,56,16,16,18,29,35,23,116,10,38,30,18,22,32,36,17,18,32,17,20,50,26,62,30,30,17,16,43,37,7,30,50,57,18,16,34,18,31,17,18,42,38,8,19,28,30,28,17,42,31,42,27,37,18,108,46,66,26,14,41,43,34,51,34,37,108,15,15,18,52,80,14,20,59,18,22,14,32,15,16,36,16,16,48,125,23,7,10,19,42,40,17,42,0,25,11,74,56,9,17,14,25,69,19,58,76,30,135,44,80,100
108,9,90,10,6,7,7,14,7,10,14,10,14,12,31,9,8,7,4,9,9,85,14,14,6,7,3,7,14,8,8,6,7,6,63,18,42,6,6,8,12,20,14,28,11,24,30,6,9,9,6,6,8,7,16,14,32,7,4,26,3,8,17,6,18,2,63,8,132,24,41,7,12,18,67,48,27,9,13,82,10,10,25,27,64,12,6,33,8,34,10,7,13,28,12,12,8,60,102,2,28,30,6,18,17,9,18,25,0,14,52,30,16,8,12,6,47,45,34,52,5,119,20,58,121
109,22,96,24,8,7,7,28,7,23,26,22,9,6,48,6,6,6,18,22,12,97,1,27,19,7,12,19,26,6,7,20,7,8,53,16,53,19,20,6,6,34,26,14,20,37,46,8,5,23,8,19,6,6,28,26,19,8,18,22,17,6,30,20,34,15,51,6,112,37,55,14,3,30,54,41,38,24,28,97,4,5,20,42,70,4,8,45,6,27,4,20,7,16,26,7,6,50,114,12,14,18,8,31,30,6,30,11,14,0,66,44,3,7,3,14,57,28,50,68,18,123,32,69,108
110,56,38,57,56,56,58,53,57,54,49,56,66,62,28,64,61,56,56,54,60,37,63,45,56,55,54,59,47,60,59,56,60,56,110,75,16,61,60,58,64,47,58,80,66,44,49,56,60,57,57,57,58,56,51,46,84,56,57,77,53,61,56,59,46,56,109,59,169,53,25,60,64,53,116,104,81,56,55,35,60,64,77,71,10,64,56,29,59,84,61,54,68,81,54,64,62,106,57,56,75,79,56,46,52,58,54,74,52,66,0,38,64,54,61,59,18,96,27,35,54,61,47,30,178
111,22,58,22,38,39,38,18,38,21,18,21,46,43,11,40,38,38,26,23,32,54,47,18,26,38,33,25,18,39,38,25,37,36,90,37,22,26,26,38,39,13,19,60,27,8,13,39,40,22,37,24,41,39,16,18,64,38,26,41,30,40,19,25,13,30,97,38,160,14,13,30,41,18,96,80,45,21,19,55,40,41,39,38,46,44,38,10,40,48,40,25,41,57,19,40,40,93,74,32,56,59,37,13,15,41,19,56,30,44,38,0,45,37,41,32,20,73,11,21,26,82,12,28,162
112,26,101,27,10,10,10,30,10,26,29,26,6,4,48,8,8,9,21,24,14,105,3,29,22,9,13,23,30,9,10,22,9,11,54,18,54,23,23,8,8,34,28,12,22,39,48,10,7,25,11,22,8,9,32,29,16,10,20,23,20,8,33,23,36,17,47,8,113,41,55,17,5,34,54,41,41,25,28,101,7,7,17,40,74,6,10,50,9,26,6,23,6,13,28,8,9,50,127,15,12,14,10,36,32,8,34,9,16,3,64,45,0,9,5,18,63,29,50,71,20,128,36,76,115
113,16,90,16,3,1,4,20,1,16,21,16,10,9,38,4,1,1,11,17,6,90,8,20,13,1,5,14,21,1,1,14,1,2,59,15,45,13,14,3,8,25,20,21,13,31,38,3,6,17,2,14,1,2,23,20,25,3,12,23,10,1,25,13,26,9,53,1,124,29,46,8,5,25,60,42,34,16,20,94,3,6,20,33,67,5,3,38,4,29,4,15,9,23,20,8,4,56,112,6,19,24,2,27,23,2,24,17,8,7,54,37,9,0,5,8,52,36,42,59,12,117,27,62,122
114,20,94,20,6,4,6,24,5,21,24,21,10,8,44,5,4,4,15,21,10,102,4,26,17,4,9,17,26,4,4,18,5,6,57,16,49,17,17,4,8,29,24,16,17,33,43,5,5,22,6,18,4,4,28,24,21,6,15,23,14,4,28,18,30,13,50,4,122,35,52,12,3,30,61,42,36,21,23,97,2,6,20,37,72,2,6,44,5,30,2,19,9,18,23,8,4,56,116,9,16,19,6,30,28,4,29,14,12,3,61,41,5,5,0,12,58,32,48,62,16,128,32,66,112
115,9,90,9,7,8,8,13,8,9,12,9,14,13,31,10,9,8,4,9,4,86,15,12,6,8,4,6,13,8,8,6,8,6,55,14,44,6,5,9,9,18,12,28,6,22,31,7,10,9,7,6,9,8,15,12,33,8,4,22,6,9,17,6,18,6,66,9,126,22,38,2,12,17,72,44,25,9,13,82,11,11,20,25,70,13,7,33,9,26,12,7,11,30,12,10,9,60,106,5,29,31,6,18,14,10,17,25,6,14,59,32,18,8,12,0,46,42,36,51,6,113,19,60,130
116,38,44,38,49,54,49,37,50,38,33,36,59,59,13,51,55,50,39,37,45,44,60,33,38,54,49,40,33,54,54,41,49,51,102,57,5,38,41,52,52,30,38,72,46,24,34,52,55,38,50,37,50,51,33,31,79,52,41,62,41,55,39,41,30,42,110,51,170,32,7,42,54,36,118,91,64,37,38,40,53,56,58,53,26,56,52,13,54,71,53,38,55,77,36,51,54,108,60,48,71,73,48,29,32,50,40,69,47,57,18,20,63,52,58,46,0,85,10,18,38,68,31,14,171
117,55,124,53,38,36,37,59,36,55,56,52,28,31,74,36,34,38,47,54,40,134,28,56,50,36,41,50,57,36,35,50,36,39,50,45,84,47,50,37,36,61,58,16,46,65,75,36,35,53,37,52,36,36,59,57,12,38,49,49,47,36,59,51,61,46,20,36,83,64,80,46,32,60,34,37,66,54,54,120,34,34,36,70,99,33,40,72,34,37,35,51,35,17,53,37,37,45,148,40,17,13,36,59,58,35,61,19,45,28,96,73,29,36,32,42,85,0,80,94,50,163,64,96,81
118,28,52,28,41,43,44,28,41,29,22,27,52,46,4,45,42,41,30,29,39,51,51,22,30,44,38,33,23,42,42,32,44,42,95,48,11,31,32,42,45,21,28,61,38,16,23,40,47,29,40,30,43,44,23,23,64,44,32,51,32,45,29,32,20,35,100,44,169,24,4,34,47,28,101,78,52,30,28,48,46,45,51,44,35,48,41,4,46,60,46,30,44,68,26,42,45,91,71,38,63,66,42,20,24,42,30,58,34,50,27,11,50,42,48,36,10,80,0,17,30,76,21,23,167
119,44,34,44,60,58,58,40,62,42,41,42,69,66,21,64,63,59,50,45,57,35,68,39,48,62,57,45,40,58,58,49,58,57,107,53,20,49,47,58,64,34,41,76,46,32,21,60,62,44,57,49,61,62,37,40,88,56,48,46,51,62,35,45,34,49,119,59,174,32,14,52,64,34,122,100,42,44,40,32,62,63,60,38,46,66,59,20,63,62,60,48,60,80,40,59,61,113,52,54,76,80,60,35,36,62,35,76,52,68,35,21,71,59,62,51,18,94,17,0,50,58,33,8,172
120,5,86,5,11,12,12,9,12,5,9,5,20,18,29,14,13,12,4,5,10,85,20,9,4,12,8,6,9,12,12,6,12,11,64,19,38,5,5,13,13,14,8,31,12,19,26,12,14,5,11,3,12,12,11,9,36,12,4,28,2,14,13,6,14,4,68,13,133,18,34,7,16,12,71,52,28,5,8,79,15,14,26,21,63,17,11,27,13,32,15,3,16,34,7,13,13,66,102,7,30,36,11,15,12,13,14,30,5,18,54,26,20,12,16,6,38,50,30,50,0,111,15,53,127
121,109,27,108,117,125,115,104,124,108,104,103,132,128,84,122,122,114,114,106,116,26,126,97,111,124,120,112,102,119,121,106,119,117,172,115,75,104,112,119,124,98,99,137,106,88,82,117,125,107,120,106,120,125,98,96,149,114,111,108,110,123,93,108,90,110,183,119,231,90,74,108,123,100,174,165,84,107,102,30,122,118,122,87,54,127,119,85,121,117,126,108,126,144,99,123,127,180,30,111,140,149,117,92,93,121,92,135,119,123,61,82,128,117,128,113,68,163,76,58,111,0,90,55,237
122,11,65,10,26,26,26,7,27,10,7,10,35,33,22,30,27,26,16,10,21,65,34,6,14,26,22,14,6,28,26,13,26,25,78,23,34,14,14,28,27,2,7,46,16,7,12,26,27,10,26,13,28,27,4,6,50,26,16,32,16,27,7,14,2,18,81,26,140,4,24,19,30,6,88,64,30,10,7,62,30,29,29,24,55,31,26,21,26,38,29,13,29,47,8,28,27,80,84,21,46,48,24,3,4,27,8,44,20,32,47,12,36,27,32,19,31,64,21,33,15,90,0,39,151
123,47,30,50,61,68,64,43,67,48,46,50,72,68,26,66,66,68,56,50,57,31,74,46,52,63,61,51,42,66,64,50,62,66,111,56,19,51,52,66,64,41,44,82,51,36,28,63,69,51,61,52,64,68,44,43,89,62,51,51,54,63,41,51,38,59,118,64,179,36,19,55,68,41,133,101,50,46,44,27,70,68,63,42,38,66,66,25,64,67,67,51,67,82,47,67,68,116,48,60,81,88,64,38,41,66,40,80,58,69,30,28,76,62,66,60,14,96,23,8,53,55,39,0,181
124,139,210,141,123,125,125,135,116,139,140,135,112,111,164,116,119,123,128,139,127,209,118,139,139,124,130,130,136,122,119,129,124,121,71,125,169,129,128,116,114,140,145,102,138,143,159,120,112,142,118,139,125,126,145,146,92,122,133,133,136,119,148,134,148,127,68,120,1,148,168,133,116,140,60,84,154,142,139,218,114,120,125,160,185,119,116,156,118,125,112,128,116,101,134,123,117,67,234,131,100,100,123,152,143,118,139,100,121,108,178,162,115,122,112,130,171,81,167,172,127,237,151,181,0
